customer_id,signup_date,snapshot_date,tenure_months,country,industry,company_size,subscription_plan,contract_type,monthly_revenue,auto_renew
CUST_000001,2025-12-22,2026-06-30,6,United States,Finance,Enterprise,Business,Annual,258.89,1
CUST_000002,2022-08-11,2026-06-30,46,United Kingdom,Technology,Enterprise,Business,Annual,250.88,1
CUST_000003,2023-03-14,2026-06-30,39,Germany,Finance,Mid-Market,Pro,Monthly,105.46,1
CUST_000004,2024-04-04,2026-06-30,26,United States,Manufacturing,Small,Pro,Monthly,96.48,1
CUST_000005,2024-04-14,2026-06-30,26,United States,Healthcare,Small,Basic,Monthly,48.95,0
CUST_000006,2022-03-12,2026-06-30,51,Canada,Technology,Small,Pro,Monthly,97.62,0
CUST_000007,2025-12-28,2026-06-30,6,Australia,Finance,Small,Business,Annual,274.11,1
CUST_000008,2022-12-27,2026-06-30,42,United Kingdom,Professional Services,Enterprise,Pro,Monthly,95.87,1
CUST_000009,2025-06-04,2026-06-30,12,Germany,Healthcare,Mid-Market,Business,Annual,265.03,1
CUST_000010,2025-12-13,2026-06-30,6,Canada,Healthcare,Mid-Market,Basic,Monthly,45.66,1
CUST_000011,2023-10-29,2026-06-30,32,United States,Technology,Small,Basic,Annual,49.25,1
CUST_000012,2021-08-14,2026-06-30,58,United Kingdom,Finance,Small,Basic,Annual,48.56,1
CUST_000013,2022-10-19,2026-06-30,44,United States,Manufacturing,Enterprise,Business,Monthly,236.29,0
CUST_000014,2022-09-03,2026-06-30,45,Germany,Manufacturing,Small,Pro,Annual,95.71,1
CUST_000015,2022-11-21,2026-06-30,43,United States,Healthcare,Small,Pro,Annual,101.49,1
CUST_000016,2022-07-21,2026-06-30,47,United States,Professional Services,Mid-Market,Business,Annual,244.81,1
CUST_000017,2023-11-22,2026-06-30,31,Canada,Finance,Mid-Market,Business,Annual,236.98,0
CUST_000018,2025-10-14,2026-06-30,8,Canada,Professional Services,Small,Pro,Annual,103.44,1
CUST_000019,2022-04-15,2026-06-30,50,United Kingdom,Technology,Small,Pro,Monthly,98.9,1
CUST_000020,2024-03-14,2026-06-30,27,Canada,Finance,Mid-Market,Business,Monthly,253.12,1
CUST_000021,2023-12-15,2026-06-30,30,India,Professional Services,Enterprise,Enterprise,Annual,631.74,1
CUST_000022,2024-08-04,2026-06-30,22,Australia,Professional Services,Small,Basic,Annual,52.79,1
CUST_000023,2025-07-08,2026-06-30,11,India,Manufacturing,Mid-Market,Business,Monthly,220.54,1
CUST_000024,2021-11-10,2026-06-30,55,United Kingdom,Retail,Small,Basic,Monthly,48.74,1
CUST_000025,2022-07-29,2026-06-30,47,United Kingdom,Manufacturing,Mid-Market,Pro,Annual,90.7,1
CUST_000026,2023-04-02,2026-06-30,38,United Kingdom,Manufacturing,Mid-Market,Business,Annual,282.94,1
CUST_000027,2024-06-08,2026-06-30,24,Canada,Finance,Mid-Market,Enterprise,Annual,603.51,1
CUST_000028,2022-05-16,2026-06-30,49,United States,Healthcare,Mid-Market,Enterprise,Annual,628.15,1
CUST_000029,2023-09-25,2026-06-30,33,United Kingdom,Retail,Small,Basic,Monthly,47.46,1
CUST_000030,2024-03-27,2026-06-30,27,United States,Retail,Small,Basic,Monthly,48.13,1
CUST_000031,2024-03-14,2026-06-30,27,United States,Professional Services,Mid-Market,Pro,Annual,104.44,1
CUST_000032,2025-04-19,2026-06-30,14,India,Healthcare,Small,Pro,Monthly,101.55,1
CUST_000033,2025-12-17,2026-06-30,6,United States,Technology,Mid-Market,Business,Annual,269.89,1
CUST_000034,2023-09-09,2026-06-30,33,United Kingdom,Technology,Small,Pro,Monthly,94.87,1
CUST_000035,2022-01-19,2026-06-30,53,United Kingdom,Professional Services,Small,Business,Annual,246.29,1
CUST_000036,2026-02-06,2026-06-30,4,United States,Technology,Mid-Market,Pro,Monthly,101.54,1
CUST_000037,2022-03-13,2026-06-30,51,India,Professional Services,Small,Basic,Monthly,50.63,1
CUST_000038,2022-05-07,2026-06-30,49,United States,Technology,Enterprise,Enterprise,Annual,611.56,1
CUST_000039,2025-01-20,2026-06-30,17,India,Finance,Small,Basic,Monthly,45.76,0
CUST_000040,2023-04-24,2026-06-30,38,Germany,Manufacturing,Small,Basic,Monthly,46.69,1
CUST_000041,2025-08-08,2026-06-30,10,United States,Healthcare,Small,Basic,Annual,49.84,0
CUST_000042,2022-09-09,2026-06-30,45,United States,Professional Services,Small,Basic,Monthly,45.22,1
CUST_000043,2022-12-21,2026-06-30,42,United States,Technology,Mid-Market,Enterprise,Monthly,572.46,0
CUST_000044,2024-09-02,2026-06-30,21,United States,Healthcare,Small,Basic,Annual,49.09,1
CUST_000045,2026-01-30,2026-06-30,4,United States,Retail,Small,Basic,Monthly,47.1,0
CUST_000046,2021-08-23,2026-06-30,58,India,Professional Services,Enterprise,Enterprise,Annual,605.87,1
CUST_000047,2024-03-22,2026-06-30,27,United States,Technology,Small,Basic,Annual,48.78,1
CUST_000048,2022-01-09,2026-06-30,53,Australia,Finance,Small,Pro,Monthly,95.1,1
CUST_000049,2023-01-31,2026-06-30,40,United States,Retail,Enterprise,Enterprise,Annual,576.1,1
CUST_000050,2022-08-03,2026-06-30,46,India,Professional Services,Mid-Market,Pro,Monthly,105.33,1
CUST_000051,2022-09-05,2026-06-30,45,United States,Professional Services,Small,Basic,Monthly,49.94,0
CUST_000052,2025-06-16,2026-06-30,12,Canada,Professional Services,Enterprise,Pro,Monthly,100.22,0
CUST_000053,2024-08-16,2026-06-30,22,United Kingdom,Healthcare,Small,Basic,Monthly,49.13,1
CUST_000054,2024-02-14,2026-06-30,28,United States,Retail,Small,Basic,Annual,46.78,1
CUST_000055,2023-12-20,2026-06-30,30,Australia,Professional Services,Small,Basic,Annual,47.62,1
CUST_000056,2026-03-14,2026-06-30,3,United States,Professional Services,Enterprise,Business,Annual,219.11,1
CUST_000057,2023-09-23,2026-06-30,33,United Kingdom,Manufacturing,Small,Pro,Annual,95.85,1
CUST_000058,2025-08-28,2026-06-30,10,United Kingdom,Manufacturing,Mid-Market,Pro,Monthly,95.93,0
CUST_000059,2022-10-05,2026-06-30,44,United Kingdom,Professional Services,Small,Basic,Monthly,50.34,1
CUST_000060,2023-01-21,2026-06-30,41,United States,Technology,Small,Basic,Monthly,47.52,1
CUST_000061,2021-11-18,2026-06-30,55,United States,Finance,Enterprise,Enterprise,Annual,622.54,1
CUST_000062,2022-10-03,2026-06-30,44,United States,Professional Services,Enterprise,Business,Annual,245.77,1
CUST_000063,2024-08-11,2026-06-30,22,United States,Healthcare,Small,Basic,Monthly,49.36,0
CUST_000064,2021-08-29,2026-06-30,58,United States,Technology,Small,Business,Monthly,248.61,1
CUST_000065,2024-05-24,2026-06-30,25,India,Healthcare,Mid-Market,Business,Annual,257.71,0
CUST_000066,2024-10-24,2026-06-30,20,Canada,Retail,Small,Pro,Annual,104.97,1
CUST_000067,2021-12-18,2026-06-30,54,United Kingdom,Professional Services,Small,Pro,Monthly,94.11,0
CUST_000068,2024-08-05,2026-06-30,22,United States,Manufacturing,Small,Basic,Monthly,53.31,1
CUST_000069,2026-01-14,2026-06-30,5,United States,Technology,Enterprise,Business,Monthly,238.33,1
CUST_000070,2024-02-09,2026-06-30,28,Canada,Healthcare,Small,Basic,Monthly,48.55,0
CUST_000071,2022-07-03,2026-06-30,47,United States,Technology,Small,Pro,Monthly,96.38,1
CUST_000072,2025-06-25,2026-06-30,12,United States,Professional Services,Small,Business,Annual,267.77,1
CUST_000073,2024-02-21,2026-06-30,28,Canada,Technology,Small,Pro,Monthly,93.75,0
CUST_000074,2025-10-10,2026-06-30,8,Canada,Retail,Small,Basic,Annual,50.76,1
CUST_000075,2023-01-15,2026-06-30,41,India,Retail,Small,Pro,Monthly,88.07,0
CUST_000076,2024-01-29,2026-06-30,29,United States,Retail,Mid-Market,Business,Annual,259.13,1
CUST_000077,2024-10-16,2026-06-30,20,Canada,Retail,Small,Basic,Monthly,48.53,1
CUST_000078,2025-04-19,2026-06-30,14,United States,Manufacturing,Small,Basic,Monthly,48.08,1
CUST_000079,2023-08-22,2026-06-30,34,United States,Retail,Enterprise,Business,Annual,240.39,1
CUST_000080,2023-02-14,2026-06-30,40,Germany,Technology,Small,Basic,Monthly,48.84,0
CUST_000081,2021-10-17,2026-06-30,56,United States,Finance,Small,Pro,Monthly,97.24,1
CUST_000082,2024-04-07,2026-06-30,26,United Kingdom,Healthcare,Small,Basic,Monthly,45.35,1
CUST_000083,2025-08-16,2026-06-30,10,Canada,Finance,Mid-Market,Business,Annual,239.23,1
CUST_000084,2022-04-28,2026-06-30,50,United States,Manufacturing,Mid-Market,Pro,Monthly,102.95,0
CUST_000085,2023-04-27,2026-06-30,38,India,Finance,Mid-Market,Pro,Annual,97.01,1
CUST_000086,2022-12-22,2026-06-30,42,Canada,Professional Services,Mid-Market,Business,Annual,239.16,1
CUST_000087,2025-12-08,2026-06-30,6,Australia,Technology,Small,Basic,Annual,49.11,1
CUST_000088,2024-11-17,2026-06-30,19,Canada,Manufacturing,Enterprise,Enterprise,Annual,613.63,1
CUST_000089,2022-08-22,2026-06-30,46,India,Technology,Small,Pro,Annual,102.22,1
CUST_000090,2022-04-29,2026-06-30,50,United States,Healthcare,Small,Pro,Monthly,100.67,0
CUST_000091,2024-04-10,2026-06-30,26,Canada,Finance,Small,Basic,Monthly,51.96,0
CUST_000092,2022-06-17,2026-06-30,48,Germany,Retail,Small,Pro,Annual,99.24,0
CUST_000093,2022-04-12,2026-06-30,50,United States,Technology,Small,Basic,Annual,48.42,1
CUST_000094,2024-07-05,2026-06-30,23,United States,Manufacturing,Small,Pro,Annual,103.32,1
CUST_000095,2021-12-31,2026-06-30,53,India,Retail,Mid-Market,Business,Annual,240.18,0
CUST_000096,2024-12-30,2026-06-30,17,United Kingdom,Professional Services,Mid-Market,Basic,Monthly,48.01,1
CUST_000097,2025-03-27,2026-06-30,15,Germany,Manufacturing,Mid-Market,Business,Monthly,229.17,1
CUST_000098,2023-01-22,2026-06-30,41,United Kingdom,Retail,Small,Pro,Monthly,107.98,1
CUST_000099,2023-04-15,2026-06-30,38,Australia,Professional Services,Small,Basic,Monthly,54.11,1
CUST_000100,2025-09-23,2026-06-30,9,India,Technology,Mid-Market,Business,Annual,246.82,1
CUST_000101,2022-04-28,2026-06-30,50,United Kingdom,Retail,Small,Pro,Monthly,102.78,0
CUST_000102,2025-06-07,2026-06-30,12,United States,Finance,Small,Basic,Monthly,50.71,1
CUST_000103,2022-06-17,2026-06-30,48,United States,Manufacturing,Small,Basic,Monthly,49.46,1
CUST_000104,2026-05-18,2026-06-30,1,United Kingdom,Technology,Small,Pro,Monthly,105.02,0
CUST_000105,2022-07-01,2026-06-30,47,Australia,Healthcare,Small,Basic,Monthly,45.9,0
CUST_000106,2022-07-19,2026-06-30,47,Canada,Retail,Mid-Market,Pro,Monthly,98.09,0
CUST_000107,2022-07-31,2026-06-30,46,United States,Healthcare,Mid-Market,Business,Annual,223.02,1
CUST_000108,2023-02-23,2026-06-30,40,United States,Technology,Enterprise,Enterprise,Annual,568.72,1
CUST_000109,2024-02-05,2026-06-30,28,Canada,Healthcare,Small,Pro,Monthly,90.95,0
CUST_000110,2022-12-13,2026-06-30,42,Australia,Professional Services,Small,Pro,Monthly,89.9,1
CUST_000111,2025-01-19,2026-06-30,17,United States,Technology,Mid-Market,Business,Annual,242.83,1
CUST_000112,2022-07-30,2026-06-30,47,United Kingdom,Finance,Small,Basic,Monthly,49.89,1
CUST_000113,2023-09-07,2026-06-30,33,Germany,Professional Services,Small,Basic,Monthly,47.37,0
CUST_000114,2024-02-28,2026-06-30,28,India,Professional Services,Mid-Market,Business,Annual,242.21,1
CUST_000115,2023-12-06,2026-06-30,30,United States,Technology,Small,Basic,Monthly,47.2,0
CUST_000116,2023-08-15,2026-06-30,34,India,Healthcare,Small,Enterprise,Annual,603.2,0
CUST_000117,2026-03-26,2026-06-30,3,United Kingdom,Technology,Small,Basic,Monthly,47.52,0
CUST_000118,2025-09-23,2026-06-30,9,Germany,Professional Services,Mid-Market,Basic,Monthly,46.53,1
CUST_000119,2025-03-17,2026-06-30,15,United States,Healthcare,Small,Pro,Annual,103.61,1
CUST_000120,2025-11-07,2026-06-30,7,Canada,Healthcare,Small,Basic,Monthly,46.86,0
CUST_000121,2024-04-02,2026-06-30,26,United Kingdom,Finance,Small,Basic,Monthly,45.88,1
CUST_000122,2023-02-17,2026-06-30,40,United States,Retail,Mid-Market,Enterprise,Annual,621.16,1
CUST_000123,2023-03-14,2026-06-30,39,Canada,Technology,Enterprise,Enterprise,Annual,548.57,1
CUST_000124,2024-02-06,2026-06-30,28,United Kingdom,Manufacturing,Enterprise,Business,Monthly,264.31,1
CUST_000125,2022-03-19,2026-06-30,51,United Kingdom,Healthcare,Mid-Market,Pro,Monthly,93.92,0
CUST_000126,2023-08-21,2026-06-30,34,United States,Retail,Small,Basic,Monthly,49.2,1
CUST_000127,2026-01-09,2026-06-30,5,Canada,Professional Services,Small,Basic,Monthly,46.56,0
CUST_000128,2022-08-27,2026-06-30,46,United States,Technology,Small,Basic,Monthly,49.03,0
CUST_000129,2023-08-04,2026-06-30,34,India,Technology,Small,Basic,Monthly,47.72,1
CUST_000130,2023-04-18,2026-06-30,38,India,Healthcare,Mid-Market,Business,Annual,236.77,1
CUST_000131,2023-08-21,2026-06-30,34,United States,Manufacturing,Small,Basic,Monthly,45.07,1
CUST_000132,2023-09-11,2026-06-30,33,United States,Technology,Enterprise,Enterprise,Annual,582.8,1
CUST_000133,2025-12-20,2026-06-30,6,United States,Manufacturing,Small,Basic,Monthly,50.16,0
CUST_000134,2023-09-01,2026-06-30,33,Canada,Healthcare,Mid-Market,Business,Monthly,257.4,0
CUST_000135,2022-07-05,2026-06-30,47,India,Retail,Enterprise,Enterprise,Annual,577.48,0
CUST_000136,2024-12-02,2026-06-30,18,Canada,Retail,Small,Basic,Monthly,47.25,1
CUST_000137,2023-06-14,2026-06-30,36,United States,Technology,Mid-Market,Business,Annual,246.83,1
CUST_000138,2026-04-06,2026-06-30,2,United States,Technology,Mid-Market,Pro,Monthly,99.01,0
CUST_000139,2024-09-15,2026-06-30,21,United States,Manufacturing,Mid-Market,Business,Annual,248.96,1
CUST_000140,2024-04-08,2026-06-30,26,Australia,Healthcare,Mid-Market,Business,Annual,243.6,1
CUST_000141,2021-08-01,2026-06-30,58,United Kingdom,Retail,Small,Basic,Monthly,48.1,1
CUST_000142,2025-05-11,2026-06-30,13,United Kingdom,Professional Services,Small,Basic,Monthly,48.3,0
CUST_000143,2025-01-20,2026-06-30,17,United States,Technology,Mid-Market,Enterprise,Annual,526.67,1
CUST_000144,2024-05-28,2026-06-30,25,India,Healthcare,Mid-Market,Pro,Monthly,96.99,0
CUST_000145,2021-07-15,2026-06-30,59,United States,Finance,Mid-Market,Pro,Annual,102.87,1
CUST_000146,2022-03-22,2026-06-30,51,Australia,Technology,Small,Pro,Monthly,105.9,0
CUST_000147,2026-03-30,2026-06-30,3,India,Professional Services,Small,Basic,Monthly,51.88,0
CUST_000148,2025-04-07,2026-06-30,14,Canada,Professional Services,Small,Pro,Annual,99.45,1
CUST_000149,2022-05-18,2026-06-30,49,India,Finance,Enterprise,Business,Annual,234.2,1
CUST_000150,2026-02-16,2026-06-30,4,United States,Professional Services,Small,Pro,Monthly,96.29,0
CUST_000151,2022-03-18,2026-06-30,51,United Kingdom,Technology,Small,Basic,Monthly,47.13,1
CUST_000152,2025-01-11,2026-06-30,17,United States,Professional Services,Small,Basic,Monthly,45.55,0
CUST_000153,2021-11-26,2026-06-30,55,Canada,Professional Services,Small,Pro,Monthly,94.34,0
CUST_000154,2024-12-20,2026-06-30,18,United States,Technology,Small,Basic,Monthly,47.21,1
CUST_000155,2024-04-12,2026-06-30,26,United States,Retail,Mid-Market,Pro,Annual,92.1,1
CUST_000156,2023-02-28,2026-06-30,40,United States,Manufacturing,Small,Pro,Annual,103.62,1
CUST_000157,2025-10-17,2026-06-30,8,United States,Finance,Small,Basic,Monthly,50.49,1
CUST_000158,2023-09-05,2026-06-30,33,United Kingdom,Finance,Small,Basic,Monthly,48.88,1
CUST_000159,2023-12-07,2026-06-30,30,Canada,Retail,Small,Pro,Monthly,100.89,1
CUST_000160,2022-07-24,2026-06-30,47,United States,Technology,Mid-Market,Enterprise,Annual,608.16,1
CUST_000161,2021-07-08,2026-06-30,59,India,Technology,Enterprise,Business,Annual,239.87,1
CUST_000162,2023-02-24,2026-06-30,40,India,Technology,Mid-Market,Business,Annual,271.4,1
CUST_000163,2024-05-27,2026-06-30,25,United States,Manufacturing,Enterprise,Enterprise,Annual,575.98,0
CUST_000164,2024-06-01,2026-06-30,24,Canada,Finance,Small,Basic,Annual,44.91,1
CUST_000165,2024-05-11,2026-06-30,25,United Kingdom,Healthcare,Enterprise,Enterprise,Annual,603.83,1
CUST_000166,2022-05-31,2026-06-30,48,Germany,Technology,Small,Basic,Monthly,50.38,1
CUST_000167,2024-11-01,2026-06-30,19,United States,Technology,Mid-Market,Business,Monthly,245.24,1
CUST_000168,2025-08-05,2026-06-30,10,Germany,Retail,Mid-Market,Business,Monthly,264.5,0
CUST_000169,2024-10-08,2026-06-30,20,United States,Technology,Small,Basic,Monthly,49.44,1
CUST_000170,2026-04-21,2026-06-30,2,United States,Retail,Small,Basic,Monthly,46.99,0
CUST_000171,2025-11-22,2026-06-30,7,Germany,Healthcare,Small,Basic,Monthly,47.55,1
CUST_000172,2025-12-21,2026-06-30,6,United Kingdom,Retail,Small,Basic,Monthly,49.36,1
CUST_000173,2022-08-16,2026-06-30,46,Australia,Finance,Small,Business,Annual,250.0,1
CUST_000174,2022-11-12,2026-06-30,43,United States,Professional Services,Enterprise,Enterprise,Annual,635.34,1
CUST_000175,2022-12-28,2026-06-30,42,United States,Technology,Small,Pro,Monthly,103.13,1
CUST_000176,2024-02-22,2026-06-30,28,United States,Professional Services,Mid-Market,Business,Annual,229.48,1
CUST_000177,2022-11-21,2026-06-30,43,United States,Finance,Small,Basic,Annual,48.59,1
CUST_000178,2025-08-15,2026-06-30,10,United States,Technology,Small,Pro,Annual,92.85,1
CUST_000179,2021-12-27,2026-06-30,54,Canada,Retail,Small,Basic,Monthly,52.57,1
CUST_000180,2023-12-14,2026-06-30,30,United Kingdom,Technology,Small,Basic,Monthly,46.61,0
CUST_000181,2021-10-21,2026-06-30,56,United Kingdom,Healthcare,Small,Basic,Monthly,49.5,1
CUST_000182,2025-08-31,2026-06-30,9,United States,Manufacturing,Small,Business,Annual,240.31,1
CUST_000183,2023-12-21,2026-06-30,30,United States,Manufacturing,Small,Pro,Monthly,89.21,1
CUST_000184,2022-12-29,2026-06-30,42,Germany,Retail,Small,Basic,Monthly,45.92,1
CUST_000185,2023-12-24,2026-06-30,30,United States,Professional Services,Mid-Market,Enterprise,Annual,591.53,1
CUST_000186,2024-03-22,2026-06-30,27,India,Healthcare,Mid-Market,Business,Monthly,256.08,1
CUST_000187,2025-08-06,2026-06-30,10,United States,Technology,Small,Pro,Annual,101.63,0
CUST_000188,2024-07-17,2026-06-30,23,United Kingdom,Manufacturing,Mid-Market,Pro,Monthly,92.41,1
CUST_000189,2025-03-29,2026-06-30,15,India,Technology,Enterprise,Business,Annual,252.9,1
CUST_000190,2024-12-06,2026-06-30,18,United Kingdom,Technology,Small,Basic,Monthly,51.33,1
CUST_000191,2023-01-20,2026-06-30,41,United Kingdom,Technology,Small,Pro,Annual,101.54,1
CUST_000192,2023-04-26,2026-06-30,38,Germany,Finance,Small,Basic,Monthly,48.11,0
CUST_000193,2023-06-07,2026-06-30,36,United States,Finance,Small,Basic,Monthly,49.12,1
CUST_000194,2024-08-20,2026-06-30,22,Germany,Finance,Mid-Market,Pro,Monthly,99.75,1
CUST_000195,2021-09-12,2026-06-30,57,India,Retail,Mid-Market,Business,Monthly,266.39,1
CUST_000196,2025-12-25,2026-06-30,6,India,Manufacturing,Small,Pro,Annual,107.42,1
CUST_000197,2024-09-24,2026-06-30,21,Canada,Professional Services,Small,Basic,Monthly,50.58,1
CUST_000198,2025-11-01,2026-06-30,7,United States,Technology,Mid-Market,Business,Annual,249.67,1
CUST_000199,2024-09-30,2026-06-30,20,Germany,Technology,Small,Enterprise,Annual,598.07,0
CUST_000200,2021-09-08,2026-06-30,57,United Kingdom,Retail,Small,Pro,Monthly,99.36,0
CUST_000201,2024-08-12,2026-06-30,22,United States,Technology,Small,Basic,Monthly,49.5,0
CUST_000202,2021-12-13,2026-06-30,54,United States,Finance,Enterprise,Enterprise,Annual,583.54,1
CUST_000203,2023-12-25,2026-06-30,30,United States,Retail,Mid-Market,Business,Annual,273.5,1
CUST_000204,2022-12-23,2026-06-30,42,Canada,Manufacturing,Mid-Market,Business,Monthly,239.14,0
CUST_000205,2024-03-01,2026-06-30,27,United States,Technology,Mid-Market,Basic,Monthly,52.17,0
CUST_000206,2025-02-08,2026-06-30,16,United States,Retail,Small,Basic,Annual,43.62,1
CUST_000207,2022-08-29,2026-06-30,46,United States,Retail,Small,Basic,Monthly,48.33,0
CUST_000208,2021-08-26,2026-06-30,58,India,Professional Services,Mid-Market,Basic,Monthly,48.17,1
CUST_000209,2025-02-12,2026-06-30,16,United States,Finance,Enterprise,Enterprise,Annual,605.85,0
CUST_000210,2022-08-03,2026-06-30,46,United States,Manufacturing,Small,Basic,Annual,48.11,1
CUST_000211,2025-02-17,2026-06-30,16,Canada,Manufacturing,Small,Pro,Annual,105.86,1
CUST_000212,2022-11-22,2026-06-30,43,United States,Technology,Enterprise,Enterprise,Annual,591.74,1
CUST_000213,2022-07-15,2026-06-30,47,India,Retail,Small,Basic,Monthly,46.48,0
CUST_000214,2024-03-16,2026-06-30,27,India,Retail,Small,Basic,Monthly,46.63,0
CUST_000215,2022-10-17,2026-06-30,44,Canada,Finance,Small,Basic,Annual,47.84,1
CUST_000216,2025-01-28,2026-06-30,17,Canada,Healthcare,Small,Basic,Monthly,50.77,1
CUST_000217,2026-01-09,2026-06-30,5,United States,Healthcare,Mid-Market,Enterprise,Annual,626.12,1
CUST_000218,2025-12-09,2026-06-30,6,United States,Manufacturing,Mid-Market,Pro,Monthly,93.05,1
CUST_000219,2024-03-20,2026-06-30,27,United States,Technology,Small,Basic,Monthly,47.04,1
CUST_000220,2021-12-23,2026-06-30,54,United States,Healthcare,Small,Basic,Monthly,46.39,1
CUST_000221,2025-10-14,2026-06-30,8,United States,Technology,Small,Pro,Monthly,97.59,0
CUST_000222,2024-03-04,2026-06-30,27,United Kingdom,Retail,Small,Pro,Monthly,103.76,1
CUST_000223,2022-12-15,2026-06-30,42,United States,Retail,Small,Enterprise,Annual,604.13,1
CUST_000224,2025-06-02,2026-06-30,12,United States,Healthcare,Small,Basic,Monthly,50.35,1
CUST_000225,2022-11-13,2026-06-30,43,Canada,Healthcare,Enterprise,Pro,Annual,102.7,1
CUST_000226,2024-11-28,2026-06-30,19,Canada,Finance,Enterprise,Enterprise,Annual,581.43,1
CUST_000227,2022-06-10,2026-06-30,48,United States,Finance,Small,Basic,Monthly,45.86,1
CUST_000228,2023-07-27,2026-06-30,35,United States,Manufacturing,Mid-Market,Pro,Annual,96.09,1
CUST_000229,2023-09-23,2026-06-30,33,United States,Technology,Enterprise,Enterprise,Annual,623.6,1
CUST_000230,2025-07-18,2026-06-30,11,United States,Manufacturing,Small,Basic,Monthly,50.48,0
CUST_000231,2024-02-20,2026-06-30,28,Australia,Retail,Enterprise,Business,Annual,249.98,1
CUST_000232,2022-03-16,2026-06-30,51,India,Professional Services,Small,Business,Annual,260.81,0
CUST_000233,2026-04-26,2026-06-30,2,Canada,Finance,Mid-Market,Pro,Annual,99.72,1
CUST_000234,2022-09-08,2026-06-30,45,Canada,Healthcare,Small,Basic,Monthly,48.19,1
CUST_000235,2023-12-29,2026-06-30,30,Germany,Technology,Small,Basic,Annual,45.16,1
CUST_000236,2022-11-17,2026-06-30,43,United Kingdom,Professional Services,Mid-Market,Basic,Monthly,52.11,1
CUST_000237,2023-02-26,2026-06-30,40,United States,Retail,Mid-Market,Pro,Annual,98.52,1
CUST_000238,2024-04-16,2026-06-30,26,United States,Retail,Small,Pro,Monthly,96.77,1
CUST_000239,2024-11-23,2026-06-30,19,Canada,Manufacturing,Mid-Market,Enterprise,Annual,595.93,1
CUST_000240,2023-05-01,2026-06-30,37,United Kingdom,Finance,Enterprise,Enterprise,Annual,643.89,1
CUST_000241,2025-09-22,2026-06-30,9,United States,Retail,Enterprise,Enterprise,Annual,628.73,1
CUST_000242,2023-07-18,2026-06-30,35,United States,Manufacturing,Mid-Market,Pro,Monthly,97.22,0
CUST_000243,2025-12-13,2026-06-30,6,United States,Technology,Small,Basic,Monthly,50.15,0
CUST_000244,2023-03-22,2026-06-30,39,United States,Professional Services,Small,Basic,Monthly,52.01,0
CUST_000245,2023-04-29,2026-06-30,38,Canada,Professional Services,Small,Basic,Monthly,49.85,0
CUST_000246,2025-12-31,2026-06-30,5,United Kingdom,Professional Services,Mid-Market,Pro,Annual,99.6,1
CUST_000247,2022-09-10,2026-06-30,45,Canada,Manufacturing,Mid-Market,Pro,Monthly,88.65,1
CUST_000248,2024-05-15,2026-06-30,25,United States,Finance,Enterprise,Enterprise,Annual,636.31,1
CUST_000249,2022-07-19,2026-06-30,47,United States,Retail,Small,Basic,Monthly,46.48,1
CUST_000250,2026-03-18,2026-06-30,3,Australia,Technology,Enterprise,Enterprise,Annual,542.97,1
CUST_000251,2025-07-13,2026-06-30,11,Canada,Manufacturing,Enterprise,Pro,Monthly,90.07,1
CUST_000252,2023-12-27,2026-06-30,30,United States,Technology,Mid-Market,Business,Monthly,238.35,0
CUST_000253,2025-06-28,2026-06-30,12,United States,Professional Services,Enterprise,Enterprise,Annual,613.55,1
CUST_000254,2024-10-16,2026-06-30,20,Australia,Technology,Small,Basic,Monthly,51.84,1
CUST_000255,2023-03-03,2026-06-30,39,Germany,Technology,Small,Basic,Annual,49.84,1
CUST_000256,2025-09-14,2026-06-30,9,India,Technology,Small,Basic,Monthly,53.25,0
CUST_000257,2023-01-31,2026-06-30,40,United Kingdom,Manufacturing,Small,Pro,Monthly,97.0,1
CUST_000258,2025-11-27,2026-06-30,7,Canada,Technology,Small,Basic,Monthly,48.43,0
CUST_000259,2025-07-21,2026-06-30,11,Canada,Technology,Mid-Market,Pro,Monthly,89.76,0
CUST_000260,2023-07-12,2026-06-30,35,United States,Technology,Small,Basic,Monthly,47.59,1
CUST_000261,2022-07-07,2026-06-30,47,United Kingdom,Finance,Small,Basic,Monthly,44.0,0
CUST_000262,2025-07-29,2026-06-30,11,United Kingdom,Professional Services,Small,Pro,Annual,92.36,1
CUST_000263,2024-12-09,2026-06-30,18,United States,Healthcare,Mid-Market,Pro,Monthly,102.12,1
CUST_000264,2021-11-13,2026-06-30,55,India,Finance,Enterprise,Enterprise,Annual,548.47,1
CUST_000265,2021-07-20,2026-06-30,59,United States,Technology,Small,Pro,Annual,91.14,1
CUST_000266,2023-07-23,2026-06-30,35,United States,Technology,Mid-Market,Business,Annual,227.12,0
CUST_000267,2024-03-20,2026-06-30,27,United States,Finance,Enterprise,Pro,Annual,102.84,1
CUST_000268,2024-09-16,2026-06-30,21,India,Technology,Mid-Market,Business,Monthly,269.4,0
CUST_000269,2023-05-28,2026-06-30,37,India,Technology,Mid-Market,Business,Annual,248.07,1
CUST_000270,2023-07-06,2026-06-30,35,Canada,Technology,Mid-Market,Pro,Annual,103.67,1
CUST_000271,2024-12-18,2026-06-30,18,India,Finance,Enterprise,Pro,Monthly,93.24,0
CUST_000272,2026-04-21,2026-06-30,2,India,Manufacturing,Small,Pro,Annual,105.09,1
CUST_000273,2025-09-02,2026-06-30,9,Australia,Technology,Mid-Market,Pro,Annual,95.46,1
CUST_000274,2021-09-14,2026-06-30,57,India,Retail,Small,Basic,Monthly,50.64,0
CUST_000275,2024-05-11,2026-06-30,25,United States,Retail,Small,Basic,Monthly,48.93,0
CUST_000276,2024-01-17,2026-06-30,29,Germany,Professional Services,Mid-Market,Pro,Monthly,89.51,1
CUST_000277,2024-02-13,2026-06-30,28,United Kingdom,Technology,Mid-Market,Basic,Monthly,46.83,0
CUST_000278,2022-07-26,2026-06-30,47,Germany,Manufacturing,Enterprise,Business,Annual,251.13,1
CUST_000279,2026-02-04,2026-06-30,4,United States,Professional Services,Enterprise,Business,Annual,225.97,0
CUST_000280,2026-01-03,2026-06-30,5,Germany,Professional Services,Mid-Market,Business,Annual,252.69,0
CUST_000281,2025-01-21,2026-06-30,17,India,Manufacturing,Small,Basic,Monthly,45.53,0
CUST_000282,2024-01-09,2026-06-30,29,United States,Technology,Enterprise,Business,Monthly,255.73,0
CUST_000283,2023-02-12,2026-06-30,40,India,Professional Services,Small,Pro,Monthly,92.27,0
CUST_000284,2024-01-02,2026-06-30,29,United States,Manufacturing,Small,Pro,Monthly,101.19,1
CUST_000285,2024-03-31,2026-06-30,26,United States,Technology,Small,Basic,Annual,51.0,1
CUST_000286,2021-10-21,2026-06-30,56,United States,Technology,Mid-Market,Basic,Monthly,48.59,1
CUST_000287,2025-08-15,2026-06-30,10,Australia,Professional Services,Mid-Market,Pro,Annual,98.6,1
CUST_000288,2023-08-09,2026-06-30,34,United Kingdom,Technology,Mid-Market,Enterprise,Annual,643.49,1
CUST_000289,2023-10-01,2026-06-30,32,United States,Manufacturing,Small,Basic,Monthly,47.08,0
CUST_000290,2024-02-02,2026-06-30,28,United Kingdom,Healthcare,Mid-Market,Pro,Monthly,96.36,0
CUST_000291,2022-06-12,2026-06-30,48,United States,Manufacturing,Mid-Market,Business,Annual,256.98,1
CUST_000292,2025-02-06,2026-06-30,16,Canada,Technology,Enterprise,Enterprise,Annual,611.65,1
CUST_000293,2021-09-22,2026-06-30,57,India,Manufacturing,Small,Business,Annual,245.98,1
CUST_000294,2024-10-13,2026-06-30,20,United Kingdom,Healthcare,Mid-Market,Pro,Monthly,92.99,1
CUST_000295,2023-09-26,2026-06-30,33,Germany,Professional Services,Mid-Market,Enterprise,Annual,628.16,1
CUST_000296,2023-11-09,2026-06-30,31,United Kingdom,Technology,Small,Basic,Monthly,45.97,0
CUST_000297,2022-03-28,2026-06-30,51,India,Technology,Small,Pro,Annual,110.28,0
CUST_000298,2024-04-04,2026-06-30,26,United States,Technology,Small,Basic,Monthly,46.07,1
CUST_000299,2025-01-06,2026-06-30,17,United States,Technology,Small,Business,Monthly,235.24,1
CUST_000300,2026-04-23,2026-06-30,2,United States,Professional Services,Small,Pro,Annual,100.69,1
CUST_000301,2024-08-17,2026-06-30,22,United Kingdom,Technology,Mid-Market,Business,Annual,255.84,1
CUST_000302,2022-05-09,2026-06-30,49,United Kingdom,Technology,Mid-Market,Business,Monthly,236.87,1
CUST_000303,2026-05-14,2026-06-30,1,Germany,Manufacturing,Mid-Market,Pro,Monthly,107.38,0
CUST_000304,2022-01-04,2026-06-30,53,United States,Technology,Small,Basic,Monthly,49.81,1
CUST_000305,2023-09-30,2026-06-30,32,United States,Technology,Small,Basic,Annual,48.39,0
CUST_000306,2025-09-22,2026-06-30,9,United Kingdom,Retail,Mid-Market,Business,Annual,253.81,1
CUST_000307,2024-12-05,2026-06-30,18,India,Finance,Mid-Market,Pro,Annual,104.99,1
CUST_000308,2023-09-10,2026-06-30,33,United States,Professional Services,Mid-Market,Pro,Annual,106.97,1
CUST_000309,2024-11-11,2026-06-30,19,United States,Retail,Mid-Market,Pro,Monthly,99.95,1
CUST_000310,2025-11-18,2026-06-30,7,United States,Finance,Enterprise,Enterprise,Annual,560.84,0
CUST_000311,2023-02-21,2026-06-30,40,Canada,Retail,Enterprise,Business,Monthly,233.33,1
CUST_000312,2023-02-10,2026-06-30,40,United States,Professional Services,Mid-Market,Business,Annual,231.38,1
CUST_000313,2025-10-30,2026-06-30,7,United States,Finance,Small,Basic,Monthly,47.43,1
CUST_000314,2025-01-12,2026-06-30,17,United Kingdom,Manufacturing,Small,Basic,Monthly,49.09,1
CUST_000315,2025-03-20,2026-06-30,15,United States,Healthcare,Mid-Market,Business,Annual,251.66,1
CUST_000316,2023-03-05,2026-06-30,39,United States,Healthcare,Small,Basic,Annual,51.76,1
CUST_000317,2022-10-29,2026-06-30,44,United States,Manufacturing,Small,Pro,Annual,88.74,1
CUST_000318,2022-11-04,2026-06-30,43,India,Technology,Small,Basic,Annual,48.97,1
CUST_000319,2021-10-19,2026-06-30,56,Canada,Healthcare,Enterprise,Enterprise,Annual,612.8,1
CUST_000320,2022-08-21,2026-06-30,46,United States,Technology,Small,Basic,Monthly,42.12,1
CUST_000321,2024-11-02,2026-06-30,19,United States,Manufacturing,Mid-Market,Pro,Monthly,101.25,0
CUST_000322,2025-11-19,2026-06-30,7,United Kingdom,Retail,Enterprise,Enterprise,Annual,680.77,1
CUST_000323,2023-05-24,2026-06-30,37,India,Finance,Mid-Market,Business,Annual,258.63,1
CUST_000324,2021-11-29,2026-06-30,54,United States,Technology,Small,Basic,Monthly,49.75,0
CUST_000325,2021-08-15,2026-06-30,58,United States,Professional Services,Mid-Market,Pro,Annual,97.65,1
CUST_000326,2025-04-13,2026-06-30,14,United States,Finance,Mid-Market,Pro,Annual,100.15,1
CUST_000327,2025-04-02,2026-06-30,14,United Kingdom,Finance,Small,Basic,Monthly,52.77,1
CUST_000328,2026-03-25,2026-06-30,3,India,Technology,Mid-Market,Pro,Annual,97.28,1
CUST_000329,2025-09-20,2026-06-30,9,Canada,Retail,Small,Basic,Monthly,51.92,1
CUST_000330,2023-09-09,2026-06-30,33,United States,Finance,Mid-Market,Business,Annual,254.78,1
CUST_000331,2023-09-23,2026-06-30,33,Germany,Professional Services,Enterprise,Business,Annual,269.25,1
CUST_000332,2024-08-04,2026-06-30,22,Germany,Retail,Small,Pro,Annual,104.39,1
CUST_000333,2024-11-21,2026-06-30,19,United States,Technology,Enterprise,Pro,Monthly,99.94,1
CUST_000334,2022-05-03,2026-06-30,49,United States,Retail,Small,Business,Annual,250.56,0
CUST_000335,2024-02-26,2026-06-30,28,United States,Technology,Enterprise,Enterprise,Annual,589.62,1
CUST_000336,2022-06-11,2026-06-30,48,Australia,Technology,Mid-Market,Enterprise,Monthly,628.26,1
CUST_000337,2021-09-06,2026-06-30,57,Germany,Retail,Small,Pro,Monthly,96.08,0
CUST_000338,2024-11-08,2026-06-30,19,United Kingdom,Technology,Enterprise,Business,Monthly,250.42,0
CUST_000339,2025-06-02,2026-06-30,12,Australia,Professional Services,Enterprise,Business,Annual,246.59,1
CUST_000340,2021-09-24,2026-06-30,57,United States,Retail,Small,Basic,Monthly,45.71,1
CUST_000341,2023-04-18,2026-06-30,38,United States,Technology,Mid-Market,Business,Annual,251.74,0
CUST_000342,2024-12-25,2026-06-30,18,United States,Professional Services,Small,Basic,Monthly,45.26,1
CUST_000343,2023-05-11,2026-06-30,37,India,Healthcare,Small,Pro,Monthly,96.78,0
CUST_000344,2023-11-19,2026-06-30,31,United Kingdom,Technology,Small,Pro,Annual,102.3,1
CUST_000345,2021-12-18,2026-06-30,54,United States,Healthcare,Small,Basic,Monthly,49.41,1
CUST_000346,2025-02-26,2026-06-30,16,United States,Professional Services,Small,Pro,Monthly,99.76,0
CUST_000347,2021-07-17,2026-06-30,59,Germany,Healthcare,Small,Pro,Annual,94.72,1
CUST_000348,2021-10-24,2026-06-30,56,Germany,Healthcare,Enterprise,Enterprise,Annual,630.41,1
CUST_000349,2025-07-11,2026-06-30,11,United Kingdom,Healthcare,Small,Basic,Monthly,46.83,0
CUST_000350,2025-08-09,2026-06-30,10,United States,Finance,Mid-Market,Pro,Monthly,102.5,0
CUST_000351,2023-10-17,2026-06-30,32,India,Technology,Small,Basic,Monthly,52.18,1
CUST_000352,2026-03-12,2026-06-30,3,Germany,Retail,Small,Basic,Monthly,45.25,0
CUST_000353,2024-12-11,2026-06-30,18,United Kingdom,Professional Services,Mid-Market,Business,Monthly,243.94,1
CUST_000354,2024-04-11,2026-06-30,26,United Kingdom,Manufacturing,Small,Business,Annual,242.79,1
CUST_000355,2021-08-25,2026-06-30,58,India,Technology,Small,Basic,Annual,49.67,1
CUST_000356,2021-07-15,2026-06-30,59,India,Healthcare,Enterprise,Business,Annual,237.25,1
CUST_000357,2025-09-01,2026-06-30,9,United Kingdom,Technology,Small,Basic,Monthly,46.14,1
CUST_000358,2022-01-12,2026-06-30,53,Canada,Finance,Small,Business,Monthly,248.33,1
CUST_000359,2025-12-19,2026-06-30,6,United States,Retail,Mid-Market,Pro,Annual,96.22,1
CUST_000360,2022-09-26,2026-06-30,45,Australia,Finance,Small,Basic,Monthly,48.64,0
CUST_000361,2022-04-05,2026-06-30,50,United Kingdom,Professional Services,Mid-Market,Business,Annual,260.11,1
CUST_000362,2022-01-14,2026-06-30,53,United States,Healthcare,Small,Basic,Monthly,45.04,1
CUST_000363,2025-04-25,2026-06-30,14,United States,Retail,Small,Basic,Monthly,48.72,0
CUST_000364,2022-01-09,2026-06-30,53,India,Professional Services,Small,Basic,Annual,47.55,1
CUST_000365,2025-11-04,2026-06-30,7,India,Retail,Small,Basic,Annual,49.06,1
CUST_000366,2023-11-12,2026-06-30,31,India,Professional Services,Mid-Market,Basic,Monthly,47.56,1
CUST_000367,2024-02-09,2026-06-30,28,Canada,Manufacturing,Enterprise,Business,Monthly,234.31,0
CUST_000368,2024-11-10,2026-06-30,19,Australia,Retail,Mid-Market,Business,Annual,253.89,1
CUST_000369,2026-04-22,2026-06-30,2,Australia,Finance,Small,Basic,Monthly,55.79,0
CUST_000370,2022-08-15,2026-06-30,46,United States,Finance,Enterprise,Enterprise,Annual,595.99,1
CUST_000371,2024-10-06,2026-06-30,20,United States,Professional Services,Mid-Market,Pro,Monthly,95.41,0
CUST_000372,2023-03-01,2026-06-30,39,India,Technology,Small,Basic,Monthly,47.21,1
CUST_000373,2024-05-25,2026-06-30,25,United States,Professional Services,Small,Pro,Monthly,103.63,0
CUST_000374,2024-07-30,2026-06-30,22,United Kingdom,Finance,Small,Basic,Monthly,46.85,0
CUST_000375,2022-01-22,2026-06-30,53,United Kingdom,Manufacturing,Small,Basic,Monthly,52.18,0
CUST_000376,2025-12-13,2026-06-30,6,Germany,Finance,Small,Basic,Monthly,44.99,1
CUST_000377,2022-10-17,2026-06-30,44,United States,Professional Services,Small,Business,Annual,251.39,1
CUST_000378,2022-09-29,2026-06-30,45,Germany,Technology,Enterprise,Business,Monthly,257.26,0
CUST_000379,2024-07-18,2026-06-30,23,United States,Finance,Small,Basic,Annual,50.87,1
CUST_000380,2025-02-14,2026-06-30,16,Australia,Professional Services,Small,Basic,Annual,50.7,1
CUST_000381,2026-05-22,2026-06-30,1,United States,Finance,Enterprise,Business,Annual,252.31,1
CUST_000382,2021-10-23,2026-06-30,56,Germany,Finance,Small,Basic,Monthly,51.83,1
CUST_000383,2021-10-03,2026-06-30,56,Australia,Professional Services,Small,Pro,Monthly,94.09,0
CUST_000384,2025-03-25,2026-06-30,15,United States,Professional Services,Small,Business,Annual,240.98,1
CUST_000385,2026-04-04,2026-06-30,2,United States,Technology,Mid-Market,Enterprise,Annual,586.93,1
CUST_000386,2025-10-23,2026-06-30,8,Australia,Retail,Small,Basic,Monthly,52.63,1
CUST_000387,2026-01-30,2026-06-30,4,United States,Technology,Mid-Market,Business,Annual,254.8,1
CUST_000388,2022-05-01,2026-06-30,49,United States,Technology,Mid-Market,Pro,Monthly,102.38,1
CUST_000389,2022-01-12,2026-06-30,53,Canada,Retail,Mid-Market,Pro,Monthly,98.11,1
CUST_000390,2025-08-29,2026-06-30,10,India,Technology,Enterprise,Enterprise,Annual,623.46,1
CUST_000391,2022-09-29,2026-06-30,45,United Kingdom,Healthcare,Mid-Market,Pro,Monthly,91.32,1
CUST_000392,2025-07-14,2026-06-30,11,United States,Finance,Mid-Market,Basic,Monthly,48.0,1
CUST_000393,2024-08-10,2026-06-30,22,India,Professional Services,Small,Pro,Monthly,97.92,0
CUST_000394,2023-06-21,2026-06-30,36,Canada,Retail,Small,Pro,Monthly,96.65,0
CUST_000395,2022-11-16,2026-06-30,43,Canada,Technology,Small,Business,Monthly,245.0,0
CUST_000396,2022-02-12,2026-06-30,52,Canada,Professional Services,Small,Basic,Monthly,50.34,1
CUST_000397,2026-03-12,2026-06-30,3,United States,Professional Services,Small,Pro,Monthly,100.18,1
CUST_000398,2025-06-13,2026-06-30,12,United States,Finance,Mid-Market,Pro,Monthly,104.91,0
CUST_000399,2025-01-13,2026-06-30,17,Germany,Professional Services,Small,Basic,Monthly,43.89,0
CUST_000400,2024-11-20,2026-06-30,19,United States,Finance,Mid-Market,Business,Annual,267.53,0
CUST_000401,2021-07-05,2026-06-30,59,Germany,Finance,Small,Basic,Monthly,47.41,0
CUST_000402,2022-08-05,2026-06-30,46,United States,Finance,Enterprise,Business,Annual,265.38,1
CUST_000403,2024-11-02,2026-06-30,19,United States,Technology,Small,Pro,Monthly,96.93,1
CUST_000404,2021-08-21,2026-06-30,58,United States,Retail,Mid-Market,Pro,Annual,100.83,1
CUST_000405,2023-12-17,2026-06-30,30,United Kingdom,Retail,Mid-Market,Enterprise,Annual,566.75,1
CUST_000406,2023-12-15,2026-06-30,30,Germany,Professional Services,Small,Basic,Monthly,46.02,1
CUST_000407,2024-04-13,2026-06-30,26,United States,Technology,Mid-Market,Business,Annual,256.24,1
CUST_000408,2025-09-15,2026-06-30,9,United States,Technology,Enterprise,Enterprise,Annual,519.21,0
CUST_000409,2021-10-27,2026-06-30,56,United States,Finance,Mid-Market,Business,Annual,233.87,1
CUST_000410,2026-05-06,2026-06-30,1,Australia,Technology,Enterprise,Enterprise,Annual,621.96,1
CUST_000411,2025-07-23,2026-06-30,11,United States,Professional Services,Small,Pro,Monthly,96.95,1
CUST_000412,2025-04-14,2026-06-30,14,Australia,Manufacturing,Enterprise,Pro,Monthly,94.63,1
CUST_000413,2025-01-15,2026-06-30,17,United States,Manufacturing,Enterprise,Enterprise,Annual,644.61,0
CUST_000414,2025-10-07,2026-06-30,8,United States,Manufacturing,Mid-Market,Business,Annual,272.34,1
CUST_000415,2026-04-29,2026-06-30,2,Germany,Technology,Mid-Market,Basic,Annual,49.0,1
CUST_000416,2023-01-31,2026-06-30,40,Canada,Technology,Mid-Market,Pro,Annual,105.31,0
CUST_000417,2021-08-26,2026-06-30,58,United States,Healthcare,Small,Basic,Monthly,52.72,1
CUST_000418,2025-10-25,2026-06-30,8,India,Professional Services,Mid-Market,Pro,Monthly,98.92,1
CUST_000419,2024-12-15,2026-06-30,18,United States,Finance,Small,Business,Annual,242.62,1
CUST_000420,2023-12-05,2026-06-30,30,United States,Technology,Mid-Market,Enterprise,Annual,601.66,1
CUST_000421,2021-11-09,2026-06-30,55,United States,Retail,Small,Pro,Annual,91.8,1
CUST_000422,2023-01-01,2026-06-30,41,Canada,Technology,Mid-Market,Pro,Monthly,101.81,1
CUST_000423,2022-08-25,2026-06-30,46,Australia,Healthcare,Small,Basic,Annual,48.19,1
CUST_000424,2023-07-23,2026-06-30,35,United States,Technology,Small,Basic,Monthly,49.14,0
CUST_000425,2024-05-13,2026-06-30,25,India,Healthcare,Small,Basic,Monthly,49.1,1
CUST_000426,2025-06-07,2026-06-30,12,United Kingdom,Finance,Small,Pro,Annual,94.8,1
CUST_000427,2022-03-02,2026-06-30,51,India,Professional Services,Mid-Market,Business,Monthly,248.55,1
CUST_000428,2022-06-18,2026-06-30,48,Australia,Manufacturing,Small,Basic,Monthly,45.67,0
CUST_000429,2026-04-16,2026-06-30,2,India,Technology,Small,Basic,Monthly,47.82,0
CUST_000430,2022-11-24,2026-06-30,43,United Kingdom,Manufacturing,Small,Business,Annual,235.14,1
CUST_000431,2025-12-31,2026-06-30,5,United States,Manufacturing,Small,Basic,Monthly,46.85,0
CUST_000432,2022-10-13,2026-06-30,44,Canada,Retail,Small,Basic,Annual,43.47,1
CUST_000433,2022-05-10,2026-06-30,49,United Kingdom,Professional Services,Small,Basic,Annual,47.95,1
CUST_000434,2025-10-08,2026-06-30,8,Canada,Manufacturing,Mid-Market,Pro,Annual,101.4,1
CUST_000435,2024-04-13,2026-06-30,26,Germany,Technology,Mid-Market,Business,Annual,251.21,1
CUST_000436,2025-10-21,2026-06-30,8,United States,Finance,Enterprise,Enterprise,Monthly,631.46,0
CUST_000437,2023-08-17,2026-06-30,34,Australia,Finance,Small,Basic,Monthly,46.67,0
CUST_000438,2021-11-09,2026-06-30,55,United States,Healthcare,Small,Basic,Monthly,47.83,1
CUST_000439,2026-01-06,2026-06-30,5,India,Professional Services,Small,Business,Annual,260.42,1
CUST_000440,2024-06-17,2026-06-30,24,United States,Retail,Mid-Market,Business,Monthly,247.92,1
CUST_000441,2021-08-19,2026-06-30,58,United States,Finance,Small,Pro,Monthly,99.92,1
CUST_000442,2024-12-07,2026-06-30,18,Australia,Professional Services,Small,Basic,Monthly,54.18,1
CUST_000443,2025-10-06,2026-06-30,8,Australia,Manufacturing,Mid-Market,Enterprise,Annual,591.39,1
CUST_000444,2024-01-05,2026-06-30,29,Germany,Finance,Small,Pro,Annual,96.6,1
CUST_000445,2023-12-01,2026-06-30,30,India,Professional Services,Small,Basic,Monthly,46.57,1
CUST_000446,2023-02-27,2026-06-30,40,United States,Finance,Mid-Market,Basic,Monthly,48.29,1
CUST_000447,2024-11-14,2026-06-30,19,Australia,Healthcare,Mid-Market,Pro,Monthly,104.06,1
CUST_000448,2021-09-19,2026-06-30,57,United States,Healthcare,Small,Pro,Annual,101.84,1
CUST_000449,2023-11-08,2026-06-30,31,United Kingdom,Professional Services,Small,Basic,Monthly,52.51,1
CUST_000450,2025-01-02,2026-06-30,17,Canada,Finance,Small,Pro,Annual,100.79,1
CUST_000451,2021-09-11,2026-06-30,57,United States,Finance,Small,Pro,Monthly,87.91,0
CUST_000452,2021-11-13,2026-06-30,55,United Kingdom,Retail,Small,Pro,Monthly,102.11,0
CUST_000453,2023-12-17,2026-06-30,30,Germany,Professional Services,Small,Basic,Monthly,49.26,0
CUST_000454,2026-04-17,2026-06-30,2,United States,Technology,Small,Business,Monthly,249.02,1
CUST_000455,2023-06-25,2026-06-30,36,India,Technology,Small,Basic,Monthly,51.98,0
CUST_000456,2023-09-08,2026-06-30,33,United Kingdom,Professional Services,Mid-Market,Business,Monthly,245.58,0
CUST_000457,2025-09-07,2026-06-30,9,United States,Manufacturing,Mid-Market,Pro,Monthly,101.87,1
CUST_000458,2023-04-20,2026-06-30,38,United Kingdom,Finance,Small,Basic,Monthly,46.36,1
CUST_000459,2022-04-13,2026-06-30,50,United States,Finance,Mid-Market,Pro,Monthly,91.48,0
CUST_000460,2025-11-22,2026-06-30,7,United States,Healthcare,Enterprise,Enterprise,Annual,581.07,1
CUST_000461,2022-11-10,2026-06-30,43,Germany,Retail,Small,Pro,Annual,97.45,1
CUST_000462,2025-09-22,2026-06-30,9,United States,Retail,Mid-Market,Pro,Annual,101.71,1
CUST_000463,2022-09-25,2026-06-30,45,United States,Manufacturing,Small,Basic,Monthly,46.31,0
CUST_000464,2024-05-09,2026-06-30,25,Germany,Technology,Enterprise,Enterprise,Annual,644.13,1
CUST_000465,2026-05-20,2026-06-30,1,United States,Manufacturing,Small,Basic,Monthly,46.63,0
CUST_000466,2021-08-31,2026-06-30,57,Australia,Technology,Small,Basic,Annual,48.78,1
CUST_000467,2025-08-07,2026-06-30,10,Australia,Professional Services,Enterprise,Enterprise,Annual,599.35,1
CUST_000468,2023-06-27,2026-06-30,36,United States,Technology,Mid-Market,Pro,Monthly,100.48,1
CUST_000469,2025-07-10,2026-06-30,11,Canada,Technology,Small,Basic,Monthly,50.1,0
CUST_000470,2021-10-30,2026-06-30,55,United States,Technology,Mid-Market,Pro,Annual,110.2,1
CUST_000471,2022-10-14,2026-06-30,44,United Kingdom,Technology,Enterprise,Enterprise,Annual,580.95,1
CUST_000472,2022-06-18,2026-06-30,48,United States,Healthcare,Small,Pro,Monthly,100.55,0
CUST_000473,2024-04-16,2026-06-30,26,India,Retail,Small,Basic,Annual,48.8,1
CUST_000474,2024-02-13,2026-06-30,28,United States,Professional Services,Small,Basic,Monthly,51.41,0
CUST_000475,2023-04-19,2026-06-30,38,Germany,Healthcare,Enterprise,Business,Annual,254.59,1
CUST_000476,2022-07-23,2026-06-30,47,United States,Healthcare,Small,Basic,Monthly,49.54,0
CUST_000477,2022-04-02,2026-06-30,50,United States,Finance,Small,Basic,Annual,45.34,1
CUST_000478,2026-04-29,2026-06-30,2,Canada,Manufacturing,Small,Basic,Monthly,47.89,1
CUST_000479,2023-02-25,2026-06-30,40,United Kingdom,Technology,Small,Pro,Annual,94.17,1
CUST_000480,2025-11-17,2026-06-30,7,India,Finance,Small,Basic,Monthly,47.9,1
CUST_000481,2024-12-31,2026-06-30,17,United States,Technology,Small,Business,Annual,238.72,1
CUST_000482,2022-05-04,2026-06-30,49,United States,Technology,Small,Enterprise,Annual,583.48,1
CUST_000483,2025-03-08,2026-06-30,15,United States,Retail,Small,Basic,Monthly,47.99,0
CUST_000484,2022-07-01,2026-06-30,47,United States,Technology,Small,Pro,Monthly,97.05,1
CUST_000485,2024-02-20,2026-06-30,28,India,Technology,Small,Pro,Monthly,97.54,1
CUST_000486,2025-04-09,2026-06-30,14,India,Professional Services,Small,Basic,Monthly,46.73,0
CUST_000487,2024-10-09,2026-06-30,20,India,Technology,Mid-Market,Pro,Annual,99.18,1
CUST_000488,2023-10-22,2026-06-30,32,United States,Retail,Small,Business,Monthly,237.77,0
CUST_000489,2022-08-27,2026-06-30,46,Canada,Finance,Small,Basic,Monthly,47.53,1
CUST_000490,2023-06-09,2026-06-30,36,Germany,Professional Services,Mid-Market,Business,Annual,248.38,1
CUST_000491,2021-10-29,2026-06-30,56,United States,Manufacturing,Mid-Market,Business,Annual,216.86,1
CUST_000492,2022-02-24,2026-06-30,52,United Kingdom,Technology,Mid-Market,Pro,Annual,111.33,1
CUST_000493,2022-09-17,2026-06-30,45,United States,Professional Services,Enterprise,Enterprise,Annual,614.72,1
CUST_000494,2023-06-14,2026-06-30,36,United States,Healthcare,Small,Business,Annual,252.98,0
CUST_000495,2024-12-27,2026-06-30,18,India,Finance,Small,Basic,Monthly,47.72,0
CUST_000496,2024-05-21,2026-06-30,25,United States,Retail,Small,Basic,Monthly,49.23,1
CUST_000497,2025-10-30,2026-06-30,7,India,Manufacturing,Small,Basic,Monthly,46.04,1
CUST_000498,2024-07-29,2026-06-30,23,United States,Finance,Enterprise,Enterprise,Annual,613.68,1
CUST_000499,2021-11-10,2026-06-30,55,United States,Finance,Mid-Market,Business,Annual,228.04,0
CUST_000500,2024-04-27,2026-06-30,26,United States,Technology,Mid-Market,Business,Annual,233.2,1
CUST_000501,2025-11-08,2026-06-30,7,United States,Retail,Enterprise,Enterprise,Annual,577.74,1
CUST_000502,2023-03-18,2026-06-30,39,Canada,Professional Services,Mid-Market,Enterprise,Annual,644.22,1
CUST_000503,2021-09-07,2026-06-30,57,United States,Healthcare,Small,Basic,Annual,46.3,1
CUST_000504,2022-02-24,2026-06-30,52,United Kingdom,Professional Services,Enterprise,Enterprise,Annual,608.99,1
CUST_000505,2025-01-25,2026-06-30,17,India,Technology,Small,Basic,Monthly,43.95,0
CUST_000506,2024-03-08,2026-06-30,27,United States,Manufacturing,Small,Basic,Monthly,49.06,1
CUST_000507,2023-10-21,2026-06-30,32,United States,Professional Services,Small,Basic,Monthly,53.25,0
CUST_000508,2025-03-13,2026-06-30,15,Canada,Retail,Enterprise,Business,Monthly,255.23,0
CUST_000509,2025-02-03,2026-06-30,16,Australia,Technology,Mid-Market,Business,Annual,223.19,1
CUST_000510,2025-04-02,2026-06-30,14,United Kingdom,Finance,Small,Basic,Monthly,49.11,1
CUST_000511,2021-07-11,2026-06-30,59,United States,Technology,Enterprise,Enterprise,Annual,585.1,1
CUST_000512,2022-09-30,2026-06-30,44,United Kingdom,Retail,Small,Basic,Monthly,52.0,1
CUST_000513,2022-04-13,2026-06-30,50,Canada,Professional Services,Mid-Market,Basic,Monthly,48.75,1
CUST_000514,2022-05-27,2026-06-30,49,United States,Finance,Small,Business,Annual,231.07,1
CUST_000515,2021-09-13,2026-06-30,57,United States,Technology,Small,Pro,Annual,98.33,1
CUST_000516,2025-11-24,2026-06-30,7,India,Finance,Small,Basic,Monthly,47.29,1
CUST_000517,2022-01-30,2026-06-30,52,United States,Retail,Enterprise,Business,Annual,222.11,1
CUST_000518,2026-02-01,2026-06-30,4,United States,Retail,Enterprise,Pro,Monthly,98.14,1
CUST_000519,2024-01-29,2026-06-30,29,United States,Technology,Small,Business,Monthly,249.06,0
CUST_000520,2023-06-29,2026-06-30,36,United Kingdom,Manufacturing,Small,Basic,Monthly,49.93,0
CUST_000521,2024-08-27,2026-06-30,22,Canada,Technology,Small,Basic,Monthly,51.49,0
CUST_000522,2025-09-11,2026-06-30,9,United States,Retail,Mid-Market,Business,Annual,245.5,1
CUST_000523,2025-06-20,2026-06-30,12,Canada,Healthcare,Small,Business,Monthly,230.31,1
CUST_000524,2022-05-12,2026-06-30,49,Germany,Technology,Mid-Market,Pro,Annual,94.86,1
CUST_000525,2024-11-05,2026-06-30,19,United States,Retail,Small,Pro,Monthly,98.91,1
CUST_000526,2024-11-20,2026-06-30,19,India,Retail,Small,Basic,Monthly,51.98,1
CUST_000527,2021-11-16,2026-06-30,55,United States,Healthcare,Enterprise,Enterprise,Annual,599.12,1
CUST_000528,2025-09-15,2026-06-30,9,United States,Manufacturing,Mid-Market,Basic,Monthly,48.68,1
CUST_000529,2021-12-01,2026-06-30,54,India,Healthcare,Small,Pro,Monthly,97.83,1
CUST_000530,2021-11-20,2026-06-30,55,Australia,Finance,Small,Pro,Annual,98.96,1
CUST_000531,2023-06-22,2026-06-30,36,United States,Professional Services,Small,Business,Annual,272.79,1
CUST_000532,2025-08-07,2026-06-30,10,Australia,Professional Services,Small,Basic,Monthly,48.79,1
CUST_000533,2025-08-25,2026-06-30,10,Canada,Technology,Small,Pro,Annual,97.7,1
CUST_000534,2025-01-05,2026-06-30,17,United States,Professional Services,Mid-Market,Business,Monthly,249.48,0
CUST_000535,2023-07-30,2026-06-30,35,Australia,Manufacturing,Small,Basic,Monthly,47.34,1
CUST_000536,2025-08-29,2026-06-30,10,Germany,Technology,Small,Basic,Monthly,45.17,1
CUST_000537,2024-03-05,2026-06-30,27,United States,Healthcare,Small,Pro,Monthly,90.39,0
CUST_000538,2025-11-05,2026-06-30,7,United Kingdom,Technology,Small,Basic,Monthly,47.22,1
CUST_000539,2023-10-05,2026-06-30,32,United States,Retail,Small,Pro,Annual,104.85,1
CUST_000540,2026-04-24,2026-06-30,2,United States,Professional Services,Enterprise,Enterprise,Annual,633.95,1
CUST_000541,2022-12-06,2026-06-30,42,India,Finance,Small,Pro,Monthly,93.48,1
CUST_000542,2026-02-21,2026-06-30,4,United Kingdom,Healthcare,Mid-Market,Business,Annual,247.03,1
CUST_000543,2025-06-16,2026-06-30,12,United Kingdom,Technology,Small,Pro,Monthly,99.65,0
CUST_000544,2025-07-22,2026-06-30,11,United Kingdom,Healthcare,Small,Basic,Annual,47.22,1
CUST_000545,2022-05-01,2026-06-30,49,United Kingdom,Manufacturing,Small,Pro,Annual,105.48,1
CUST_000546,2026-02-25,2026-06-30,4,United States,Technology,Mid-Market,Pro,Annual,102.77,1
CUST_000547,2024-04-21,2026-06-30,26,India,Retail,Small,Pro,Monthly,100.79,1
CUST_000548,2023-07-05,2026-06-30,35,United Kingdom,Finance,Mid-Market,Business,Annual,249.85,1
CUST_000549,2023-11-17,2026-06-30,31,Germany,Manufacturing,Small,Basic,Monthly,45.17,0
CUST_000550,2023-01-26,2026-06-30,41,Canada,Manufacturing,Mid-Market,Pro,Monthly,105.72,0
CUST_000551,2022-06-20,2026-06-30,48,United States,Retail,Small,Basic,Monthly,50.42,1
CUST_000552,2024-06-24,2026-06-30,24,United States,Finance,Small,Pro,Annual,101.03,1
CUST_000553,2022-05-06,2026-06-30,49,United States,Retail,Mid-Market,Enterprise,Annual,576.9,1
CUST_000554,2024-11-07,2026-06-30,19,United States,Retail,Small,Basic,Monthly,47.4,0
CUST_000555,2021-07-29,2026-06-30,59,United Kingdom,Retail,Small,Business,Annual,255.16,1
CUST_000556,2023-12-08,2026-06-30,30,India,Retail,Mid-Market,Pro,Monthly,104.46,1
CUST_000557,2022-10-18,2026-06-30,44,United States,Professional Services,Mid-Market,Enterprise,Monthly,650.66,1
CUST_000558,2022-02-11,2026-06-30,52,United States,Technology,Mid-Market,Enterprise,Annual,576.98,1
CUST_000559,2022-07-09,2026-06-30,47,Germany,Technology,Small,Basic,Monthly,48.61,1
CUST_000560,2022-03-26,2026-06-30,51,United States,Professional Services,Small,Business,Annual,222.93,1
CUST_000561,2023-10-11,2026-06-30,32,India,Technology,Small,Basic,Monthly,42.97,0
CUST_000562,2026-03-14,2026-06-30,3,United States,Professional Services,Small,Basic,Monthly,50.28,1
CUST_000563,2023-12-28,2026-06-30,30,United States,Retail,Small,Pro,Monthly,94.78,0
CUST_000564,2025-07-10,2026-06-30,11,United States,Professional Services,Small,Basic,Monthly,44.17,0
CUST_000565,2022-01-17,2026-06-30,53,India,Retail,Small,Basic,Monthly,46.15,1
CUST_000566,2025-04-02,2026-06-30,14,United States,Professional Services,Small,Basic,Annual,49.84,1
CUST_000567,2025-04-17,2026-06-30,14,United Kingdom,Manufacturing,Small,Pro,Monthly,100.9,0
CUST_000568,2025-03-10,2026-06-30,15,United States,Healthcare,Small,Pro,Annual,90.9,1
CUST_000569,2023-04-04,2026-06-30,38,United States,Finance,Small,Pro,Monthly,105.12,1
CUST_000570,2023-08-10,2026-06-30,34,India,Technology,Small,Pro,Annual,95.56,1
CUST_000571,2021-10-01,2026-06-30,56,United States,Finance,Mid-Market,Business,Annual,252.42,1
CUST_000572,2024-05-14,2026-06-30,25,United States,Professional Services,Small,Pro,Monthly,99.19,1
CUST_000573,2025-01-10,2026-06-30,17,Canada,Finance,Small,Business,Annual,248.86,1
CUST_000574,2026-03-04,2026-06-30,3,India,Manufacturing,Enterprise,Business,Monthly,237.34,1
CUST_000575,2026-05-19,2026-06-30,1,United States,Healthcare,Small,Pro,Monthly,98.88,0
CUST_000576,2024-07-30,2026-06-30,22,United States,Finance,Small,Basic,Monthly,49.66,1
CUST_000577,2021-11-12,2026-06-30,55,India,Professional Services,Mid-Market,Pro,Monthly,98.01,1
CUST_000578,2023-11-03,2026-06-30,31,Germany,Technology,Mid-Market,Pro,Monthly,99.5,0
CUST_000579,2022-01-09,2026-06-30,53,India,Retail,Enterprise,Business,Annual,262.72,1
CUST_000580,2025-11-30,2026-06-30,6,Germany,Healthcare,Enterprise,Enterprise,Monthly,584.89,1
CUST_000581,2025-12-15,2026-06-30,6,Germany,Technology,Mid-Market,Business,Annual,257.13,1
CUST_000582,2022-04-26,2026-06-30,50,United States,Technology,Small,Business,Annual,246.38,0
CUST_000583,2025-11-21,2026-06-30,7,United States,Retail,Small,Basic,Monthly,52.49,0
CUST_000584,2026-02-27,2026-06-30,4,Germany,Technology,Small,Pro,Monthly,92.04,0
CUST_000585,2024-06-05,2026-06-30,24,Germany,Manufacturing,Small,Basic,Monthly,52.19,0
CUST_000586,2021-11-13,2026-06-30,55,India,Retail,Enterprise,Enterprise,Annual,583.08,1
CUST_000587,2023-01-10,2026-06-30,41,United Kingdom,Technology,Small,Basic,Monthly,54.17,0
CUST_000588,2025-12-05,2026-06-30,6,United States,Finance,Enterprise,Enterprise,Annual,612.04,1
CUST_000589,2022-04-20,2026-06-30,50,Canada,Technology,Small,Business,Annual,259.59,1
CUST_000590,2022-04-08,2026-06-30,50,United Kingdom,Manufacturing,Small,Pro,Annual,98.2,1
CUST_000591,2022-06-24,2026-06-30,48,Canada,Healthcare,Enterprise,Enterprise,Annual,619.39,1
CUST_000592,2021-12-23,2026-06-30,54,Australia,Technology,Small,Basic,Monthly,50.67,1
CUST_000593,2025-03-27,2026-06-30,15,United Kingdom,Healthcare,Small,Basic,Monthly,48.65,1
CUST_000594,2021-08-07,2026-06-30,58,United States,Healthcare,Small,Basic,Monthly,50.87,1
CUST_000595,2024-11-02,2026-06-30,19,United Kingdom,Retail,Small,Basic,Monthly,40.77,1
CUST_000596,2022-06-22,2026-06-30,48,United Kingdom,Technology,Small,Basic,Monthly,47.42,1
CUST_000597,2023-07-27,2026-06-30,35,India,Technology,Mid-Market,Business,Monthly,249.27,1
CUST_000598,2022-08-01,2026-06-30,46,Canada,Finance,Enterprise,Enterprise,Annual,614.03,1
CUST_000599,2023-05-01,2026-06-30,37,United Kingdom,Retail,Mid-Market,Business,Annual,261.1,1
CUST_000600,2023-04-04,2026-06-30,38,Canada,Retail,Mid-Market,Business,Annual,245.85,1
CUST_000601,2023-05-21,2026-06-30,37,United Kingdom,Finance,Mid-Market,Business,Monthly,244.14,0
CUST_000602,2022-08-02,2026-06-30,46,United States,Technology,Small,Basic,Annual,51.14,1
CUST_000603,2022-10-13,2026-06-30,44,India,Retail,Mid-Market,Business,Monthly,263.34,1
CUST_000604,2025-10-02,2026-06-30,8,India,Technology,Mid-Market,Pro,Monthly,102.66,1
CUST_000605,2022-05-10,2026-06-30,49,United Kingdom,Retail,Small,Basic,Monthly,48.63,1
CUST_000606,2023-10-12,2026-06-30,32,United Kingdom,Healthcare,Small,Business,Monthly,280.73,1
CUST_000607,2024-10-29,2026-06-30,20,United States,Technology,Mid-Market,Pro,Monthly,99.39,0
CUST_000608,2023-11-20,2026-06-30,31,United Kingdom,Healthcare,Enterprise,Business,Monthly,251.69,1
CUST_000609,2021-08-30,2026-06-30,57,Canada,Technology,Enterprise,Pro,Annual,107.08,1
CUST_000610,2022-03-14,2026-06-30,51,Germany,Retail,Small,Pro,Monthly,106.56,0
CUST_000611,2022-04-26,2026-06-30,50,United States,Technology,Mid-Market,Pro,Annual,102.5,1
CUST_000612,2024-02-21,2026-06-30,28,Germany,Healthcare,Small,Pro,Monthly,94.54,0
CUST_000613,2022-07-24,2026-06-30,47,United States,Healthcare,Enterprise,Business,Monthly,250.4,1
CUST_000614,2024-07-09,2026-06-30,23,United Kingdom,Technology,Mid-Market,Business,Annual,255.44,1
CUST_000615,2023-01-16,2026-06-30,41,United Kingdom,Retail,Enterprise,Enterprise,Annual,657.46,1
CUST_000616,2023-04-09,2026-06-30,38,United States,Manufacturing,Enterprise,Business,Monthly,285.72,1
CUST_000617,2025-03-09,2026-06-30,15,Canada,Professional Services,Small,Pro,Annual,96.03,1
CUST_000618,2025-02-07,2026-06-30,16,Australia,Technology,Enterprise,Business,Annual,259.62,1
CUST_000619,2026-02-11,2026-06-30,4,United Kingdom,Technology,Mid-Market,Pro,Annual,94.97,1
CUST_000620,2025-09-23,2026-06-30,9,United States,Finance,Small,Basic,Monthly,48.69,0
CUST_000621,2024-04-13,2026-06-30,26,Canada,Professional Services,Small,Basic,Monthly,46.87,1
CUST_000622,2024-01-25,2026-06-30,29,United States,Healthcare,Mid-Market,Enterprise,Annual,648.99,1
CUST_000623,2025-08-08,2026-06-30,10,United Kingdom,Finance,Small,Pro,Annual,100.18,1
CUST_000624,2024-05-13,2026-06-30,25,United Kingdom,Manufacturing,Small,Pro,Monthly,100.45,0
CUST_000625,2023-06-12,2026-06-30,36,United States,Technology,Mid-Market,Pro,Monthly,99.24,0
CUST_000626,2025-04-09,2026-06-30,14,United Kingdom,Healthcare,Small,Pro,Monthly,100.86,1
CUST_000627,2024-10-01,2026-06-30,20,Germany,Healthcare,Small,Pro,Annual,101.03,1
CUST_000628,2024-08-10,2026-06-30,22,Germany,Retail,Mid-Market,Basic,Monthly,47.32,1
CUST_000629,2023-12-07,2026-06-30,30,United States,Manufacturing,Small,Pro,Monthly,90.65,0
CUST_000630,2024-08-12,2026-06-30,22,United States,Finance,Mid-Market,Business,Monthly,232.47,1
CUST_000631,2022-10-17,2026-06-30,44,Canada,Retail,Small,Business,Annual,228.95,1
CUST_000632,2024-10-21,2026-06-30,20,United States,Healthcare,Enterprise,Enterprise,Annual,604.84,1
CUST_000633,2024-04-13,2026-06-30,26,Canada,Technology,Small,Basic,Monthly,47.0,1
CUST_000634,2024-07-19,2026-06-30,23,United States,Professional Services,Mid-Market,Business,Monthly,261.2,1
CUST_000635,2025-07-07,2026-06-30,11,United States,Manufacturing,Mid-Market,Enterprise,Annual,606.21,1
CUST_000636,2023-01-17,2026-06-30,41,United Kingdom,Professional Services,Enterprise,Enterprise,Annual,544.03,1
CUST_000637,2025-04-04,2026-06-30,14,United States,Manufacturing,Small,Basic,Monthly,47.99,1
CUST_000638,2024-12-15,2026-06-30,18,Germany,Technology,Small,Basic,Monthly,43.8,1
CUST_000639,2022-07-09,2026-06-30,47,United States,Healthcare,Small,Basic,Monthly,46.2,0
CUST_000640,2021-10-01,2026-06-30,56,United Kingdom,Finance,Small,Basic,Monthly,47.8,0
CUST_000641,2023-02-12,2026-06-30,40,United States,Technology,Small,Business,Annual,237.23,1
CUST_000642,2021-11-29,2026-06-30,54,Australia,Healthcare,Mid-Market,Enterprise,Annual,655.45,1
CUST_000643,2022-03-20,2026-06-30,51,Australia,Finance,Small,Business,Annual,258.32,1
CUST_000644,2024-01-19,2026-06-30,29,United States,Technology,Small,Basic,Monthly,48.2,1
CUST_000645,2022-08-18,2026-06-30,46,United Kingdom,Professional Services,Small,Pro,Monthly,106.06,0
CUST_000646,2024-10-19,2026-06-30,20,United States,Technology,Mid-Market,Business,Monthly,236.87,0
CUST_000647,2024-02-25,2026-06-30,28,United Kingdom,Healthcare,Mid-Market,Business,Annual,244.86,1
CUST_000648,2023-10-13,2026-06-30,32,United States,Manufacturing,Small,Basic,Annual,51.09,1
CUST_000649,2021-09-10,2026-06-30,57,Canada,Retail,Small,Business,Monthly,235.11,1
CUST_000650,2022-03-30,2026-06-30,51,United States,Technology,Small,Pro,Monthly,102.39,0
CUST_000651,2024-01-04,2026-06-30,29,India,Retail,Mid-Market,Business,Annual,252.65,1
CUST_000652,2023-03-17,2026-06-30,39,Canada,Manufacturing,Mid-Market,Basic,Monthly,50.44,0
CUST_000653,2025-06-02,2026-06-30,12,United Kingdom,Professional Services,Small,Basic,Monthly,53.4,0
CUST_000654,2022-06-18,2026-06-30,48,United States,Finance,Small,Basic,Monthly,50.12,1
CUST_000655,2023-09-12,2026-06-30,33,United States,Technology,Mid-Market,Business,Monthly,250.57,0
CUST_000656,2023-10-18,2026-06-30,32,United States,Retail,Mid-Market,Business,Annual,230.36,1
CUST_000657,2022-08-25,2026-06-30,46,India,Technology,Small,Basic,Monthly,49.52,1
CUST_000658,2023-04-21,2026-06-30,38,Australia,Manufacturing,Small,Basic,Monthly,47.82,1
CUST_000659,2026-01-21,2026-06-30,5,United States,Retail,Small,Pro,Monthly,98.39,0
CUST_000660,2024-12-30,2026-06-30,17,Germany,Manufacturing,Mid-Market,Business,Monthly,243.11,1
CUST_000661,2025-07-18,2026-06-30,11,Canada,Professional Services,Small,Basic,Monthly,50.2,0
CUST_000662,2022-10-20,2026-06-30,44,United States,Retail,Mid-Market,Business,Annual,236.67,1
CUST_000663,2026-03-29,2026-06-30,3,United Kingdom,Professional Services,Mid-Market,Business,Monthly,251.64,0
CUST_000664,2025-06-02,2026-06-30,12,United States,Retail,Mid-Market,Business,Annual,236.03,1
CUST_000665,2023-06-24,2026-06-30,36,United States,Technology,Enterprise,Business,Annual,226.61,1
CUST_000666,2022-12-31,2026-06-30,41,Germany,Manufacturing,Small,Pro,Annual,97.31,1
CUST_000667,2023-12-10,2026-06-30,30,United States,Retail,Mid-Market,Business,Annual,254.78,1
CUST_000668,2022-03-09,2026-06-30,51,India,Professional Services,Mid-Market,Business,Annual,239.33,1
CUST_000669,2021-11-24,2026-06-30,55,United Kingdom,Technology,Mid-Market,Business,Monthly,250.7,1
CUST_000670,2025-10-06,2026-06-30,8,Australia,Finance,Small,Basic,Monthly,48.11,1
CUST_000671,2021-09-25,2026-06-30,57,United Kingdom,Professional Services,Small,Basic,Monthly,46.46,1
CUST_000672,2023-05-25,2026-06-30,37,India,Technology,Enterprise,Enterprise,Annual,615.69,1
CUST_000673,2023-04-15,2026-06-30,38,United States,Retail,Small,Basic,Monthly,47.4,0
CUST_000674,2025-12-12,2026-06-30,6,United Kingdom,Healthcare,Enterprise,Pro,Annual,100.85,1
CUST_000675,2023-05-11,2026-06-30,37,Canada,Technology,Small,Pro,Monthly,91.77,0
CUST_000676,2022-11-06,2026-06-30,43,India,Technology,Small,Basic,Monthly,49.34,0
CUST_000677,2023-07-24,2026-06-30,35,United States,Manufacturing,Enterprise,Enterprise,Annual,617.68,1
CUST_000678,2025-12-31,2026-06-30,5,United Kingdom,Technology,Mid-Market,Business,Monthly,253.38,1
CUST_000679,2023-11-04,2026-06-30,31,Germany,Manufacturing,Mid-Market,Business,Annual,260.11,1
CUST_000680,2021-10-24,2026-06-30,56,United States,Manufacturing,Small,Basic,Monthly,50.58,1
CUST_000681,2022-11-10,2026-06-30,43,India,Retail,Small,Basic,Monthly,49.73,0
CUST_000682,2025-09-27,2026-06-30,9,United States,Healthcare,Small,Basic,Monthly,51.07,0
CUST_000683,2021-09-11,2026-06-30,57,United States,Technology,Mid-Market,Pro,Monthly,97.15,1
CUST_000684,2021-09-13,2026-06-30,57,United Kingdom,Manufacturing,Small,Basic,Monthly,50.28,1
CUST_000685,2025-07-31,2026-06-30,10,Canada,Technology,Small,Pro,Annual,99.11,1
CUST_000686,2022-06-24,2026-06-30,48,United States,Finance,Small,Basic,Monthly,53.53,1
CUST_000687,2024-05-31,2026-06-30,24,United States,Professional Services,Enterprise,Business,Annual,252.41,1
CUST_000688,2023-07-01,2026-06-30,35,United States,Finance,Mid-Market,Business,Annual,233.0,1
CUST_000689,2024-03-23,2026-06-30,27,Germany,Finance,Small,Basic,Monthly,49.62,0
CUST_000690,2022-07-27,2026-06-30,47,India,Professional Services,Enterprise,Enterprise,Annual,570.51,1
CUST_000691,2021-07-07,2026-06-30,59,United Kingdom,Technology,Small,Basic,Monthly,50.78,1
CUST_000692,2022-07-04,2026-06-30,47,United States,Technology,Small,Basic,Monthly,50.83,1
CUST_000693,2021-11-02,2026-06-30,55,United Kingdom,Healthcare,Small,Basic,Annual,47.51,1
CUST_000694,2021-10-06,2026-06-30,56,India,Manufacturing,Enterprise,Enterprise,Monthly,567.92,1
CUST_000695,2025-12-21,2026-06-30,6,Germany,Professional Services,Small,Basic,Monthly,49.33,0
CUST_000696,2025-03-03,2026-06-30,15,United States,Manufacturing,Small,Business,Annual,237.75,1
CUST_000697,2022-11-13,2026-06-30,43,United States,Professional Services,Enterprise,Pro,Monthly,94.85,1
CUST_000698,2023-07-07,2026-06-30,35,India,Technology,Mid-Market,Business,Annual,242.7,1
CUST_000699,2026-03-02,2026-06-30,3,India,Retail,Mid-Market,Business,Annual,256.77,1
CUST_000700,2025-12-12,2026-06-30,6,United States,Technology,Mid-Market,Business,Monthly,230.52,0
CUST_000701,2023-11-09,2026-06-30,31,Australia,Professional Services,Mid-Market,Business,Annual,239.61,1
CUST_000702,2023-05-21,2026-06-30,37,United States,Professional Services,Small,Business,Annual,278.86,1
CUST_000703,2025-08-03,2026-06-30,10,United States,Finance,Mid-Market,Pro,Monthly,108.67,0
CUST_000704,2025-07-28,2026-06-30,11,Germany,Professional Services,Small,Basic,Monthly,51.96,1
CUST_000705,2025-10-11,2026-06-30,8,United Kingdom,Retail,Small,Business,Monthly,249.55,1
CUST_000706,2023-08-21,2026-06-30,34,Canada,Technology,Enterprise,Pro,Annual,102.72,1
CUST_000707,2026-05-17,2026-06-30,1,India,Retail,Small,Pro,Annual,97.1,1
CUST_000708,2023-08-08,2026-06-30,34,Australia,Professional Services,Small,Basic,Annual,42.37,1
CUST_000709,2024-01-28,2026-06-30,29,United States,Finance,Small,Basic,Annual,47.6,1
CUST_000710,2024-02-15,2026-06-30,28,United Kingdom,Technology,Mid-Market,Pro,Annual,96.65,1
CUST_000711,2023-01-28,2026-06-30,41,Australia,Professional Services,Enterprise,Enterprise,Annual,599.85,1
CUST_000712,2023-11-05,2026-06-30,31,United Kingdom,Healthcare,Small,Basic,Annual,50.18,1
CUST_000713,2022-11-02,2026-06-30,43,India,Healthcare,Small,Basic,Monthly,53.04,1
CUST_000714,2022-08-29,2026-06-30,46,Germany,Manufacturing,Mid-Market,Pro,Monthly,99.16,0
CUST_000715,2021-11-22,2026-06-30,55,United States,Retail,Mid-Market,Basic,Monthly,46.54,1
CUST_000716,2022-06-27,2026-06-30,48,United States,Finance,Small,Basic,Monthly,48.52,0
CUST_000717,2023-11-14,2026-06-30,31,Australia,Technology,Small,Business,Annual,257.02,1
CUST_000718,2023-12-30,2026-06-30,29,India,Professional Services,Mid-Market,Business,Annual,247.6,1
CUST_000719,2025-04-03,2026-06-30,14,United States,Healthcare,Small,Basic,Monthly,47.03,1
CUST_000720,2023-06-20,2026-06-30,36,United States,Retail,Mid-Market,Pro,Monthly,101.6,1
CUST_000721,2025-09-24,2026-06-30,9,Germany,Professional Services,Small,Basic,Monthly,46.2,1
CUST_000722,2021-11-02,2026-06-30,55,United States,Technology,Mid-Market,Pro,Monthly,94.65,0
CUST_000723,2022-04-06,2026-06-30,50,United States,Professional Services,Mid-Market,Pro,Annual,101.06,1
CUST_000724,2025-10-29,2026-06-30,8,India,Manufacturing,Mid-Market,Enterprise,Annual,575.48,0
CUST_000725,2022-07-21,2026-06-30,47,Australia,Professional Services,Mid-Market,Pro,Monthly,97.25,1
CUST_000726,2025-11-02,2026-06-30,7,India,Technology,Small,Basic,Monthly,49.04,1
CUST_000727,2022-11-14,2026-06-30,43,United Kingdom,Finance,Small,Pro,Annual,98.79,1
CUST_000728,2025-12-25,2026-06-30,6,United States,Retail,Small,Basic,Monthly,46.63,1
CUST_000729,2024-01-06,2026-06-30,29,India,Professional Services,Mid-Market,Business,Monthly,253.09,0
CUST_000730,2023-03-08,2026-06-30,39,United States,Professional Services,Mid-Market,Business,Annual,237.58,1
CUST_000731,2022-10-31,2026-06-30,43,United States,Healthcare,Small,Basic,Monthly,53.04,1
CUST_000732,2024-05-10,2026-06-30,25,India,Healthcare,Mid-Market,Business,Annual,244.0,1
CUST_000733,2021-11-19,2026-06-30,55,Germany,Technology,Small,Basic,Annual,50.49,1
CUST_000734,2022-08-11,2026-06-30,46,India,Retail,Small,Basic,Monthly,50.8,1
CUST_000735,2025-05-23,2026-06-30,13,United States,Professional Services,Small,Pro,Annual,97.24,1
CUST_000736,2023-02-12,2026-06-30,40,India,Manufacturing,Enterprise,Enterprise,Annual,570.04,1
CUST_000737,2022-10-28,2026-06-30,44,United Kingdom,Finance,Small,Basic,Monthly,50.79,0
CUST_000738,2024-10-10,2026-06-30,20,United Kingdom,Professional Services,Small,Basic,Monthly,45.51,1
CUST_000739,2022-10-14,2026-06-30,44,India,Technology,Mid-Market,Business,Monthly,233.19,1
CUST_000740,2021-12-31,2026-06-30,53,United States,Healthcare,Small,Pro,Monthly,102.0,1
CUST_000741,2022-05-26,2026-06-30,49,Germany,Retail,Small,Basic,Monthly,48.51,0
CUST_000742,2022-09-01,2026-06-30,45,United Kingdom,Healthcare,Small,Basic,Annual,47.27,0
CUST_000743,2023-04-19,2026-06-30,38,Australia,Manufacturing,Small,Pro,Monthly,96.53,0
CUST_000744,2025-01-31,2026-06-30,16,India,Retail,Small,Pro,Annual,95.06,1
CUST_000745,2022-07-04,2026-06-30,47,Germany,Technology,Small,Basic,Monthly,54.34,1
CUST_000746,2024-08-16,2026-06-30,22,United States,Technology,Mid-Market,Pro,Monthly,104.04,1
CUST_000747,2023-10-19,2026-06-30,32,United States,Healthcare,Mid-Market,Business,Annual,238.74,1
CUST_000748,2024-11-13,2026-06-30,19,India,Retail,Enterprise,Enterprise,Annual,589.64,1
CUST_000749,2024-11-16,2026-06-30,19,India,Healthcare,Small,Pro,Annual,101.95,1
CUST_000750,2025-08-22,2026-06-30,10,India,Finance,Small,Pro,Monthly,94.17,0
CUST_000751,2021-09-09,2026-06-30,57,United States,Technology,Small,Basic,Monthly,47.63,1
CUST_000752,2025-09-08,2026-06-30,9,United States,Manufacturing,Small,Basic,Monthly,48.27,1
CUST_000753,2025-12-28,2026-06-30,6,Germany,Healthcare,Mid-Market,Business,Monthly,238.03,1
CUST_000754,2021-10-24,2026-06-30,56,Germany,Healthcare,Small,Business,Monthly,262.65,1
CUST_000755,2023-09-08,2026-06-30,33,United States,Healthcare,Mid-Market,Business,Annual,240.11,1
CUST_000756,2024-04-05,2026-06-30,26,United Kingdom,Finance,Mid-Market,Business,Monthly,247.55,1
CUST_000757,2022-10-16,2026-06-30,44,United States,Finance,Small,Business,Annual,250.45,1
CUST_000758,2024-07-12,2026-06-30,23,Canada,Technology,Enterprise,Business,Annual,268.75,1
CUST_000759,2025-10-14,2026-06-30,8,United States,Manufacturing,Small,Basic,Monthly,48.79,1
CUST_000760,2022-10-30,2026-06-30,43,United States,Finance,Enterprise,Enterprise,Annual,663.0,1
CUST_000761,2025-07-20,2026-06-30,11,United States,Finance,Mid-Market,Business,Annual,244.48,1
CUST_000762,2023-09-12,2026-06-30,33,India,Professional Services,Small,Pro,Monthly,97.91,0
CUST_000763,2021-10-01,2026-06-30,56,Germany,Finance,Small,Basic,Monthly,51.3,1
CUST_000764,2021-10-24,2026-06-30,56,India,Healthcare,Small,Basic,Monthly,53.7,1
CUST_000765,2024-08-22,2026-06-30,22,Canada,Finance,Mid-Market,Pro,Monthly,97.69,1
CUST_000766,2022-07-31,2026-06-30,46,Canada,Finance,Small,Basic,Monthly,52.03,0
CUST_000767,2023-05-28,2026-06-30,37,United States,Technology,Mid-Market,Pro,Monthly,103.19,0
CUST_000768,2024-01-22,2026-06-30,29,United Kingdom,Professional Services,Small,Basic,Monthly,47.14,1
CUST_000769,2025-09-22,2026-06-30,9,United States,Healthcare,Enterprise,Pro,Annual,98.91,1
CUST_000770,2024-07-25,2026-06-30,23,Germany,Manufacturing,Small,Basic,Monthly,48.9,0
CUST_000771,2023-03-18,2026-06-30,39,Australia,Professional Services,Mid-Market,Business,Annual,236.16,1
CUST_000772,2021-07-25,2026-06-30,59,India,Technology,Mid-Market,Business,Monthly,251.04,0
CUST_000773,2026-05-23,2026-06-30,1,United States,Retail,Small,Basic,Monthly,49.2,1
CUST_000774,2022-11-20,2026-06-30,43,United Kingdom,Technology,Small,Business,Annual,253.67,0
CUST_000775,2022-04-03,2026-06-30,50,United States,Healthcare,Mid-Market,Pro,Monthly,99.35,1
CUST_000776,2021-09-27,2026-06-30,57,United States,Professional Services,Mid-Market,Business,Annual,240.69,1
CUST_000777,2024-05-01,2026-06-30,25,Germany,Technology,Mid-Market,Business,Monthly,279.45,0
CUST_000778,2025-10-31,2026-06-30,7,United Kingdom,Professional Services,Small,Pro,Annual,100.07,1
CUST_000779,2025-01-30,2026-06-30,16,Germany,Retail,Enterprise,Enterprise,Annual,637.93,1
CUST_000780,2022-03-27,2026-06-30,51,United States,Finance,Enterprise,Business,Annual,254.45,1
CUST_000781,2022-02-06,2026-06-30,52,India,Technology,Mid-Market,Business,Annual,267.76,1
CUST_000782,2023-04-14,2026-06-30,38,India,Retail,Small,Pro,Annual,95.16,1
CUST_000783,2025-10-23,2026-06-30,8,Canada,Healthcare,Small,Pro,Monthly,98.56,1
CUST_000784,2025-10-25,2026-06-30,8,India,Technology,Enterprise,Business,Monthly,243.42,1
CUST_000785,2024-01-24,2026-06-30,29,United States,Healthcare,Mid-Market,Enterprise,Annual,581.87,1
CUST_000786,2023-07-11,2026-06-30,35,Germany,Technology,Mid-Market,Enterprise,Annual,607.01,1
CUST_000787,2026-04-03,2026-06-30,2,India,Professional Services,Enterprise,Enterprise,Annual,591.63,1
CUST_000788,2023-01-16,2026-06-30,41,Australia,Finance,Small,Business,Monthly,231.23,1
CUST_000789,2023-09-27,2026-06-30,33,Australia,Healthcare,Mid-Market,Business,Annual,245.23,1
CUST_000790,2026-05-09,2026-06-30,1,Canada,Manufacturing,Mid-Market,Pro,Annual,97.09,1
CUST_000791,2025-12-11,2026-06-30,6,Australia,Manufacturing,Mid-Market,Business,Annual,259.97,1
CUST_000792,2024-03-07,2026-06-30,27,Germany,Professional Services,Mid-Market,Business,Monthly,230.99,1
CUST_000793,2022-11-11,2026-06-30,43,United States,Professional Services,Small,Basic,Annual,47.74,0
CUST_000794,2022-05-11,2026-06-30,49,United States,Technology,Small,Basic,Annual,47.16,0
CUST_000795,2024-04-17,2026-06-30,26,Australia,Finance,Enterprise,Enterprise,Annual,621.31,1
CUST_000796,2024-12-17,2026-06-30,18,United Kingdom,Retail,Mid-Market,Pro,Monthly,96.3,1
CUST_000797,2021-08-27,2026-06-30,58,Canada,Technology,Small,Pro,Monthly,104.18,1
CUST_000798,2024-02-28,2026-06-30,28,India,Manufacturing,Enterprise,Enterprise,Annual,597.59,1
CUST_000799,2024-11-11,2026-06-30,19,United Kingdom,Technology,Small,Basic,Monthly,50.2,1
CUST_000800,2024-03-29,2026-06-30,27,United States,Professional Services,Small,Pro,Monthly,104.47,0
CUST_000801,2026-05-10,2026-06-30,1,Canada,Manufacturing,Enterprise,Business,Annual,234.03,0
CUST_000802,2024-12-06,2026-06-30,18,United Kingdom,Retail,Mid-Market,Business,Annual,245.92,1
CUST_000803,2023-11-18,2026-06-30,31,Germany,Healthcare,Enterprise,Enterprise,Annual,611.61,1
CUST_000804,2021-11-25,2026-06-30,55,United Kingdom,Professional Services,Enterprise,Pro,Annual,99.98,1
CUST_000805,2022-10-14,2026-06-30,44,Canada,Manufacturing,Small,Basic,Monthly,45.82,1
CUST_000806,2022-07-29,2026-06-30,47,Germany,Manufacturing,Small,Business,Annual,257.67,1
CUST_000807,2023-09-26,2026-06-30,33,Germany,Professional Services,Mid-Market,Pro,Monthly,99.24,1
CUST_000808,2025-11-14,2026-06-30,7,Australia,Technology,Small,Basic,Monthly,49.31,0
CUST_000809,2024-06-29,2026-06-30,24,United States,Technology,Mid-Market,Business,Annual,246.24,1
CUST_000810,2021-07-07,2026-06-30,59,Germany,Technology,Small,Basic,Monthly,41.2,1
CUST_000811,2026-03-13,2026-06-30,3,Canada,Retail,Small,Basic,Monthly,50.34,1
CUST_000812,2022-02-03,2026-06-30,52,United States,Retail,Small,Pro,Monthly,101.91,0
CUST_000813,2023-01-19,2026-06-30,41,Germany,Finance,Mid-Market,Business,Monthly,243.75,0
CUST_000814,2025-01-07,2026-06-30,17,Germany,Professional Services,Mid-Market,Pro,Annual,91.65,1
CUST_000815,2022-08-04,2026-06-30,46,United Kingdom,Technology,Small,Pro,Monthly,96.35,0
CUST_000816,2022-04-20,2026-06-30,50,Australia,Manufacturing,Small,Basic,Monthly,51.44,0
CUST_000817,2026-03-15,2026-06-30,3,United States,Healthcare,Small,Basic,Monthly,48.0,1
CUST_000818,2025-11-21,2026-06-30,7,United States,Healthcare,Mid-Market,Enterprise,Annual,599.67,0
CUST_000819,2023-02-21,2026-06-30,40,United States,Technology,Small,Pro,Monthly,97.35,0
CUST_000820,2021-07-03,2026-06-30,59,Canada,Manufacturing,Mid-Market,Business,Annual,252.93,1
CUST_000821,2026-04-18,2026-06-30,2,Germany,Manufacturing,Mid-Market,Business,Annual,232.61,1
CUST_000822,2023-02-22,2026-06-30,40,Australia,Finance,Small,Pro,Annual,98.0,1
CUST_000823,2025-09-28,2026-06-30,9,Germany,Healthcare,Mid-Market,Business,Annual,262.65,1
CUST_000824,2023-03-22,2026-06-30,39,United States,Retail,Enterprise,Business,Annual,237.58,1
CUST_000825,2023-05-09,2026-06-30,37,United States,Finance,Small,Basic,Annual,48.33,1
CUST_000826,2025-12-20,2026-06-30,6,United States,Retail,Small,Basic,Monthly,51.58,0
CUST_000827,2023-01-26,2026-06-30,41,Germany,Healthcare,Small,Business,Annual,258.3,1
CUST_000828,2022-01-02,2026-06-30,53,United States,Professional Services,Mid-Market,Business,Monthly,254.63,1
CUST_000829,2022-03-04,2026-06-30,51,United Kingdom,Manufacturing,Enterprise,Business,Annual,253.84,1
CUST_000830,2026-04-09,2026-06-30,2,Australia,Technology,Mid-Market,Pro,Annual,100.85,1
CUST_000831,2025-03-16,2026-06-30,15,Germany,Manufacturing,Enterprise,Enterprise,Annual,592.1,0
CUST_000832,2025-03-25,2026-06-30,15,United States,Finance,Mid-Market,Pro,Annual,104.46,1
CUST_000833,2024-03-09,2026-06-30,27,United States,Professional Services,Small,Pro,Monthly,96.68,0
CUST_000834,2025-09-17,2026-06-30,9,United Kingdom,Retail,Small,Pro,Monthly,94.08,1
CUST_000835,2022-03-20,2026-06-30,51,United Kingdom,Technology,Mid-Market,Enterprise,Annual,557.55,1
CUST_000836,2022-08-06,2026-06-30,46,United States,Manufacturing,Mid-Market,Pro,Annual,95.95,1
CUST_000837,2022-06-11,2026-06-30,48,India,Technology,Small,Pro,Monthly,95.88,0
CUST_000838,2025-06-10,2026-06-30,12,Canada,Professional Services,Small,Basic,Monthly,47.26,0
CUST_000839,2026-05-05,2026-06-30,1,Canada,Professional Services,Small,Business,Monthly,234.36,1
CUST_000840,2021-12-09,2026-06-30,54,United States,Retail,Small,Basic,Annual,49.92,1
CUST_000841,2024-12-29,2026-06-30,18,United States,Healthcare,Mid-Market,Business,Annual,237.22,1
CUST_000842,2023-03-10,2026-06-30,39,United States,Retail,Mid-Market,Business,Annual,255.83,1
CUST_000843,2021-12-11,2026-06-30,54,United States,Healthcare,Mid-Market,Business,Monthly,257.98,1
CUST_000844,2026-03-28,2026-06-30,3,United Kingdom,Technology,Small,Basic,Monthly,55.3,0
CUST_000845,2026-05-22,2026-06-30,1,Canada,Professional Services,Enterprise,Pro,Monthly,96.75,0
CUST_000846,2026-05-22,2026-06-30,1,India,Finance,Small,Pro,Annual,98.21,1
CUST_000847,2025-08-24,2026-06-30,10,India,Finance,Small,Basic,Annual,47.17,0
CUST_000848,2026-02-28,2026-06-30,4,United States,Technology,Mid-Market,Pro,Monthly,93.2,0
CUST_000849,2022-05-21,2026-06-30,49,United States,Professional Services,Enterprise,Business,Annual,243.77,1
CUST_000850,2023-06-09,2026-06-30,36,Australia,Professional Services,Enterprise,Enterprise,Annual,575.76,1
CUST_000851,2021-08-06,2026-06-30,58,India,Finance,Small,Pro,Monthly,93.14,1
CUST_000852,2022-06-23,2026-06-30,48,India,Finance,Small,Pro,Monthly,100.17,1
CUST_000853,2021-09-06,2026-06-30,57,United States,Manufacturing,Mid-Market,Business,Annual,235.65,1
CUST_000854,2025-03-29,2026-06-30,15,United States,Healthcare,Mid-Market,Business,Monthly,256.05,1
CUST_000855,2024-12-31,2026-06-30,17,United States,Professional Services,Small,Basic,Monthly,51.1,0
CUST_000856,2022-03-29,2026-06-30,51,Australia,Professional Services,Small,Basic,Monthly,46.88,1
CUST_000857,2025-03-18,2026-06-30,15,United Kingdom,Manufacturing,Small,Pro,Annual,105.92,1
CUST_000858,2026-02-18,2026-06-30,4,Canada,Technology,Small,Pro,Annual,100.99,1
CUST_000859,2023-02-15,2026-06-30,40,United Kingdom,Manufacturing,Small,Basic,Monthly,48.82,0
CUST_000860,2022-06-24,2026-06-30,48,United States,Professional Services,Mid-Market,Business,Annual,226.86,1
CUST_000861,2021-08-28,2026-06-30,58,United Kingdom,Finance,Small,Basic,Annual,44.8,1
CUST_000862,2021-11-08,2026-06-30,55,United States,Professional Services,Mid-Market,Pro,Monthly,106.78,0
CUST_000863,2025-10-28,2026-06-30,8,United Kingdom,Healthcare,Mid-Market,Business,Annual,265.43,1
CUST_000864,2022-08-15,2026-06-30,46,Germany,Professional Services,Small,Business,Annual,268.92,1
CUST_000865,2022-04-04,2026-06-30,50,Germany,Retail,Small,Basic,Monthly,53.55,1
CUST_000866,2022-12-25,2026-06-30,42,United States,Technology,Enterprise,Business,Monthly,266.12,0
CUST_000867,2022-05-21,2026-06-30,49,Australia,Healthcare,Mid-Market,Business,Monthly,251.97,1
CUST_000868,2022-04-18,2026-06-30,50,Germany,Technology,Enterprise,Enterprise,Annual,615.77,1
CUST_000869,2024-03-21,2026-06-30,27,United States,Finance,Small,Basic,Monthly,47.32,0
CUST_000870,2026-03-20,2026-06-30,3,United States,Professional Services,Mid-Market,Pro,Annual,100.18,1
CUST_000871,2024-03-04,2026-06-30,27,United Kingdom,Technology,Enterprise,Enterprise,Annual,621.33,1
CUST_000872,2025-06-03,2026-06-30,12,United States,Professional Services,Small,Pro,Monthly,102.79,0
CUST_000873,2025-11-08,2026-06-30,7,United States,Technology,Small,Basic,Monthly,48.69,0
CUST_000874,2025-10-19,2026-06-30,8,United States,Retail,Enterprise,Business,Annual,223.73,1
CUST_000875,2022-12-27,2026-06-30,42,United States,Professional Services,Small,Pro,Monthly,91.51,0
CUST_000876,2023-12-08,2026-06-30,30,Canada,Retail,Small,Basic,Monthly,50.17,1
CUST_000877,2023-10-05,2026-06-30,32,United Kingdom,Professional Services,Enterprise,Basic,Monthly,47.76,1
CUST_000878,2022-10-02,2026-06-30,44,United States,Professional Services,Small,Basic,Monthly,50.63,0
CUST_000879,2023-09-20,2026-06-30,33,Germany,Retail,Mid-Market,Enterprise,Annual,562.54,1
CUST_000880,2023-04-27,2026-06-30,38,United States,Manufacturing,Mid-Market,Business,Annual,265.95,1
CUST_000881,2025-12-28,2026-06-30,6,United States,Technology,Mid-Market,Business,Annual,237.33,1
CUST_000882,2022-03-26,2026-06-30,51,United States,Healthcare,Small,Basic,Annual,52.62,1
CUST_000883,2024-03-17,2026-06-30,27,Australia,Finance,Small,Basic,Monthly,45.2,0
CUST_000884,2025-08-26,2026-06-30,10,India,Professional Services,Mid-Market,Enterprise,Annual,617.07,1
CUST_000885,2022-06-02,2026-06-30,48,Canada,Retail,Mid-Market,Business,Annual,237.4,1
CUST_000886,2022-10-21,2026-06-30,44,United States,Retail,Small,Basic,Monthly,48.98,1
CUST_000887,2026-02-25,2026-06-30,4,United States,Professional Services,Small,Pro,Monthly,104.33,1
CUST_000888,2025-06-19,2026-06-30,12,United States,Technology,Small,Basic,Monthly,51.21,1
CUST_000889,2026-05-03,2026-06-30,1,Australia,Professional Services,Small,Basic,Monthly,46.98,1
CUST_000890,2025-01-30,2026-06-30,16,United States,Technology,Mid-Market,Pro,Annual,95.97,1
CUST_000891,2025-12-03,2026-06-30,6,India,Finance,Enterprise,Enterprise,Annual,551.9,1
CUST_000892,2022-12-04,2026-06-30,42,United Kingdom,Retail,Small,Pro,Monthly,90.13,1
CUST_000893,2023-11-06,2026-06-30,31,Canada,Finance,Enterprise,Enterprise,Annual,574.03,1
CUST_000894,2021-08-06,2026-06-30,58,Australia,Retail,Mid-Market,Pro,Monthly,94.77,1
CUST_000895,2022-09-24,2026-06-30,45,United States,Manufacturing,Mid-Market,Business,Annual,230.25,1
CUST_000896,2023-05-30,2026-06-30,37,Australia,Professional Services,Enterprise,Business,Annual,246.44,1
CUST_000897,2023-11-29,2026-06-30,31,United States,Technology,Small,Basic,Annual,48.92,1
CUST_000898,2026-02-23,2026-06-30,4,Australia,Technology,Enterprise,Enterprise,Annual,598.6,1
CUST_000899,2026-01-25,2026-06-30,5,United Kingdom,Technology,Small,Pro,Annual,95.05,1
CUST_000900,2023-05-21,2026-06-30,37,United States,Healthcare,Small,Basic,Monthly,47.58,1
CUST_000901,2026-05-24,2026-06-30,1,Australia,Technology,Mid-Market,Pro,Monthly,97.43,0
CUST_000902,2026-03-16,2026-06-30,3,United States,Finance,Small,Pro,Annual,103.04,1
CUST_000903,2025-05-03,2026-06-30,13,United States,Professional Services,Mid-Market,Pro,Monthly,95.65,0
CUST_000904,2022-01-25,2026-06-30,53,Australia,Professional Services,Small,Pro,Annual,90.69,1
CUST_000905,2024-02-28,2026-06-30,28,Canada,Professional Services,Small,Pro,Annual,97.41,1
CUST_000906,2022-12-05,2026-06-30,42,India,Technology,Mid-Market,Business,Annual,243.57,0
CUST_000907,2024-05-23,2026-06-30,25,United Kingdom,Retail,Small,Basic,Monthly,45.04,1
CUST_000908,2025-07-25,2026-06-30,11,United Kingdom,Technology,Small,Pro,Monthly,97.02,1
CUST_000909,2024-08-03,2026-06-30,22,United States,Finance,Small,Business,Annual,237.98,1
CUST_000910,2025-12-18,2026-06-30,6,United States,Healthcare,Enterprise,Enterprise,Annual,596.67,1
CUST_000911,2022-08-18,2026-06-30,46,India,Professional Services,Mid-Market,Pro,Monthly,101.08,1
CUST_000912,2025-07-06,2026-06-30,11,United States,Retail,Small,Enterprise,Annual,582.93,1
CUST_000913,2024-07-25,2026-06-30,23,United Kingdom,Finance,Mid-Market,Pro,Annual,101.53,1
CUST_000914,2021-08-06,2026-06-30,58,United States,Retail,Mid-Market,Pro,Annual,97.48,1
CUST_000915,2023-07-04,2026-06-30,35,United States,Professional Services,Small,Basic,Annual,48.35,1
CUST_000916,2024-02-28,2026-06-30,28,United Kingdom,Technology,Small,Basic,Annual,48.24,1
CUST_000917,2023-09-30,2026-06-30,32,Australia,Manufacturing,Mid-Market,Pro,Monthly,98.04,0
CUST_000918,2022-07-24,2026-06-30,47,Australia,Technology,Small,Pro,Annual,92.19,1
CUST_000919,2025-03-01,2026-06-30,15,India,Technology,Enterprise,Pro,Monthly,89.95,0
CUST_000920,2023-04-15,2026-06-30,38,United States,Professional Services,Small,Basic,Monthly,51.74,0
CUST_000921,2022-02-15,2026-06-30,52,Canada,Technology,Mid-Market,Business,Monthly,251.63,1
CUST_000922,2023-08-08,2026-06-30,34,United States,Manufacturing,Small,Basic,Annual,47.67,0
CUST_000923,2024-03-21,2026-06-30,27,Germany,Technology,Mid-Market,Business,Annual,262.24,1
CUST_000924,2025-09-13,2026-06-30,9,United States,Retail,Enterprise,Enterprise,Annual,684.79,0
CUST_000925,2025-03-12,2026-06-30,15,United Kingdom,Retail,Small,Basic,Monthly,45.32,1
CUST_000926,2021-10-06,2026-06-30,56,United States,Professional Services,Small,Basic,Monthly,48.9,0
CUST_000927,2023-10-03,2026-06-30,32,Australia,Professional Services,Mid-Market,Basic,Monthly,50.63,1
CUST_000928,2024-12-07,2026-06-30,18,Australia,Retail,Small,Pro,Monthly,90.93,0
CUST_000929,2024-05-11,2026-06-30,25,India,Finance,Small,Basic,Annual,45.26,0
CUST_000930,2023-07-29,2026-06-30,35,United States,Technology,Mid-Market,Enterprise,Annual,627.54,0
CUST_000931,2023-10-10,2026-06-30,32,India,Retail,Small,Pro,Monthly,98.73,1
CUST_000932,2022-12-22,2026-06-30,42,United States,Healthcare,Small,Pro,Monthly,95.57,1
CUST_000933,2025-02-23,2026-06-30,16,United States,Technology,Small,Business,Annual,228.57,1
CUST_000934,2023-03-23,2026-06-30,39,United States,Professional Services,Small,Basic,Monthly,49.8,0
CUST_000935,2024-03-28,2026-06-30,27,United States,Finance,Enterprise,Enterprise,Annual,557.02,1
CUST_000936,2021-10-16,2026-06-30,56,United Kingdom,Technology,Small,Pro,Annual,93.96,1
CUST_000937,2025-08-21,2026-06-30,10,United States,Professional Services,Small,Pro,Monthly,94.27,0
CUST_000938,2025-09-07,2026-06-30,9,United States,Retail,Mid-Market,Business,Annual,244.78,1
CUST_000939,2024-02-23,2026-06-30,28,United Kingdom,Manufacturing,Mid-Market,Pro,Monthly,93.55,1
CUST_000940,2023-12-01,2026-06-30,30,Australia,Technology,Small,Pro,Annual,94.3,1
CUST_000941,2023-01-07,2026-06-30,41,Germany,Healthcare,Mid-Market,Business,Monthly,260.77,0
CUST_000942,2024-06-05,2026-06-30,24,United Kingdom,Retail,Mid-Market,Business,Monthly,251.09,1
CUST_000943,2021-12-03,2026-06-30,54,United States,Finance,Small,Pro,Annual,99.08,1
CUST_000944,2024-01-31,2026-06-30,28,Australia,Manufacturing,Small,Basic,Annual,50.07,1
CUST_000945,2025-10-11,2026-06-30,8,United States,Technology,Mid-Market,Enterprise,Annual,567.28,1
CUST_000946,2025-10-30,2026-06-30,7,United States,Technology,Small,Basic,Monthly,49.89,0
CUST_000947,2021-08-18,2026-06-30,58,United States,Technology,Small,Basic,Monthly,50.05,0
CUST_000948,2025-10-03,2026-06-30,8,United Kingdom,Finance,Mid-Market,Pro,Annual,93.93,1
CUST_000949,2021-10-03,2026-06-30,56,United States,Technology,Small,Basic,Monthly,50.46,1
CUST_000950,2025-01-17,2026-06-30,17,United Kingdom,Manufacturing,Small,Basic,Monthly,49.58,1
CUST_000951,2025-12-15,2026-06-30,6,United States,Retail,Small,Basic,Monthly,49.64,0
CUST_000952,2024-12-01,2026-06-30,18,Canada,Technology,Enterprise,Enterprise,Annual,648.9,1
CUST_000953,2023-05-24,2026-06-30,37,Canada,Retail,Mid-Market,Enterprise,Annual,602.66,0
CUST_000954,2024-04-23,2026-06-30,26,United States,Technology,Small,Pro,Monthly,94.43,0
CUST_000955,2022-07-21,2026-06-30,47,Canada,Healthcare,Small,Basic,Monthly,49.32,1
CUST_000956,2023-05-31,2026-06-30,36,United Kingdom,Professional Services,Enterprise,Enterprise,Annual,599.4,1
CUST_000957,2024-06-11,2026-06-30,24,United Kingdom,Manufacturing,Mid-Market,Business,Annual,235.2,1
CUST_000958,2023-04-18,2026-06-30,38,United States,Retail,Mid-Market,Business,Monthly,223.8,1
CUST_000959,2021-08-22,2026-06-30,58,United Kingdom,Finance,Small,Basic,Monthly,48.84,1
CUST_000960,2024-05-22,2026-06-30,25,United States,Technology,Small,Pro,Annual,103.67,1
CUST_000961,2025-08-29,2026-06-30,10,United States,Manufacturing,Small,Basic,Monthly,51.33,1
CUST_000962,2024-05-28,2026-06-30,25,United States,Retail,Mid-Market,Pro,Annual,100.4,1
CUST_000963,2022-04-14,2026-06-30,50,Canada,Retail,Enterprise,Pro,Monthly,106.77,0
CUST_000964,2025-05-06,2026-06-30,13,United States,Professional Services,Small,Pro,Annual,99.86,1
CUST_000965,2021-10-01,2026-06-30,56,Germany,Finance,Mid-Market,Basic,Monthly,48.52,1
CUST_000966,2023-07-10,2026-06-30,35,United States,Manufacturing,Enterprise,Business,Monthly,251.54,1
CUST_000967,2023-06-17,2026-06-30,36,Australia,Retail,Enterprise,Enterprise,Annual,577.05,1
CUST_000968,2024-11-08,2026-06-30,19,United States,Technology,Small,Basic,Monthly,45.9,1
CUST_000969,2021-11-21,2026-06-30,55,United Kingdom,Technology,Small,Basic,Monthly,46.6,0
CUST_000970,2026-03-28,2026-06-30,3,Australia,Retail,Enterprise,Enterprise,Annual,584.64,1
CUST_000971,2024-12-11,2026-06-30,18,United States,Finance,Small,Business,Annual,259.78,1
CUST_000972,2024-05-10,2026-06-30,25,United States,Retail,Small,Pro,Annual,91.84,1
CUST_000973,2024-01-26,2026-06-30,29,United Kingdom,Manufacturing,Small,Pro,Monthly,94.18,0
CUST_000974,2024-01-31,2026-06-30,28,India,Healthcare,Small,Basic,Annual,50.97,1
CUST_000975,2025-09-08,2026-06-30,9,India,Healthcare,Small,Basic,Monthly,48.13,1
CUST_000976,2025-04-22,2026-06-30,14,United States,Retail,Mid-Market,Business,Annual,246.52,1
CUST_000977,2025-12-12,2026-06-30,6,Germany,Healthcare,Enterprise,Enterprise,Annual,587.78,1
CUST_000978,2023-08-08,2026-06-30,34,United States,Professional Services,Small,Basic,Monthly,53.73,0
CUST_000979,2024-09-09,2026-06-30,21,United States,Technology,Enterprise,Business,Annual,255.98,1
CUST_000980,2023-08-20,2026-06-30,34,United Kingdom,Professional Services,Enterprise,Enterprise,Annual,606.55,1
CUST_000981,2023-07-08,2026-06-30,35,Canada,Technology,Mid-Market,Business,Annual,251.46,1
CUST_000982,2022-12-18,2026-06-30,42,United Kingdom,Technology,Mid-Market,Pro,Monthly,101.03,0
CUST_000983,2023-09-23,2026-06-30,33,Australia,Manufacturing,Enterprise,Enterprise,Annual,654.35,1
CUST_000984,2023-03-25,2026-06-30,39,United States,Technology,Mid-Market,Business,Annual,244.34,0
CUST_000985,2023-07-13,2026-06-30,35,United Kingdom,Finance,Small,Business,Annual,251.1,1
CUST_000986,2023-03-17,2026-06-30,39,United States,Technology,Enterprise,Business,Annual,249.36,1
CUST_000987,2023-05-21,2026-06-30,37,United States,Manufacturing,Small,Basic,Annual,51.21,1
CUST_000988,2024-11-10,2026-06-30,19,United States,Retail,Enterprise,Pro,Monthly,107.44,0
CUST_000989,2025-03-15,2026-06-30,15,India,Technology,Small,Basic,Monthly,47.56,1
CUST_000990,2022-07-18,2026-06-30,47,Canada,Healthcare,Small,Basic,Monthly,50.11,1
CUST_000991,2024-09-23,2026-06-30,21,United States,Technology,Mid-Market,Basic,Annual,49.43,1
CUST_000992,2023-09-19,2026-06-30,33,Germany,Professional Services,Mid-Market,Pro,Annual,92.11,1
CUST_000993,2025-06-12,2026-06-30,12,India,Technology,Small,Basic,Annual,51.38,1
CUST_000994,2024-04-17,2026-06-30,26,India,Retail,Enterprise,Business,Annual,268.46,1
CUST_000995,2023-10-24,2026-06-30,32,United Kingdom,Healthcare,Small,Basic,Monthly,51.01,1
CUST_000996,2023-05-04,2026-06-30,37,United States,Retail,Small,Basic,Monthly,47.45,1
CUST_000997,2023-10-30,2026-06-30,31,United Kingdom,Professional Services,Mid-Market,Pro,Monthly,92.28,0
CUST_000998,2024-08-22,2026-06-30,22,Australia,Finance,Small,Basic,Annual,50.57,1
CUST_000999,2021-09-08,2026-06-30,57,India,Manufacturing,Small,Business,Monthly,235.56,0
CUST_001000,2023-11-23,2026-06-30,31,Australia,Healthcare,Small,Basic,Monthly,46.6,1
CUST_001001,2022-06-11,2026-06-30,48,Canada,Retail,Small,Pro,Annual,100.04,0
CUST_001002,2022-10-17,2026-06-30,44,United States,Finance,Enterprise,Business,Annual,258.16,1
CUST_001003,2023-09-02,2026-06-30,33,United Kingdom,Technology,Small,Basic,Monthly,48.18,1
CUST_001004,2022-01-21,2026-06-30,53,United States,Technology,Mid-Market,Basic,Monthly,48.49,0
CUST_001005,2025-10-13,2026-06-30,8,United States,Technology,Mid-Market,Pro,Annual,98.45,1
CUST_001006,2021-11-20,2026-06-30,55,Canada,Professional Services,Small,Pro,Monthly,94.47,0
CUST_001007,2022-03-27,2026-06-30,51,United Kingdom,Manufacturing,Enterprise,Enterprise,Annual,587.62,1
CUST_001008,2023-12-09,2026-06-30,30,India,Technology,Small,Basic,Monthly,45.04,1
CUST_001009,2022-10-23,2026-06-30,44,Australia,Healthcare,Small,Basic,Monthly,50.8,1
CUST_001010,2023-11-10,2026-06-30,31,India,Manufacturing,Mid-Market,Business,Monthly,283.71,1
CUST_001011,2025-02-03,2026-06-30,16,Germany,Finance,Mid-Market,Business,Annual,249.75,0
CUST_001012,2022-06-26,2026-06-30,48,Germany,Healthcare,Small,Basic,Monthly,51.92,0
CUST_001013,2025-03-16,2026-06-30,15,United States,Manufacturing,Mid-Market,Business,Annual,245.74,0
CUST_001014,2024-11-13,2026-06-30,19,United Kingdom,Technology,Enterprise,Enterprise,Annual,558.67,1
CUST_001015,2023-11-11,2026-06-30,31,United States,Healthcare,Small,Basic,Monthly,54.52,1
CUST_001016,2022-04-19,2026-06-30,50,United States,Technology,Mid-Market,Business,Annual,238.47,1
CUST_001017,2024-07-11,2026-06-30,23,United States,Technology,Small,Basic,Monthly,51.32,1
CUST_001018,2023-12-27,2026-06-30,30,Australia,Retail,Small,Basic,Monthly,49.53,0
CUST_001019,2026-03-18,2026-06-30,3,Germany,Manufacturing,Small,Basic,Annual,51.91,1
CUST_001020,2025-11-05,2026-06-30,7,India,Professional Services,Small,Basic,Monthly,48.84,0
CUST_001021,2026-02-20,2026-06-30,4,India,Technology,Mid-Market,Pro,Annual,93.24,1
CUST_001022,2026-01-22,2026-06-30,5,India,Manufacturing,Small,Pro,Monthly,95.71,1
CUST_001023,2022-02-23,2026-06-30,52,United States,Professional Services,Small,Basic,Monthly,54.76,1
CUST_001024,2022-04-11,2026-06-30,50,India,Retail,Small,Basic,Monthly,49.78,1
CUST_001025,2022-05-17,2026-06-30,49,Australia,Professional Services,Small,Basic,Annual,54.33,1
CUST_001026,2026-02-21,2026-06-30,4,India,Professional Services,Mid-Market,Basic,Monthly,48.1,0
CUST_001027,2026-01-12,2026-06-30,5,United States,Manufacturing,Small,Basic,Monthly,50.75,1
CUST_001028,2025-01-13,2026-06-30,17,United States,Professional Services,Small,Basic,Monthly,45.85,1
CUST_001029,2023-08-21,2026-06-30,34,India,Retail,Small,Basic,Annual,49.07,0
CUST_001030,2024-10-09,2026-06-30,20,United States,Healthcare,Small,Basic,Monthly,54.45,1
CUST_001031,2024-01-07,2026-06-30,29,United States,Professional Services,Mid-Market,Pro,Monthly,95.12,0
CUST_001032,2025-07-25,2026-06-30,11,Canada,Professional Services,Small,Basic,Monthly,47.31,1
CUST_001033,2022-10-28,2026-06-30,44,United States,Technology,Mid-Market,Basic,Monthly,51.03,1
CUST_001034,2024-11-14,2026-06-30,19,United States,Finance,Mid-Market,Enterprise,Annual,602.43,1
CUST_001035,2026-02-01,2026-06-30,4,India,Finance,Small,Basic,Monthly,53.65,1
CUST_001036,2022-10-06,2026-06-30,44,India,Professional Services,Small,Pro,Annual,97.81,1
CUST_001037,2021-12-23,2026-06-30,54,India,Technology,Small,Basic,Annual,49.17,1
CUST_001038,2026-05-05,2026-06-30,1,United States,Finance,Small,Business,Annual,252.94,1
CUST_001039,2024-04-08,2026-06-30,26,United States,Healthcare,Small,Basic,Monthly,46.36,1
CUST_001040,2022-05-08,2026-06-30,49,Canada,Technology,Enterprise,Business,Annual,232.83,1
CUST_001041,2022-12-11,2026-06-30,42,Canada,Professional Services,Small,Pro,Annual,92.12,1
CUST_001042,2022-03-16,2026-06-30,51,United States,Healthcare,Small,Basic,Annual,40.9,1
CUST_001043,2024-05-16,2026-06-30,25,Australia,Technology,Mid-Market,Enterprise,Annual,596.45,1
CUST_001044,2024-08-01,2026-06-30,22,India,Finance,Enterprise,Business,Monthly,232.81,1
CUST_001045,2022-12-06,2026-06-30,42,United Kingdom,Manufacturing,Small,Pro,Monthly,96.33,0
CUST_001046,2025-08-29,2026-06-30,10,United States,Retail,Small,Business,Annual,261.7,1
CUST_001047,2025-03-28,2026-06-30,15,United States,Healthcare,Small,Basic,Monthly,46.68,1
CUST_001048,2023-06-18,2026-06-30,36,United States,Finance,Mid-Market,Business,Annual,257.59,1
CUST_001049,2023-02-17,2026-06-30,40,United States,Professional Services,Mid-Market,Basic,Monthly,45.13,0
CUST_001050,2025-10-29,2026-06-30,8,Canada,Manufacturing,Small,Pro,Monthly,95.61,0
CUST_001051,2023-12-01,2026-06-30,30,Canada,Manufacturing,Small,Basic,Monthly,53.27,0
CUST_001052,2024-08-14,2026-06-30,22,United Kingdom,Healthcare,Small,Basic,Monthly,47.95,0
CUST_001053,2023-12-13,2026-06-30,30,Australia,Professional Services,Mid-Market,Business,Annual,265.03,1
CUST_001054,2021-09-14,2026-06-30,57,United States,Manufacturing,Small,Basic,Monthly,54.77,1
CUST_001055,2026-01-14,2026-06-30,5,United States,Healthcare,Small,Pro,Monthly,96.93,1
CUST_001056,2021-07-10,2026-06-30,59,United States,Professional Services,Small,Basic,Monthly,47.37,1
CUST_001057,2024-03-16,2026-06-30,27,United States,Professional Services,Mid-Market,Pro,Monthly,88.31,1
CUST_001058,2022-08-15,2026-06-30,46,United Kingdom,Manufacturing,Small,Basic,Monthly,49.71,0
CUST_001059,2024-04-30,2026-06-30,25,Australia,Manufacturing,Enterprise,Enterprise,Annual,610.36,0
CUST_001060,2024-11-19,2026-06-30,19,India,Healthcare,Small,Basic,Monthly,50.89,0
CUST_001061,2022-08-17,2026-06-30,46,United Kingdom,Healthcare,Small,Basic,Monthly,52.41,1
CUST_001062,2023-01-13,2026-06-30,41,Canada,Technology,Small,Business,Annual,236.23,1
CUST_001063,2025-09-15,2026-06-30,9,United States,Retail,Small,Business,Annual,272.3,1
CUST_001064,2022-12-12,2026-06-30,42,Canada,Finance,Small,Basic,Annual,48.31,1
CUST_001065,2022-09-18,2026-06-30,45,United States,Finance,Small,Basic,Monthly,49.89,0
CUST_001066,2024-07-04,2026-06-30,23,India,Professional Services,Small,Basic,Monthly,48.83,1
CUST_001067,2021-11-12,2026-06-30,55,Canada,Technology,Small,Basic,Monthly,47.11,1
CUST_001068,2023-04-07,2026-06-30,38,United States,Professional Services,Mid-Market,Basic,Monthly,46.06,1
CUST_001069,2024-10-10,2026-06-30,20,United States,Finance,Small,Business,Annual,251.62,1
CUST_001070,2026-05-12,2026-06-30,1,United States,Technology,Mid-Market,Pro,Annual,94.23,1
CUST_001071,2023-02-05,2026-06-30,40,India,Technology,Enterprise,Business,Monthly,246.26,0
CUST_001072,2025-05-21,2026-06-30,13,United States,Healthcare,Mid-Market,Business,Annual,243.87,0
CUST_001073,2022-09-12,2026-06-30,45,United States,Healthcare,Small,Pro,Annual,97.21,1
CUST_001074,2023-11-01,2026-06-30,31,United States,Finance,Mid-Market,Business,Annual,226.6,1
CUST_001075,2024-02-14,2026-06-30,28,Australia,Retail,Mid-Market,Pro,Annual,83.32,0
CUST_001076,2025-08-11,2026-06-30,10,United Kingdom,Healthcare,Small,Pro,Monthly,103.15,0
CUST_001077,2022-12-01,2026-06-30,42,United Kingdom,Technology,Small,Pro,Annual,104.57,1
CUST_001078,2025-08-07,2026-06-30,10,United States,Finance,Small,Pro,Annual,86.32,1
CUST_001079,2024-05-12,2026-06-30,25,United States,Technology,Small,Basic,Monthly,50.02,1
CUST_001080,2022-04-21,2026-06-30,50,India,Technology,Small,Basic,Monthly,49.53,0
CUST_001081,2021-11-21,2026-06-30,55,United States,Technology,Small,Pro,Monthly,92.45,1
CUST_001082,2021-07-21,2026-06-30,59,United States,Manufacturing,Mid-Market,Pro,Monthly,103.44,1
CUST_001083,2021-09-15,2026-06-30,57,United Kingdom,Retail,Small,Basic,Monthly,51.79,0
CUST_001084,2023-09-07,2026-06-30,33,United States,Professional Services,Small,Pro,Monthly,104.24,1
CUST_001085,2025-06-06,2026-06-30,12,United States,Manufacturing,Enterprise,Enterprise,Annual,651.26,0
CUST_001086,2022-04-16,2026-06-30,50,Australia,Healthcare,Small,Basic,Monthly,51.45,1
CUST_001087,2022-06-23,2026-06-30,48,Canada,Finance,Small,Basic,Annual,46.96,1
CUST_001088,2021-07-19,2026-06-30,59,United States,Technology,Small,Basic,Monthly,49.04,1
CUST_001089,2023-03-20,2026-06-30,39,United States,Retail,Small,Basic,Monthly,49.94,0
CUST_001090,2025-09-19,2026-06-30,9,Germany,Finance,Small,Basic,Annual,52.72,1
CUST_001091,2023-12-11,2026-06-30,30,United States,Finance,Small,Basic,Monthly,48.38,1
CUST_001092,2024-03-18,2026-06-30,27,United States,Professional Services,Enterprise,Pro,Monthly,95.87,1
CUST_001093,2022-04-09,2026-06-30,50,United Kingdom,Technology,Enterprise,Enterprise,Monthly,549.46,0
CUST_001094,2024-06-26,2026-06-30,24,United Kingdom,Technology,Small,Enterprise,Annual,625.15,1
CUST_001095,2024-10-19,2026-06-30,20,India,Professional Services,Mid-Market,Pro,Annual,100.04,1
CUST_001096,2026-01-08,2026-06-30,5,United States,Finance,Mid-Market,Pro,Monthly,94.71,1
CUST_001097,2022-04-23,2026-06-30,50,United States,Finance,Mid-Market,Pro,Annual,102.81,1
CUST_001098,2022-09-14,2026-06-30,45,United Kingdom,Technology,Small,Basic,Monthly,48.17,0
CUST_001099,2026-03-18,2026-06-30,3,United Kingdom,Healthcare,Mid-Market,Business,Annual,232.51,1
CUST_001100,2024-04-13,2026-06-30,26,United States,Professional Services,Small,Pro,Monthly,105.59,1
CUST_001101,2024-01-21,2026-06-30,29,United Kingdom,Retail,Small,Pro,Monthly,88.79,1
CUST_001102,2024-02-09,2026-06-30,28,United States,Healthcare,Enterprise,Business,Annual,250.79,1
CUST_001103,2021-11-24,2026-06-30,55,Australia,Finance,Small,Basic,Monthly,48.73,0
CUST_001104,2025-09-03,2026-06-30,9,Australia,Finance,Small,Basic,Monthly,44.99,1
CUST_001105,2024-11-28,2026-06-30,19,Canada,Retail,Small,Basic,Monthly,49.8,1
CUST_001106,2025-07-11,2026-06-30,11,India,Finance,Enterprise,Business,Monthly,240.37,1
CUST_001107,2025-03-19,2026-06-30,15,India,Technology,Small,Basic,Annual,53.12,1
CUST_001108,2021-12-15,2026-06-30,54,United States,Retail,Small,Basic,Monthly,51.46,1
CUST_001109,2021-10-16,2026-06-30,56,United States,Professional Services,Mid-Market,Business,Annual,251.75,1
CUST_001110,2026-03-12,2026-06-30,3,United Kingdom,Professional Services,Small,Pro,Monthly,86.67,1
CUST_001111,2023-04-23,2026-06-30,38,United States,Professional Services,Small,Basic,Monthly,47.64,1
CUST_001112,2025-04-09,2026-06-30,14,United States,Healthcare,Mid-Market,Enterprise,Annual,580.05,0
CUST_001113,2025-06-20,2026-06-30,12,United States,Manufacturing,Enterprise,Enterprise,Annual,635.25,1
CUST_001114,2024-12-23,2026-06-30,18,India,Professional Services,Mid-Market,Business,Annual,251.22,1
CUST_001115,2025-06-17,2026-06-30,12,Canada,Technology,Small,Pro,Monthly,100.57,1
CUST_001116,2024-01-03,2026-06-30,29,Germany,Healthcare,Small,Pro,Annual,104.04,1
CUST_001117,2021-07-09,2026-06-30,59,United States,Technology,Mid-Market,Business,Monthly,269.3,0
CUST_001118,2023-07-14,2026-06-30,35,United States,Professional Services,Small,Basic,Annual,52.57,1
CUST_001119,2022-11-10,2026-06-30,43,India,Professional Services,Mid-Market,Pro,Annual,101.7,0
CUST_001120,2023-12-28,2026-06-30,30,United States,Manufacturing,Small,Business,Annual,245.62,1
CUST_001121,2026-05-07,2026-06-30,1,United States,Finance,Enterprise,Enterprise,Annual,612.03,0
CUST_001122,2026-01-01,2026-06-30,5,United States,Professional Services,Small,Pro,Annual,98.84,1
CUST_001123,2025-02-03,2026-06-30,16,Germany,Technology,Enterprise,Enterprise,Annual,622.54,1
CUST_001124,2025-03-20,2026-06-30,15,United States,Technology,Small,Basic,Annual,47.61,1
CUST_001125,2022-04-14,2026-06-30,50,United States,Retail,Mid-Market,Business,Monthly,260.25,1
CUST_001126,2022-04-08,2026-06-30,50,United States,Manufacturing,Small,Basic,Monthly,49.11,1
CUST_001127,2022-03-20,2026-06-30,51,United States,Professional Services,Small,Basic,Monthly,49.95,0
CUST_001128,2023-04-13,2026-06-30,38,United States,Finance,Small,Pro,Annual,93.08,1
CUST_001129,2023-09-06,2026-06-30,33,United Kingdom,Finance,Small,Pro,Monthly,97.65,1
CUST_001130,2023-03-23,2026-06-30,39,United States,Healthcare,Small,Basic,Monthly,50.09,0
CUST_001131,2024-05-31,2026-06-30,24,United States,Technology,Small,Basic,Annual,48.55,0
CUST_001132,2023-02-13,2026-06-30,40,United Kingdom,Professional Services,Enterprise,Enterprise,Annual,528.71,1
CUST_001133,2022-07-05,2026-06-30,47,Germany,Finance,Mid-Market,Business,Annual,233.64,1
CUST_001134,2022-08-31,2026-06-30,45,United States,Technology,Mid-Market,Business,Annual,253.26,1
CUST_001135,2023-05-26,2026-06-30,37,United States,Healthcare,Small,Basic,Annual,52.69,1
CUST_001136,2026-02-16,2026-06-30,4,United States,Manufacturing,Small,Basic,Monthly,48.43,0
CUST_001137,2022-11-07,2026-06-30,43,India,Professional Services,Small,Basic,Monthly,47.8,0
CUST_001138,2024-08-11,2026-06-30,22,United States,Technology,Small,Basic,Annual,51.58,1
CUST_001139,2022-10-05,2026-06-30,44,United States,Technology,Mid-Market,Business,Monthly,249.14,0
CUST_001140,2023-10-06,2026-06-30,32,Canada,Professional Services,Mid-Market,Pro,Monthly,102.68,1
CUST_001141,2022-01-31,2026-06-30,52,United States,Retail,Small,Basic,Annual,48.28,1
CUST_001142,2024-10-01,2026-06-30,20,United States,Finance,Small,Pro,Monthly,96.99,0
CUST_001143,2021-11-02,2026-06-30,55,United States,Technology,Small,Basic,Monthly,51.01,1
CUST_001144,2022-04-07,2026-06-30,50,United Kingdom,Professional Services,Small,Pro,Monthly,102.33,0
CUST_001145,2024-10-14,2026-06-30,20,United Kingdom,Manufacturing,Small,Basic,Monthly,48.21,0
CUST_001146,2024-01-16,2026-06-30,29,United Kingdom,Technology,Small,Basic,Annual,46.25,1
CUST_001147,2023-10-21,2026-06-30,32,Australia,Technology,Small,Pro,Annual,90.74,1
CUST_001148,2022-08-21,2026-06-30,46,United States,Technology,Small,Pro,Annual,91.39,1
CUST_001149,2023-01-10,2026-06-30,41,India,Technology,Mid-Market,Business,Annual,241.12,1
CUST_001150,2022-03-24,2026-06-30,51,Germany,Technology,Enterprise,Business,Annual,252.94,1
CUST_001151,2024-08-06,2026-06-30,22,Australia,Technology,Small,Basic,Monthly,44.92,1
CUST_001152,2023-12-07,2026-06-30,30,Germany,Technology,Small,Pro,Annual,91.08,1
CUST_001153,2024-04-18,2026-06-30,26,United States,Finance,Small,Basic,Annual,49.93,1
CUST_001154,2021-12-11,2026-06-30,54,United States,Healthcare,Mid-Market,Pro,Annual,106.77,1
CUST_001155,2024-11-30,2026-06-30,18,Canada,Healthcare,Small,Basic,Annual,51.67,1
CUST_001156,2023-07-13,2026-06-30,35,United States,Professional Services,Mid-Market,Pro,Annual,89.88,1
CUST_001157,2025-10-28,2026-06-30,8,Canada,Finance,Small,Basic,Monthly,49.96,1
CUST_001158,2022-03-27,2026-06-30,51,United States,Professional Services,Enterprise,Enterprise,Annual,627.63,1
CUST_001159,2024-07-11,2026-06-30,23,United States,Professional Services,Small,Basic,Monthly,47.79,1
CUST_001160,2024-09-27,2026-06-30,21,India,Professional Services,Small,Basic,Annual,48.42,1
CUST_001161,2023-07-20,2026-06-30,35,Germany,Technology,Small,Pro,Annual,100.65,1
CUST_001162,2023-12-18,2026-06-30,30,United Kingdom,Technology,Small,Enterprise,Annual,613.61,0
CUST_001163,2022-03-31,2026-06-30,50,United States,Retail,Small,Pro,Monthly,100.87,1
CUST_001164,2023-10-21,2026-06-30,32,United Kingdom,Technology,Enterprise,Enterprise,Annual,620.69,1
CUST_001165,2023-11-15,2026-06-30,31,India,Technology,Mid-Market,Enterprise,Annual,605.46,1
CUST_001166,2025-11-24,2026-06-30,7,United Kingdom,Technology,Enterprise,Business,Annual,241.21,0
CUST_001167,2026-04-22,2026-06-30,2,United Kingdom,Retail,Enterprise,Enterprise,Annual,585.63,1
CUST_001168,2024-06-15,2026-06-30,24,Canada,Manufacturing,Small,Basic,Monthly,47.09,1
CUST_001169,2021-07-05,2026-06-30,59,United States,Finance,Enterprise,Pro,Annual,96.72,0
CUST_001170,2021-11-27,2026-06-30,55,Germany,Professional Services,Mid-Market,Basic,Annual,50.38,1
CUST_001171,2023-04-28,2026-06-30,38,India,Manufacturing,Small,Basic,Annual,47.11,1
CUST_001172,2023-04-25,2026-06-30,38,Canada,Technology,Mid-Market,Business,Monthly,262.32,1
CUST_001173,2024-06-28,2026-06-30,24,United States,Healthcare,Enterprise,Enterprise,Annual,569.4,1
CUST_001174,2025-07-17,2026-06-30,11,Canada,Technology,Mid-Market,Pro,Monthly,100.01,1
CUST_001175,2026-05-16,2026-06-30,1,Canada,Professional Services,Mid-Market,Business,Monthly,259.41,0
CUST_001176,2024-09-30,2026-06-30,20,India,Manufacturing,Small,Pro,Monthly,101.22,1
CUST_001177,2024-11-09,2026-06-30,19,Germany,Retail,Mid-Market,Basic,Monthly,44.47,0
CUST_001178,2025-06-22,2026-06-30,12,United States,Retail,Small,Pro,Annual,99.66,0
CUST_001179,2025-02-20,2026-06-30,16,United States,Finance,Mid-Market,Basic,Monthly,47.19,1
CUST_001180,2026-04-17,2026-06-30,2,Canada,Professional Services,Mid-Market,Pro,Annual,92.45,1
CUST_001181,2023-06-05,2026-06-30,36,United States,Professional Services,Small,Basic,Monthly,49.55,0
CUST_001182,2021-11-09,2026-06-30,55,United Kingdom,Manufacturing,Small,Business,Monthly,233.45,0
CUST_001183,2023-01-08,2026-06-30,41,Australia,Healthcare,Mid-Market,Pro,Monthly,100.21,1
CUST_001184,2024-03-18,2026-06-30,27,United Kingdom,Technology,Small,Basic,Monthly,52.57,1
CUST_001185,2024-05-07,2026-06-30,25,United States,Technology,Small,Basic,Monthly,49.74,1
CUST_001186,2024-11-25,2026-06-30,19,Germany,Technology,Small,Pro,Annual,97.85,1
CUST_001187,2025-09-18,2026-06-30,9,Germany,Retail,Mid-Market,Enterprise,Annual,594.19,1
CUST_001188,2023-06-22,2026-06-30,36,United States,Manufacturing,Small,Basic,Monthly,51.24,1
CUST_001189,2023-08-19,2026-06-30,34,United Kingdom,Professional Services,Small,Pro,Monthly,97.49,0
CUST_001190,2026-05-18,2026-06-30,1,United Kingdom,Technology,Enterprise,Enterprise,Monthly,585.06,0
CUST_001191,2024-05-16,2026-06-30,25,Australia,Finance,Small,Basic,Monthly,46.72,1
CUST_001192,2025-01-17,2026-06-30,17,United States,Technology,Enterprise,Enterprise,Annual,572.22,1
CUST_001193,2025-07-30,2026-06-30,11,United States,Professional Services,Small,Basic,Monthly,51.19,1
CUST_001194,2022-12-17,2026-06-30,42,Canada,Manufacturing,Small,Pro,Annual,96.59,1
CUST_001195,2023-10-31,2026-06-30,31,United States,Healthcare,Mid-Market,Pro,Monthly,101.75,0
CUST_001196,2023-04-20,2026-06-30,38,Canada,Retail,Small,Basic,Monthly,50.56,0
CUST_001197,2022-11-28,2026-06-30,43,Australia,Retail,Enterprise,Enterprise,Annual,570.37,1
CUST_001198,2021-08-03,2026-06-30,58,United States,Finance,Small,Business,Annual,239.1,1
CUST_001199,2022-06-21,2026-06-30,48,Canada,Technology,Mid-Market,Business,Annual,256.19,1
CUST_001200,2023-05-14,2026-06-30,37,India,Finance,Small,Pro,Annual,99.7,0
CUST_001201,2022-02-04,2026-06-30,52,Canada,Technology,Mid-Market,Enterprise,Annual,593.64,0
CUST_001202,2024-01-25,2026-06-30,29,Canada,Retail,Small,Basic,Annual,50.13,1
CUST_001203,2021-07-29,2026-06-30,59,United Kingdom,Finance,Mid-Market,Business,Annual,261.6,1
CUST_001204,2022-09-03,2026-06-30,45,United States,Manufacturing,Small,Basic,Annual,48.9,1
CUST_001205,2023-03-20,2026-06-30,39,United States,Retail,Mid-Market,Business,Monthly,241.92,0
CUST_001206,2021-12-22,2026-06-30,54,Germany,Healthcare,Small,Basic,Monthly,49.29,0
CUST_001207,2023-11-19,2026-06-30,31,United States,Professional Services,Small,Pro,Monthly,95.02,0
CUST_001208,2022-11-15,2026-06-30,43,United States,Finance,Mid-Market,Pro,Monthly,99.71,0
CUST_001209,2025-01-05,2026-06-30,17,United States,Retail,Small,Basic,Monthly,49.0,0
CUST_001210,2021-09-06,2026-06-30,57,Australia,Technology,Mid-Market,Business,Annual,238.84,0
CUST_001211,2023-05-09,2026-06-30,37,United States,Manufacturing,Mid-Market,Basic,Monthly,48.01,0
CUST_001212,2022-07-28,2026-06-30,47,Germany,Healthcare,Small,Business,Annual,244.96,1
CUST_001213,2024-02-24,2026-06-30,28,United States,Technology,Mid-Market,Pro,Monthly,102.63,1
CUST_001214,2022-02-26,2026-06-30,52,United Kingdom,Technology,Small,Basic,Monthly,46.86,0
CUST_001215,2026-01-18,2026-06-30,5,United States,Manufacturing,Mid-Market,Business,Annual,238.92,1
CUST_001216,2025-11-08,2026-06-30,7,United States,Retail,Small,Basic,Monthly,48.08,0
CUST_001217,2023-12-03,2026-06-30,30,United Kingdom,Retail,Small,Pro,Monthly,101.79,1
CUST_001218,2022-10-25,2026-06-30,44,Germany,Healthcare,Mid-Market,Business,Annual,258.06,1
CUST_001219,2022-06-09,2026-06-30,48,United States,Retail,Enterprise,Enterprise,Annual,606.84,1
CUST_001220,2024-04-02,2026-06-30,26,Canada,Retail,Enterprise,Enterprise,Annual,620.41,1
CUST_001221,2023-03-22,2026-06-30,39,Canada,Technology,Mid-Market,Pro,Monthly,104.75,1
CUST_001222,2023-09-12,2026-06-30,33,United States,Healthcare,Small,Basic,Monthly,49.39,1
CUST_001223,2021-09-09,2026-06-30,57,United Kingdom,Healthcare,Small,Basic,Monthly,47.04,0
CUST_001224,2023-03-14,2026-06-30,39,United States,Professional Services,Small,Business,Annual,248.04,0
CUST_001225,2024-05-13,2026-06-30,25,Canada,Healthcare,Mid-Market,Pro,Monthly,92.26,1
CUST_001226,2021-08-25,2026-06-30,58,United States,Healthcare,Small,Basic,Monthly,49.97,1
CUST_001227,2025-11-20,2026-06-30,7,Canada,Professional Services,Enterprise,Pro,Annual,96.57,1
CUST_001228,2021-07-29,2026-06-30,59,United States,Professional Services,Small,Pro,Monthly,99.55,1
CUST_001229,2025-08-28,2026-06-30,10,Canada,Technology,Small,Basic,Monthly,48.79,0
CUST_001230,2024-12-30,2026-06-30,17,Canada,Professional Services,Mid-Market,Pro,Annual,97.1,1
CUST_001231,2022-05-18,2026-06-30,49,India,Technology,Small,Pro,Monthly,100.12,1
CUST_001232,2022-10-22,2026-06-30,44,Canada,Professional Services,Small,Business,Monthly,247.45,0
CUST_001233,2021-08-24,2026-06-30,58,Australia,Technology,Small,Pro,Monthly,95.88,0
CUST_001234,2022-09-23,2026-06-30,45,United States,Healthcare,Enterprise,Enterprise,Annual,566.12,1
CUST_001235,2023-04-14,2026-06-30,38,United States,Professional Services,Small,Basic,Annual,49.87,1
CUST_001236,2024-09-17,2026-06-30,21,United States,Technology,Small,Basic,Monthly,46.04,0
CUST_001237,2026-05-23,2026-06-30,1,Canada,Professional Services,Small,Basic,Monthly,53.4,0
CUST_001238,2025-10-21,2026-06-30,8,United Kingdom,Healthcare,Mid-Market,Business,Monthly,265.03,0
CUST_001239,2024-12-13,2026-06-30,18,Australia,Technology,Small,Basic,Monthly,45.1,0
CUST_001240,2026-03-19,2026-06-30,3,United Kingdom,Professional Services,Mid-Market,Business,Annual,256.81,1
CUST_001241,2023-12-01,2026-06-30,30,United Kingdom,Healthcare,Small,Basic,Monthly,51.79,1
CUST_001242,2022-08-05,2026-06-30,46,United States,Professional Services,Enterprise,Enterprise,Annual,581.45,1
CUST_001243,2021-09-05,2026-06-30,57,United States,Professional Services,Mid-Market,Basic,Monthly,49.86,0
CUST_001244,2024-01-03,2026-06-30,29,Australia,Technology,Mid-Market,Business,Annual,247.44,1
CUST_001245,2022-02-11,2026-06-30,52,United States,Finance,Small,Basic,Annual,50.67,1
CUST_001246,2021-07-27,2026-06-30,59,United States,Finance,Small,Basic,Monthly,47.91,1
CUST_001247,2022-03-10,2026-06-30,51,India,Healthcare,Small,Business,Annual,261.62,1
CUST_001248,2024-02-17,2026-06-30,28,India,Technology,Small,Basic,Monthly,48.65,1
CUST_001249,2024-10-25,2026-06-30,20,United Kingdom,Finance,Small,Pro,Annual,97.43,0
CUST_001250,2021-08-10,2026-06-30,58,United States,Manufacturing,Small,Pro,Annual,102.21,1
CUST_001251,2025-03-23,2026-06-30,15,Australia,Technology,Small,Enterprise,Annual,625.98,1
CUST_001252,2024-05-23,2026-06-30,25,United States,Manufacturing,Small,Basic,Annual,43.28,1
CUST_001253,2026-01-19,2026-06-30,5,Canada,Healthcare,Small,Basic,Monthly,41.89,1
CUST_001254,2022-07-07,2026-06-30,47,United States,Technology,Small,Basic,Monthly,49.84,1
CUST_001255,2023-03-22,2026-06-30,39,India,Technology,Mid-Market,Business,Annual,240.76,1
CUST_001256,2025-12-30,2026-06-30,5,India,Technology,Small,Basic,Annual,45.76,1
CUST_001257,2025-04-28,2026-06-30,14,United Kingdom,Retail,Mid-Market,Pro,Monthly,97.15,0
CUST_001258,2023-09-07,2026-06-30,33,United States,Technology,Small,Business,Annual,285.24,1
CUST_001259,2023-10-04,2026-06-30,32,Canada,Professional Services,Enterprise,Business,Annual,232.44,0
CUST_001260,2022-06-22,2026-06-30,48,United States,Manufacturing,Small,Basic,Monthly,51.17,1
CUST_001261,2025-02-08,2026-06-30,16,India,Technology,Small,Pro,Monthly,95.23,1
CUST_001262,2021-11-14,2026-06-30,55,United States,Professional Services,Mid-Market,Pro,Monthly,91.81,0
CUST_001263,2024-03-25,2026-06-30,27,United States,Professional Services,Small,Basic,Monthly,47.5,1
CUST_001264,2022-05-16,2026-06-30,49,Germany,Technology,Small,Basic,Monthly,45.52,1
CUST_001265,2025-03-30,2026-06-30,15,Canada,Professional Services,Small,Basic,Monthly,45.16,1
CUST_001266,2026-03-26,2026-06-30,3,Australia,Finance,Enterprise,Business,Annual,239.97,1
CUST_001267,2026-02-22,2026-06-30,4,United States,Retail,Enterprise,Enterprise,Annual,566.35,1
CUST_001268,2024-07-31,2026-06-30,22,Australia,Technology,Small,Basic,Monthly,48.64,0
CUST_001269,2021-09-24,2026-06-30,57,United States,Manufacturing,Mid-Market,Pro,Monthly,99.83,1
CUST_001270,2026-03-05,2026-06-30,3,United States,Professional Services,Small,Enterprise,Monthly,575.37,1
CUST_001271,2024-08-07,2026-06-30,22,Canada,Professional Services,Small,Pro,Annual,102.12,1
CUST_001272,2025-11-16,2026-06-30,7,United States,Professional Services,Small,Basic,Monthly,47.37,0
CUST_001273,2021-11-01,2026-06-30,55,United Kingdom,Technology,Small,Business,Annual,247.09,1
CUST_001274,2023-02-04,2026-06-30,40,United States,Retail,Enterprise,Business,Annual,221.99,1
CUST_001275,2022-08-31,2026-06-30,45,United States,Finance,Mid-Market,Business,Annual,250.02,1
CUST_001276,2022-11-28,2026-06-30,43,Germany,Technology,Enterprise,Enterprise,Annual,666.45,1
CUST_001277,2023-03-09,2026-06-30,39,United States,Technology,Mid-Market,Business,Annual,258.9,1
CUST_001278,2022-08-12,2026-06-30,46,United Kingdom,Professional Services,Small,Basic,Monthly,48.58,1
CUST_001279,2026-05-17,2026-06-30,1,Germany,Retail,Mid-Market,Business,Annual,234.58,1
CUST_001280,2022-02-28,2026-06-30,52,United States,Technology,Small,Basic,Monthly,53.0,1
CUST_001281,2022-10-11,2026-06-30,44,Germany,Professional Services,Enterprise,Business,Annual,247.0,1
CUST_001282,2022-10-12,2026-06-30,44,United States,Manufacturing,Small,Pro,Monthly,95.67,0
CUST_001283,2024-06-24,2026-06-30,24,United States,Finance,Mid-Market,Basic,Monthly,47.41,1
CUST_001284,2022-06-24,2026-06-30,48,United States,Healthcare,Mid-Market,Basic,Monthly,54.08,1
CUST_001285,2024-07-15,2026-06-30,23,Australia,Manufacturing,Small,Basic,Monthly,48.71,1
CUST_001286,2026-03-05,2026-06-30,3,United Kingdom,Retail,Small,Basic,Monthly,50.1,0
CUST_001287,2021-12-14,2026-06-30,54,Canada,Healthcare,Small,Basic,Monthly,48.5,0
CUST_001288,2025-04-06,2026-06-30,14,India,Healthcare,Small,Pro,Annual,98.68,1
CUST_001289,2025-11-30,2026-06-30,6,United States,Technology,Enterprise,Enterprise,Annual,586.27,1
CUST_001290,2023-05-11,2026-06-30,37,India,Healthcare,Small,Pro,Monthly,106.04,0
CUST_001291,2025-04-07,2026-06-30,14,Germany,Finance,Small,Basic,Annual,49.11,1
CUST_001292,2022-03-13,2026-06-30,51,India,Finance,Small,Basic,Monthly,45.55,1
CUST_001293,2024-03-26,2026-06-30,27,India,Finance,Small,Business,Annual,253.91,0
CUST_001294,2026-05-23,2026-06-30,1,India,Retail,Small,Basic,Monthly,48.72,0
CUST_001295,2021-09-26,2026-06-30,57,United States,Healthcare,Enterprise,Business,Annual,253.75,1
CUST_001296,2023-11-20,2026-06-30,31,Australia,Healthcare,Mid-Market,Enterprise,Annual,589.07,1
CUST_001297,2025-02-13,2026-06-30,16,Australia,Technology,Enterprise,Business,Annual,242.26,1
CUST_001298,2023-02-01,2026-06-30,40,United Kingdom,Professional Services,Small,Basic,Monthly,51.19,0
CUST_001299,2023-10-22,2026-06-30,32,United States,Technology,Small,Basic,Monthly,53.55,0
CUST_001300,2026-04-08,2026-06-30,2,India,Healthcare,Small,Pro,Monthly,89.8,0
CUST_001301,2022-09-06,2026-06-30,45,United States,Technology,Small,Basic,Monthly,49.2,0
CUST_001302,2024-06-10,2026-06-30,24,Canada,Manufacturing,Small,Pro,Annual,96.33,1
CUST_001303,2022-12-22,2026-06-30,42,United Kingdom,Healthcare,Small,Pro,Monthly,94.49,1
CUST_001304,2022-01-05,2026-06-30,53,United States,Healthcare,Mid-Market,Business,Annual,222.15,1
CUST_001305,2023-05-31,2026-06-30,36,Germany,Professional Services,Small,Basic,Monthly,49.88,1
CUST_001306,2023-02-11,2026-06-30,40,United States,Manufacturing,Mid-Market,Basic,Monthly,47.82,1
CUST_001307,2025-02-28,2026-06-30,15,Germany,Healthcare,Mid-Market,Business,Annual,242.24,0
CUST_001308,2025-03-31,2026-06-30,14,Australia,Healthcare,Mid-Market,Enterprise,Annual,635.02,1
CUST_001309,2024-05-17,2026-06-30,25,United States,Professional Services,Small,Basic,Annual,47.92,1
CUST_001310,2022-03-23,2026-06-30,51,Germany,Professional Services,Mid-Market,Pro,Monthly,96.61,0
CUST_001311,2023-11-03,2026-06-30,31,United States,Manufacturing,Small,Pro,Annual,92.39,1
CUST_001312,2024-09-14,2026-06-30,21,Australia,Manufacturing,Small,Pro,Annual,94.51,1
CUST_001313,2022-08-01,2026-06-30,46,India,Professional Services,Small,Business,Monthly,267.26,1
CUST_001314,2022-03-22,2026-06-30,51,United States,Professional Services,Small,Pro,Monthly,102.03,1
CUST_001315,2021-12-23,2026-06-30,54,Germany,Technology,Small,Basic,Monthly,52.15,1
CUST_001316,2024-12-11,2026-06-30,18,Canada,Professional Services,Mid-Market,Business,Annual,238.53,1
CUST_001317,2022-12-05,2026-06-30,42,United Kingdom,Manufacturing,Mid-Market,Business,Annual,253.5,1
CUST_001318,2023-07-07,2026-06-30,35,Germany,Retail,Small,Basic,Monthly,51.57,0
CUST_001319,2024-03-17,2026-06-30,27,Canada,Healthcare,Small,Basic,Monthly,50.42,1
CUST_001320,2024-06-18,2026-06-30,24,United Kingdom,Finance,Small,Basic,Monthly,52.87,1
CUST_001321,2025-11-07,2026-06-30,7,United States,Manufacturing,Enterprise,Business,Annual,254.01,1
CUST_001322,2025-01-23,2026-06-30,17,United States,Retail,Small,Pro,Monthly,98.99,1
CUST_001323,2023-09-18,2026-06-30,33,India,Technology,Small,Basic,Monthly,43.23,1
CUST_001324,2022-01-21,2026-06-30,53,United States,Retail,Small,Pro,Annual,101.06,1
CUST_001325,2022-02-26,2026-06-30,52,United Kingdom,Technology,Mid-Market,Basic,Monthly,50.46,0
CUST_001326,2025-06-29,2026-06-30,12,United States,Healthcare,Small,Basic,Monthly,51.81,0
CUST_001327,2023-01-28,2026-06-30,41,Australia,Retail,Small,Basic,Monthly,47.05,1
CUST_001328,2025-12-30,2026-06-30,5,United Kingdom,Retail,Small,Basic,Monthly,48.92,1
CUST_001329,2023-02-05,2026-06-30,40,Canada,Technology,Mid-Market,Business,Annual,229.2,1
CUST_001330,2024-09-25,2026-06-30,21,United States,Technology,Small,Basic,Monthly,45.05,0
CUST_001331,2024-03-15,2026-06-30,27,Canada,Finance,Enterprise,Enterprise,Annual,614.36,1
CUST_001332,2022-11-20,2026-06-30,43,India,Retail,Enterprise,Enterprise,Annual,636.93,1
CUST_001333,2024-04-29,2026-06-30,26,Canada,Professional Services,Small,Basic,Annual,52.19,1
CUST_001334,2022-06-12,2026-06-30,48,Canada,Manufacturing,Enterprise,Pro,Monthly,101.17,0
CUST_001335,2023-10-17,2026-06-30,32,Germany,Manufacturing,Mid-Market,Business,Annual,274.47,1
CUST_001336,2021-07-04,2026-06-30,59,United States,Finance,Small,Basic,Monthly,48.04,0
CUST_001337,2023-04-12,2026-06-30,38,Canada,Technology,Mid-Market,Pro,Annual,103.45,1
CUST_001338,2024-12-16,2026-06-30,18,United States,Professional Services,Small,Pro,Monthly,92.48,0
CUST_001339,2022-08-09,2026-06-30,46,United States,Healthcare,Small,Basic,Monthly,41.3,1
CUST_001340,2024-05-29,2026-06-30,25,Germany,Technology,Small,Pro,Annual,96.62,1
CUST_001341,2023-10-16,2026-06-30,32,India,Healthcare,Mid-Market,Pro,Monthly,98.4,1
CUST_001342,2025-09-28,2026-06-30,9,India,Retail,Enterprise,Enterprise,Annual,606.03,1
CUST_001343,2025-10-29,2026-06-30,8,India,Finance,Small,Pro,Monthly,98.08,0
CUST_001344,2023-08-04,2026-06-30,34,Canada,Technology,Mid-Market,Business,Monthly,253.5,1
CUST_001345,2025-06-30,2026-06-30,11,United States,Retail,Mid-Market,Business,Annual,270.67,1
CUST_001346,2021-07-06,2026-06-30,59,United Kingdom,Technology,Enterprise,Business,Annual,258.19,1
CUST_001347,2022-03-18,2026-06-30,51,India,Healthcare,Small,Basic,Monthly,47.12,0
CUST_001348,2022-12-20,2026-06-30,42,Germany,Professional Services,Small,Pro,Monthly,86.56,1
CUST_001349,2022-10-21,2026-06-30,44,Canada,Professional Services,Small,Pro,Monthly,93.68,1
CUST_001350,2023-06-28,2026-06-30,36,Germany,Finance,Small,Pro,Annual,105.65,1
CUST_001351,2026-02-12,2026-06-30,4,Australia,Technology,Small,Pro,Monthly,96.51,0
CUST_001352,2024-06-26,2026-06-30,24,India,Healthcare,Small,Basic,Annual,50.66,1
CUST_001353,2023-12-24,2026-06-30,30,Germany,Finance,Small,Basic,Monthly,50.57,0
CUST_001354,2021-12-01,2026-06-30,54,Canada,Professional Services,Enterprise,Enterprise,Annual,597.33,1
CUST_001355,2025-05-03,2026-06-30,13,United States,Manufacturing,Small,Basic,Monthly,48.79,0
CUST_001356,2023-12-22,2026-06-30,30,Canada,Healthcare,Small,Basic,Monthly,47.37,1
CUST_001357,2024-09-21,2026-06-30,21,United States,Manufacturing,Mid-Market,Pro,Monthly,110.02,0
CUST_001358,2025-10-02,2026-06-30,8,India,Finance,Small,Basic,Monthly,46.66,1
CUST_001359,2025-11-28,2026-06-30,7,Canada,Healthcare,Mid-Market,Business,Monthly,262.96,0
CUST_001360,2024-08-14,2026-06-30,22,Canada,Professional Services,Mid-Market,Pro,Annual,103.11,1
CUST_001361,2026-01-04,2026-06-30,5,United States,Technology,Small,Pro,Annual,102.04,1
CUST_001362,2026-01-31,2026-06-30,4,United Kingdom,Finance,Small,Business,Annual,247.51,1
CUST_001363,2024-09-09,2026-06-30,21,United Kingdom,Professional Services,Small,Business,Annual,230.58,1
CUST_001364,2025-06-03,2026-06-30,12,United States,Healthcare,Small,Pro,Annual,93.32,1
CUST_001365,2023-09-09,2026-06-30,33,India,Finance,Mid-Market,Business,Monthly,239.35,0
CUST_001366,2026-04-30,2026-06-30,2,United States,Technology,Small,Basic,Monthly,49.91,1
CUST_001367,2024-12-06,2026-06-30,18,Canada,Healthcare,Small,Pro,Annual,103.41,1
CUST_001368,2024-03-09,2026-06-30,27,United States,Healthcare,Small,Pro,Monthly,100.55,0
CUST_001369,2021-09-06,2026-06-30,57,United Kingdom,Healthcare,Small,Business,Monthly,252.23,1
CUST_001370,2023-04-19,2026-06-30,38,Germany,Finance,Small,Basic,Monthly,51.55,0
CUST_001371,2022-02-01,2026-06-30,52,India,Finance,Small,Basic,Monthly,43.88,1
CUST_001372,2024-09-22,2026-06-30,21,United States,Retail,Small,Pro,Annual,88.08,1
CUST_001373,2024-03-15,2026-06-30,27,India,Professional Services,Mid-Market,Business,Annual,229.73,1
CUST_001374,2024-05-07,2026-06-30,25,Germany,Retail,Enterprise,Business,Annual,260.52,1
CUST_001375,2022-01-20,2026-06-30,53,United States,Retail,Mid-Market,Business,Annual,223.98,1
CUST_001376,2021-09-13,2026-06-30,57,United States,Manufacturing,Small,Basic,Annual,48.98,1
CUST_001377,2021-09-07,2026-06-30,57,United States,Technology,Small,Pro,Monthly,94.49,1
CUST_001378,2022-09-20,2026-06-30,45,India,Finance,Mid-Market,Enterprise,Annual,603.65,1
CUST_001379,2023-12-10,2026-06-30,30,United States,Technology,Mid-Market,Business,Monthly,247.24,0
CUST_001380,2023-10-04,2026-06-30,32,Canada,Finance,Enterprise,Enterprise,Annual,606.5,1
CUST_001381,2021-08-05,2026-06-30,58,Germany,Professional Services,Small,Basic,Annual,48.02,1
CUST_001382,2025-01-06,2026-06-30,17,India,Finance,Small,Basic,Monthly,50.73,0
CUST_001383,2024-09-16,2026-06-30,21,United Kingdom,Professional Services,Small,Basic,Monthly,52.59,1
CUST_001384,2022-01-02,2026-06-30,53,Germany,Technology,Enterprise,Enterprise,Annual,636.88,0
CUST_001385,2024-07-07,2026-06-30,23,United States,Healthcare,Mid-Market,Business,Annual,244.49,1
CUST_001386,2025-04-05,2026-06-30,14,India,Finance,Enterprise,Enterprise,Annual,573.09,1
CUST_001387,2023-08-29,2026-06-30,34,United States,Technology,Mid-Market,Pro,Monthly,99.97,1
CUST_001388,2024-10-25,2026-06-30,20,United States,Finance,Enterprise,Enterprise,Annual,658.16,1
CUST_001389,2022-01-13,2026-06-30,53,India,Retail,Small,Enterprise,Monthly,597.41,0
CUST_001390,2021-12-12,2026-06-30,54,United States,Healthcare,Enterprise,Business,Annual,259.44,1
CUST_001391,2024-11-28,2026-06-30,19,United States,Professional Services,Enterprise,Business,Annual,258.76,1
CUST_001392,2023-10-24,2026-06-30,32,United Kingdom,Professional Services,Mid-Market,Business,Annual,258.61,1
CUST_001393,2021-07-30,2026-06-30,59,United States,Healthcare,Enterprise,Enterprise,Annual,637.12,1
CUST_001394,2022-10-07,2026-06-30,44,United States,Professional Services,Small,Basic,Monthly,45.77,0
CUST_001395,2025-05-09,2026-06-30,13,United Kingdom,Technology,Mid-Market,Basic,Monthly,46.64,1
CUST_001396,2023-07-06,2026-06-30,35,Germany,Finance,Mid-Market,Business,Annual,249.59,0
CUST_001397,2023-05-15,2026-06-30,37,Australia,Healthcare,Mid-Market,Pro,Monthly,105.09,0
CUST_001398,2023-03-16,2026-06-30,39,United States,Retail,Mid-Market,Basic,Monthly,52.01,0
CUST_001399,2026-04-17,2026-06-30,2,United Kingdom,Healthcare,Mid-Market,Pro,Annual,98.77,1
CUST_001400,2024-12-10,2026-06-30,18,Australia,Retail,Small,Basic,Monthly,51.45,0
CUST_001401,2022-03-19,2026-06-30,51,United States,Professional Services,Mid-Market,Pro,Annual,96.91,1
CUST_001402,2025-03-24,2026-06-30,15,United States,Finance,Enterprise,Enterprise,Annual,574.25,1
CUST_001403,2024-12-10,2026-06-30,18,United States,Manufacturing,Mid-Market,Basic,Annual,45.74,0
CUST_001404,2024-10-30,2026-06-30,19,United Kingdom,Retail,Small,Basic,Monthly,48.66,1
CUST_001405,2025-07-17,2026-06-30,11,United States,Healthcare,Enterprise,Enterprise,Annual,588.62,1
CUST_001406,2025-08-25,2026-06-30,10,Germany,Finance,Mid-Market,Basic,Monthly,51.46,0
CUST_001407,2024-09-16,2026-06-30,21,India,Finance,Small,Pro,Monthly,101.79,1
CUST_001408,2022-02-12,2026-06-30,52,United States,Finance,Mid-Market,Basic,Monthly,49.13,1
CUST_001409,2026-05-29,2026-06-30,1,United Kingdom,Manufacturing,Mid-Market,Enterprise,Annual,600.75,0
CUST_001410,2025-01-08,2026-06-30,17,United States,Healthcare,Mid-Market,Business,Annual,243.78,1
CUST_001411,2026-02-12,2026-06-30,4,United States,Technology,Small,Basic,Monthly,44.64,1
CUST_001412,2023-08-28,2026-06-30,34,Germany,Manufacturing,Small,Business,Annual,234.28,1
CUST_001413,2025-03-08,2026-06-30,15,Canada,Retail,Enterprise,Business,Annual,258.79,1
CUST_001414,2022-07-10,2026-06-30,47,India,Professional Services,Enterprise,Business,Monthly,247.28,0
CUST_001415,2023-07-16,2026-06-30,35,United Kingdom,Healthcare,Small,Basic,Monthly,45.79,1
CUST_001416,2022-07-25,2026-06-30,47,United States,Retail,Enterprise,Enterprise,Annual,639.94,1
CUST_001417,2023-04-18,2026-06-30,38,Canada,Healthcare,Small,Pro,Monthly,107.41,0
CUST_001418,2024-04-05,2026-06-30,26,United States,Retail,Small,Pro,Annual,104.96,1
CUST_001419,2022-03-08,2026-06-30,51,India,Healthcare,Mid-Market,Enterprise,Annual,611.7,1
CUST_001420,2024-01-28,2026-06-30,29,Germany,Technology,Small,Business,Annual,252.56,1
CUST_001421,2021-09-29,2026-06-30,56,United States,Professional Services,Small,Basic,Monthly,48.94,1
CUST_001422,2021-07-11,2026-06-30,59,United Kingdom,Manufacturing,Enterprise,Enterprise,Annual,603.89,1
CUST_001423,2023-07-09,2026-06-30,35,United Kingdom,Retail,Small,Basic,Monthly,50.54,1
CUST_001424,2023-02-06,2026-06-30,40,Australia,Healthcare,Small,Business,Annual,257.81,1
CUST_001425,2025-02-27,2026-06-30,16,United States,Manufacturing,Small,Basic,Monthly,50.11,1
CUST_001426,2022-05-30,2026-06-30,49,United States,Technology,Mid-Market,Pro,Monthly,82.78,1
CUST_001427,2023-02-11,2026-06-30,40,United States,Finance,Mid-Market,Pro,Annual,104.7,1
CUST_001428,2021-12-23,2026-06-30,54,United States,Technology,Small,Basic,Monthly,49.49,1
CUST_001429,2025-02-06,2026-06-30,16,Canada,Technology,Small,Pro,Monthly,92.28,1
CUST_001430,2022-07-18,2026-06-30,47,United States,Technology,Small,Basic,Monthly,49.49,0
CUST_001431,2024-02-07,2026-06-30,28,Canada,Manufacturing,Mid-Market,Pro,Monthly,100.5,1
CUST_001432,2025-07-03,2026-06-30,11,Canada,Technology,Enterprise,Enterprise,Annual,551.95,1
CUST_001433,2025-07-28,2026-06-30,11,United States,Professional Services,Small,Pro,Monthly,95.82,0
CUST_001434,2023-08-26,2026-06-30,34,India,Professional Services,Enterprise,Enterprise,Annual,565.88,1
CUST_001435,2024-11-04,2026-06-30,19,United Kingdom,Technology,Enterprise,Enterprise,Annual,569.84,1
CUST_001436,2025-11-30,2026-06-30,6,United States,Manufacturing,Small,Basic,Monthly,50.4,1
CUST_001437,2024-04-25,2026-06-30,26,Canada,Healthcare,Small,Basic,Monthly,47.48,0
CUST_001438,2023-03-17,2026-06-30,39,United States,Professional Services,Mid-Market,Pro,Monthly,99.46,1
CUST_001439,2024-11-05,2026-06-30,19,India,Healthcare,Enterprise,Business,Monthly,258.18,1
CUST_001440,2021-09-20,2026-06-30,57,United Kingdom,Finance,Small,Basic,Monthly,47.94,1
CUST_001441,2022-08-01,2026-06-30,46,Canada,Finance,Small,Pro,Monthly,102.85,0
CUST_001442,2023-11-23,2026-06-30,31,India,Professional Services,Mid-Market,Pro,Monthly,105.71,1
CUST_001443,2021-10-27,2026-06-30,56,Australia,Technology,Mid-Market,Business,Monthly,259.54,0
CUST_001444,2024-04-14,2026-06-30,26,Australia,Professional Services,Small,Pro,Monthly,101.97,1
CUST_001445,2025-09-23,2026-06-30,9,United States,Technology,Small,Basic,Monthly,51.09,1
CUST_001446,2026-03-28,2026-06-30,3,United States,Retail,Small,Basic,Annual,49.97,1
CUST_001447,2021-10-21,2026-06-30,56,Germany,Healthcare,Enterprise,Business,Annual,259.57,1
CUST_001448,2021-09-12,2026-06-30,57,Canada,Technology,Mid-Market,Business,Annual,234.39,1
CUST_001449,2022-10-13,2026-06-30,44,Germany,Technology,Small,Basic,Monthly,48.82,0
CUST_001450,2025-11-28,2026-06-30,7,Germany,Finance,Enterprise,Enterprise,Annual,610.74,1
CUST_001451,2024-12-20,2026-06-30,18,United States,Manufacturing,Small,Basic,Monthly,48.82,1
CUST_001452,2026-03-19,2026-06-30,3,United States,Manufacturing,Enterprise,Enterprise,Annual,673.95,1
CUST_001453,2026-03-01,2026-06-30,3,Canada,Technology,Small,Basic,Monthly,48.53,1
CUST_001454,2025-03-16,2026-06-30,15,United States,Healthcare,Small,Basic,Monthly,44.63,0
CUST_001455,2023-08-09,2026-06-30,34,United Kingdom,Technology,Small,Basic,Monthly,49.14,1
CUST_001456,2026-02-03,2026-06-30,4,Germany,Manufacturing,Small,Pro,Annual,103.1,1
CUST_001457,2021-07-29,2026-06-30,59,Canada,Manufacturing,Mid-Market,Business,Annual,238.13,1
CUST_001458,2024-03-06,2026-06-30,27,Germany,Professional Services,Small,Pro,Monthly,98.82,1
CUST_001459,2025-02-12,2026-06-30,16,Canada,Professional Services,Small,Basic,Monthly,48.82,0
CUST_001460,2023-11-17,2026-06-30,31,Germany,Finance,Mid-Market,Enterprise,Monthly,597.22,1
CUST_001461,2022-07-13,2026-06-30,47,United States,Finance,Small,Business,Monthly,241.55,1
CUST_001462,2024-11-16,2026-06-30,19,Germany,Professional Services,Small,Basic,Monthly,51.69,1
CUST_001463,2026-03-07,2026-06-30,3,Germany,Technology,Small,Basic,Monthly,54.31,0
CUST_001464,2026-03-01,2026-06-30,3,United States,Technology,Enterprise,Enterprise,Annual,573.86,1
CUST_001465,2022-03-24,2026-06-30,51,United Kingdom,Finance,Mid-Market,Basic,Annual,45.8,1
CUST_001466,2025-11-12,2026-06-30,7,India,Manufacturing,Enterprise,Business,Annual,243.55,1
CUST_001467,2023-04-17,2026-06-30,38,United States,Retail,Mid-Market,Business,Annual,266.52,1
CUST_001468,2024-07-10,2026-06-30,23,Germany,Professional Services,Small,Pro,Annual,97.72,1
CUST_001469,2022-08-05,2026-06-30,46,India,Finance,Small,Basic,Monthly,49.9,0
CUST_001470,2026-02-12,2026-06-30,4,India,Finance,Mid-Market,Enterprise,Annual,571.68,1
CUST_001471,2022-01-01,2026-06-30,53,Canada,Finance,Small,Basic,Annual,53.37,1
CUST_001472,2022-12-25,2026-06-30,42,United Kingdom,Manufacturing,Enterprise,Business,Monthly,245.32,1
CUST_001473,2024-03-16,2026-06-30,27,India,Technology,Small,Basic,Monthly,49.61,1
CUST_001474,2025-05-25,2026-06-30,13,United Kingdom,Professional Services,Small,Business,Annual,239.09,1
CUST_001475,2021-08-12,2026-06-30,58,United States,Healthcare,Mid-Market,Business,Annual,237.89,1
CUST_001476,2024-12-05,2026-06-30,18,United States,Manufacturing,Small,Basic,Monthly,48.99,1
CUST_001477,2024-01-02,2026-06-30,29,Australia,Professional Services,Mid-Market,Business,Annual,250.3,1
CUST_001478,2024-06-23,2026-06-30,24,Canada,Healthcare,Mid-Market,Basic,Monthly,51.11,1
CUST_001479,2025-04-13,2026-06-30,14,United States,Manufacturing,Mid-Market,Basic,Monthly,44.87,1
CUST_001480,2024-05-14,2026-06-30,25,United States,Finance,Enterprise,Pro,Monthly,94.29,1
CUST_001481,2025-09-02,2026-06-30,9,Germany,Manufacturing,Small,Pro,Annual,95.6,0
CUST_001482,2026-05-29,2026-06-30,1,Canada,Professional Services,Small,Basic,Annual,49.29,1
CUST_001483,2024-12-27,2026-06-30,18,India,Retail,Enterprise,Enterprise,Annual,565.17,1
CUST_001484,2025-11-11,2026-06-30,7,Germany,Technology,Small,Basic,Monthly,48.77,0
CUST_001485,2024-05-17,2026-06-30,25,India,Professional Services,Small,Business,Monthly,240.99,1
CUST_001486,2022-03-05,2026-06-30,51,India,Professional Services,Small,Business,Annual,247.31,1
CUST_001487,2025-08-13,2026-06-30,10,United States,Retail,Mid-Market,Pro,Monthly,95.17,0
CUST_001488,2026-05-29,2026-06-30,1,United Kingdom,Professional Services,Mid-Market,Business,Monthly,236.41,1
CUST_001489,2025-11-13,2026-06-30,7,United States,Healthcare,Small,Pro,Annual,100.41,1
CUST_001490,2023-12-01,2026-06-30,30,India,Finance,Small,Business,Monthly,262.86,0
CUST_001491,2025-01-23,2026-06-30,17,United States,Healthcare,Small,Basic,Monthly,50.99,1
CUST_001492,2024-01-04,2026-06-30,29,United Kingdom,Technology,Small,Basic,Annual,51.73,1
CUST_001493,2026-04-09,2026-06-30,2,Australia,Healthcare,Small,Basic,Monthly,52.01,1
CUST_001494,2024-10-11,2026-06-30,20,United States,Retail,Mid-Market,Business,Monthly,247.0,1
CUST_001495,2024-05-25,2026-06-30,25,Australia,Technology,Enterprise,Enterprise,Monthly,655.03,0
CUST_001496,2024-04-17,2026-06-30,26,United States,Finance,Mid-Market,Basic,Monthly,50.85,0
CUST_001497,2023-09-15,2026-06-30,33,Canada,Manufacturing,Enterprise,Enterprise,Annual,570.55,1
CUST_001498,2022-07-30,2026-06-30,47,Canada,Manufacturing,Enterprise,Enterprise,Annual,578.97,1
CUST_001499,2024-02-13,2026-06-30,28,United States,Professional Services,Mid-Market,Business,Annual,250.88,1
CUST_001500,2022-04-13,2026-06-30,50,United Kingdom,Finance,Mid-Market,Business,Monthly,259.96,0
CUST_001501,2023-10-24,2026-06-30,32,India,Professional Services,Mid-Market,Business,Annual,246.15,1
CUST_001502,2025-02-18,2026-06-30,16,United States,Technology,Mid-Market,Business,Annual,236.91,1
CUST_001503,2025-04-15,2026-06-30,14,United Kingdom,Technology,Small,Basic,Annual,50.94,1
CUST_001504,2024-10-30,2026-06-30,19,India,Manufacturing,Small,Basic,Monthly,46.26,0
CUST_001505,2023-06-24,2026-06-30,36,Australia,Healthcare,Mid-Market,Pro,Monthly,100.5,1
CUST_001506,2025-03-22,2026-06-30,15,United States,Manufacturing,Enterprise,Enterprise,Annual,600.29,1
CUST_001507,2021-12-03,2026-06-30,54,India,Finance,Mid-Market,Basic,Monthly,45.71,0
CUST_001508,2024-01-21,2026-06-30,29,United States,Technology,Small,Basic,Monthly,53.35,1
CUST_001509,2022-03-04,2026-06-30,51,United Kingdom,Healthcare,Mid-Market,Business,Annual,249.21,1
CUST_001510,2023-01-21,2026-06-30,41,United Kingdom,Technology,Mid-Market,Business,Annual,234.23,1
CUST_001511,2024-10-10,2026-06-30,20,Australia,Finance,Mid-Market,Business,Monthly,249.6,1
CUST_001512,2025-04-17,2026-06-30,14,United States,Technology,Small,Basic,Monthly,44.76,0
CUST_001513,2022-10-04,2026-06-30,44,United States,Finance,Small,Basic,Monthly,49.88,1
CUST_001514,2024-10-15,2026-06-30,20,Germany,Manufacturing,Small,Basic,Monthly,51.11,0
CUST_001515,2025-03-14,2026-06-30,15,United States,Technology,Enterprise,Enterprise,Annual,679.92,1
CUST_001516,2021-11-03,2026-06-30,55,Canada,Retail,Small,Pro,Monthly,99.48,1
CUST_001517,2024-01-16,2026-06-30,29,Germany,Retail,Enterprise,Enterprise,Monthly,579.27,1
CUST_001518,2026-03-05,2026-06-30,3,United Kingdom,Healthcare,Small,Pro,Annual,100.02,1
CUST_001519,2023-12-25,2026-06-30,30,United States,Healthcare,Enterprise,Pro,Monthly,106.13,1
CUST_001520,2024-02-24,2026-06-30,28,United States,Retail,Small,Pro,Annual,101.48,1
CUST_001521,2022-03-03,2026-06-30,51,India,Professional Services,Mid-Market,Enterprise,Annual,623.94,1
CUST_001522,2022-12-01,2026-06-30,42,Canada,Technology,Mid-Market,Business,Monthly,258.46,1
CUST_001523,2025-06-22,2026-06-30,12,United States,Manufacturing,Mid-Market,Business,Annual,255.3,1
CUST_001524,2025-09-03,2026-06-30,9,United States,Technology,Mid-Market,Business,Annual,231.55,1
CUST_001525,2023-06-13,2026-06-30,36,United States,Healthcare,Small,Pro,Monthly,91.79,0
CUST_001526,2026-03-07,2026-06-30,3,India,Healthcare,Small,Basic,Monthly,45.13,1
CUST_001527,2024-11-05,2026-06-30,19,United States,Technology,Small,Business,Monthly,234.09,1
CUST_001528,2025-09-25,2026-06-30,9,United States,Technology,Mid-Market,Pro,Monthly,93.64,0
CUST_001529,2026-04-25,2026-06-30,2,Canada,Technology,Mid-Market,Pro,Monthly,108.21,1
CUST_001530,2021-11-24,2026-06-30,55,United States,Technology,Small,Basic,Monthly,47.27,1
CUST_001531,2025-12-21,2026-06-30,6,United States,Retail,Mid-Market,Business,Annual,250.24,1
CUST_001532,2026-05-15,2026-06-30,1,India,Technology,Small,Pro,Monthly,97.79,1
CUST_001533,2021-10-30,2026-06-30,55,Germany,Manufacturing,Small,Pro,Annual,99.96,0
CUST_001534,2025-06-27,2026-06-30,12,United States,Professional Services,Small,Basic,Monthly,49.17,1
CUST_001535,2022-05-27,2026-06-30,49,Canada,Finance,Mid-Market,Business,Annual,233.36,1
CUST_001536,2026-04-05,2026-06-30,2,United States,Technology,Small,Basic,Monthly,50.46,1
CUST_001537,2025-08-29,2026-06-30,10,United States,Healthcare,Enterprise,Enterprise,Annual,578.64,1
CUST_001538,2025-11-14,2026-06-30,7,United Kingdom,Professional Services,Mid-Market,Pro,Monthly,95.47,1
CUST_001539,2022-12-11,2026-06-30,42,Canada,Finance,Mid-Market,Pro,Monthly,97.48,0
CUST_001540,2023-05-14,2026-06-30,37,Germany,Technology,Small,Basic,Monthly,50.98,1
CUST_001541,2024-01-29,2026-06-30,29,India,Professional Services,Mid-Market,Pro,Monthly,95.91,1
CUST_001542,2025-03-24,2026-06-30,15,United States,Healthcare,Enterprise,Enterprise,Annual,601.75,1
CUST_001543,2025-12-23,2026-06-30,6,India,Finance,Small,Enterprise,Annual,611.07,1
CUST_001544,2023-08-14,2026-06-30,34,Canada,Professional Services,Small,Basic,Monthly,49.63,1
CUST_001545,2025-04-12,2026-06-30,14,United States,Professional Services,Small,Basic,Annual,49.5,1
CUST_001546,2023-07-07,2026-06-30,35,Australia,Healthcare,Small,Basic,Annual,45.56,1
CUST_001547,2023-01-13,2026-06-30,41,United States,Finance,Small,Pro,Monthly,99.63,1
CUST_001548,2022-03-29,2026-06-30,51,United Kingdom,Healthcare,Mid-Market,Business,Annual,237.61,1
CUST_001549,2023-12-27,2026-06-30,30,Germany,Technology,Small,Pro,Monthly,90.29,1
CUST_001550,2026-05-23,2026-06-30,1,United States,Healthcare,Mid-Market,Business,Annual,243.24,1
CUST_001551,2025-01-13,2026-06-30,17,India,Technology,Small,Basic,Monthly,47.73,0
CUST_001552,2022-03-22,2026-06-30,51,United States,Retail,Mid-Market,Enterprise,Annual,687.66,0
CUST_001553,2023-10-17,2026-06-30,32,Australia,Manufacturing,Enterprise,Pro,Monthly,103.83,1
CUST_001554,2023-05-16,2026-06-30,37,United States,Professional Services,Small,Pro,Monthly,102.88,1
CUST_001555,2024-03-01,2026-06-30,27,United States,Professional Services,Small,Basic,Monthly,48.0,0
CUST_001556,2025-08-12,2026-06-30,10,United States,Technology,Small,Basic,Monthly,48.55,0
CUST_001557,2022-01-03,2026-06-30,53,India,Technology,Small,Basic,Annual,55.3,1
CUST_001558,2022-08-13,2026-06-30,46,United States,Healthcare,Mid-Market,Business,Annual,241.08,1
CUST_001559,2021-07-10,2026-06-30,59,India,Finance,Enterprise,Business,Monthly,252.17,0
CUST_001560,2022-03-18,2026-06-30,51,United States,Technology,Mid-Market,Business,Annual,271.92,1
CUST_001561,2024-12-25,2026-06-30,18,Canada,Manufacturing,Enterprise,Business,Annual,239.99,1
CUST_001562,2025-03-01,2026-06-30,15,United States,Finance,Small,Basic,Monthly,49.37,0
CUST_001563,2025-03-11,2026-06-30,15,United States,Technology,Small,Pro,Monthly,98.91,1
CUST_001564,2021-11-24,2026-06-30,55,India,Healthcare,Small,Basic,Monthly,46.82,1
CUST_001565,2023-09-05,2026-06-30,33,Canada,Professional Services,Mid-Market,Basic,Monthly,50.9,1
CUST_001566,2024-03-07,2026-06-30,27,Germany,Retail,Small,Basic,Monthly,46.27,1
CUST_001567,2021-08-27,2026-06-30,58,United Kingdom,Technology,Small,Basic,Monthly,50.9,1
CUST_001568,2023-06-13,2026-06-30,36,Canada,Healthcare,Enterprise,Business,Annual,254.35,1
CUST_001569,2021-12-11,2026-06-30,54,United Kingdom,Professional Services,Small,Basic,Annual,51.2,1
CUST_001570,2021-07-29,2026-06-30,59,India,Technology,Small,Pro,Annual,98.04,1
CUST_001571,2026-01-09,2026-06-30,5,Germany,Retail,Small,Pro,Annual,100.93,1
CUST_001572,2024-08-21,2026-06-30,22,United Kingdom,Manufacturing,Small,Basic,Monthly,51.51,1
CUST_001573,2022-10-22,2026-06-30,44,United Kingdom,Manufacturing,Small,Pro,Annual,92.03,1
CUST_001574,2022-06-02,2026-06-30,48,United Kingdom,Technology,Small,Basic,Monthly,46.04,1
CUST_001575,2025-09-07,2026-06-30,9,Canada,Professional Services,Small,Basic,Monthly,50.43,0
CUST_001576,2024-11-06,2026-06-30,19,United Kingdom,Finance,Mid-Market,Pro,Annual,103.07,1
CUST_001577,2023-09-21,2026-06-30,33,Canada,Technology,Small,Basic,Monthly,49.33,1
CUST_001578,2022-06-27,2026-06-30,48,Germany,Technology,Mid-Market,Basic,Monthly,51.25,0
CUST_001579,2025-11-10,2026-06-30,7,India,Healthcare,Mid-Market,Pro,Annual,97.21,1
CUST_001580,2023-06-18,2026-06-30,36,India,Technology,Mid-Market,Pro,Monthly,105.27,1
CUST_001581,2024-12-15,2026-06-30,18,Australia,Manufacturing,Enterprise,Business,Monthly,248.1,1
CUST_001582,2025-05-08,2026-06-30,13,United Kingdom,Professional Services,Small,Basic,Annual,47.09,1
CUST_001583,2023-11-18,2026-06-30,31,Germany,Technology,Small,Basic,Annual,52.49,1
CUST_001584,2024-05-18,2026-06-30,25,United States,Manufacturing,Small,Basic,Monthly,51.03,1
CUST_001585,2023-04-16,2026-06-30,38,Canada,Professional Services,Small,Pro,Monthly,96.77,1
CUST_001586,2024-11-07,2026-06-30,19,United States,Technology,Mid-Market,Pro,Monthly,96.87,0
CUST_001587,2022-05-15,2026-06-30,49,United States,Manufacturing,Mid-Market,Basic,Monthly,50.47,1
CUST_001588,2026-01-11,2026-06-30,5,India,Professional Services,Small,Basic,Monthly,46.55,0
CUST_001589,2022-03-06,2026-06-30,51,India,Manufacturing,Small,Basic,Monthly,49.79,1
CUST_001590,2026-04-08,2026-06-30,2,Canada,Healthcare,Enterprise,Enterprise,Annual,593.95,1
CUST_001591,2022-10-19,2026-06-30,44,United States,Professional Services,Small,Pro,Monthly,100.06,0
CUST_001592,2024-09-17,2026-06-30,21,Germany,Manufacturing,Small,Basic,Monthly,44.05,0
CUST_001593,2024-07-12,2026-06-30,23,Canada,Finance,Enterprise,Enterprise,Annual,571.83,1
CUST_001594,2026-04-27,2026-06-30,2,Australia,Technology,Mid-Market,Business,Monthly,252.16,0
CUST_001595,2022-12-18,2026-06-30,42,India,Healthcare,Small,Pro,Annual,104.21,0
CUST_001596,2025-08-07,2026-06-30,10,United States,Finance,Small,Pro,Monthly,98.35,0
CUST_001597,2023-03-05,2026-06-30,39,United States,Finance,Mid-Market,Pro,Monthly,102.58,0
CUST_001598,2022-11-07,2026-06-30,43,United States,Technology,Small,Business,Annual,230.55,1
CUST_001599,2022-04-05,2026-06-30,50,United States,Professional Services,Enterprise,Business,Monthly,243.41,0
CUST_001600,2022-12-07,2026-06-30,42,United States,Manufacturing,Mid-Market,Enterprise,Monthly,607.38,1
CUST_001601,2024-12-06,2026-06-30,18,United States,Finance,Mid-Market,Pro,Annual,98.69,1
CUST_001602,2022-10-14,2026-06-30,44,United States,Technology,Mid-Market,Business,Annual,258.49,1
CUST_001603,2022-05-10,2026-06-30,49,United States,Technology,Enterprise,Enterprise,Annual,591.31,1
CUST_001604,2024-11-08,2026-06-30,19,United States,Technology,Small,Basic,Monthly,48.39,0
CUST_001605,2025-10-21,2026-06-30,8,Germany,Retail,Small,Pro,Monthly,102.24,1
CUST_001606,2022-01-15,2026-06-30,53,United States,Technology,Mid-Market,Pro,Annual,96.34,1
CUST_001607,2025-09-08,2026-06-30,9,India,Professional Services,Small,Basic,Monthly,46.78,0
CUST_001608,2023-07-01,2026-06-30,35,United States,Finance,Mid-Market,Pro,Monthly,101.3,0
CUST_001609,2025-04-02,2026-06-30,14,United States,Technology,Small,Business,Annual,237.0,1
CUST_001610,2025-10-17,2026-06-30,8,United States,Professional Services,Small,Business,Annual,266.66,0
CUST_001611,2022-08-07,2026-06-30,46,Germany,Finance,Small,Basic,Monthly,44.49,1
CUST_001612,2025-09-16,2026-06-30,9,United States,Finance,Mid-Market,Business,Annual,245.29,1
CUST_001613,2023-02-13,2026-06-30,40,Canada,Technology,Small,Basic,Annual,52.99,1
CUST_001614,2023-01-03,2026-06-30,41,United States,Retail,Small,Basic,Monthly,53.84,1
CUST_001615,2026-02-12,2026-06-30,4,India,Finance,Small,Business,Annual,247.86,1
CUST_001616,2025-07-25,2026-06-30,11,United States,Professional Services,Small,Pro,Monthly,104.46,0
CUST_001617,2022-07-06,2026-06-30,47,Canada,Retail,Mid-Market,Business,Annual,258.65,1
CUST_001618,2023-12-03,2026-06-30,30,India,Professional Services,Enterprise,Business,Annual,242.88,1
CUST_001619,2025-10-26,2026-06-30,8,United States,Retail,Mid-Market,Business,Annual,254.82,1
CUST_001620,2021-07-16,2026-06-30,59,United States,Manufacturing,Mid-Market,Enterprise,Monthly,573.2,1
CUST_001621,2025-02-10,2026-06-30,16,Australia,Retail,Small,Business,Annual,229.55,0
CUST_001622,2026-05-24,2026-06-30,1,United States,Healthcare,Enterprise,Enterprise,Annual,614.1,1
CUST_001623,2021-11-15,2026-06-30,55,United States,Retail,Enterprise,Business,Annual,256.01,1
CUST_001624,2026-05-02,2026-06-30,1,Canada,Retail,Mid-Market,Enterprise,Annual,563.5,1
CUST_001625,2023-09-11,2026-06-30,33,United States,Technology,Small,Basic,Annual,48.65,1
CUST_001626,2021-07-14,2026-06-30,59,India,Retail,Small,Basic,Monthly,46.09,1
CUST_001627,2023-07-29,2026-06-30,35,United Kingdom,Finance,Small,Basic,Monthly,47.87,0
CUST_001628,2023-07-17,2026-06-30,35,United Kingdom,Healthcare,Small,Basic,Monthly,47.93,1
CUST_001629,2024-07-04,2026-06-30,23,United States,Technology,Small,Pro,Monthly,102.67,1
CUST_001630,2025-10-16,2026-06-30,8,Germany,Technology,Enterprise,Enterprise,Annual,584.02,1
CUST_001631,2023-08-08,2026-06-30,34,Germany,Technology,Small,Business,Annual,233.29,1
CUST_001632,2022-01-02,2026-06-30,53,United States,Technology,Small,Basic,Monthly,53.2,1
CUST_001633,2025-12-19,2026-06-30,6,India,Technology,Enterprise,Enterprise,Annual,613.82,1
CUST_001634,2022-02-01,2026-06-30,52,United Kingdom,Technology,Enterprise,Business,Annual,260.16,1
CUST_001635,2024-05-16,2026-06-30,25,Australia,Retail,Small,Basic,Monthly,50.49,1
CUST_001636,2023-10-12,2026-06-30,32,United States,Healthcare,Small,Basic,Monthly,51.31,0
CUST_001637,2025-08-08,2026-06-30,10,United States,Professional Services,Mid-Market,Business,Annual,254.44,1
CUST_001638,2023-05-11,2026-06-30,37,Germany,Manufacturing,Enterprise,Enterprise,Monthly,612.93,1
CUST_001639,2025-07-08,2026-06-30,11,Australia,Technology,Mid-Market,Business,Annual,250.59,1
CUST_001640,2025-01-26,2026-06-30,17,United States,Healthcare,Small,Business,Annual,243.53,1
CUST_001641,2022-11-13,2026-06-30,43,United States,Healthcare,Mid-Market,Business,Annual,260.04,1
CUST_001642,2026-03-02,2026-06-30,3,Australia,Finance,Mid-Market,Business,Annual,245.71,1
CUST_001643,2024-03-20,2026-06-30,27,United States,Healthcare,Small,Basic,Monthly,49.29,1
CUST_001644,2023-06-29,2026-06-30,36,United States,Retail,Small,Pro,Monthly,100.83,1
CUST_001645,2025-10-07,2026-06-30,8,United Kingdom,Retail,Enterprise,Enterprise,Annual,612.61,1
CUST_001646,2024-12-18,2026-06-30,18,United States,Finance,Mid-Market,Pro,Annual,93.98,1
CUST_001647,2024-09-22,2026-06-30,21,United States,Manufacturing,Small,Basic,Monthly,49.49,0
CUST_001648,2023-02-25,2026-06-30,40,United States,Finance,Mid-Market,Pro,Annual,93.95,1
CUST_001649,2021-08-12,2026-06-30,58,India,Professional Services,Mid-Market,Business,Monthly,251.22,1
CUST_001650,2022-04-21,2026-06-30,50,United States,Professional Services,Small,Basic,Monthly,50.91,1
CUST_001651,2025-06-25,2026-06-30,12,United Kingdom,Finance,Small,Basic,Monthly,53.41,0
CUST_001652,2026-04-29,2026-06-30,2,India,Manufacturing,Small,Business,Monthly,256.19,1
CUST_001653,2026-02-27,2026-06-30,4,United Kingdom,Manufacturing,Enterprise,Business,Monthly,259.76,1
CUST_001654,2023-06-27,2026-06-30,36,United Kingdom,Healthcare,Small,Basic,Monthly,46.34,0
CUST_001655,2025-08-24,2026-06-30,10,United Kingdom,Technology,Mid-Market,Business,Annual,255.7,1
CUST_001656,2025-04-11,2026-06-30,14,United States,Manufacturing,Small,Basic,Monthly,46.27,1
CUST_001657,2022-04-01,2026-06-30,50,United Kingdom,Healthcare,Enterprise,Business,Annual,263.97,1
CUST_001658,2022-02-13,2026-06-30,52,India,Technology,Enterprise,Enterprise,Annual,567.07,1
CUST_001659,2022-04-16,2026-06-30,50,Australia,Retail,Enterprise,Business,Annual,236.83,1
CUST_001660,2025-03-02,2026-06-30,15,Canada,Healthcare,Enterprise,Business,Monthly,258.4,1
CUST_001661,2023-05-15,2026-06-30,37,United States,Technology,Small,Basic,Annual,53.12,1
CUST_001662,2023-05-31,2026-06-30,36,India,Professional Services,Small,Pro,Annual,104.24,1
CUST_001663,2025-07-03,2026-06-30,11,United States,Technology,Small,Basic,Monthly,48.13,1
CUST_001664,2023-09-11,2026-06-30,33,Australia,Healthcare,Mid-Market,Business,Monthly,236.68,1
CUST_001665,2023-11-01,2026-06-30,31,United States,Retail,Small,Pro,Annual,96.88,1
CUST_001666,2024-06-19,2026-06-30,24,Germany,Technology,Small,Basic,Monthly,49.31,1
CUST_001667,2022-09-20,2026-06-30,45,Australia,Manufacturing,Small,Basic,Monthly,48.81,0
CUST_001668,2023-01-31,2026-06-30,40,Canada,Retail,Mid-Market,Pro,Annual,93.91,1
CUST_001669,2023-10-18,2026-06-30,32,United States,Healthcare,Small,Pro,Annual,105.37,1
CUST_001670,2022-11-06,2026-06-30,43,Australia,Healthcare,Small,Basic,Monthly,52.2,1
CUST_001671,2022-08-31,2026-06-30,45,United States,Professional Services,Mid-Market,Business,Annual,272.47,1
CUST_001672,2023-08-18,2026-06-30,34,United States,Professional Services,Small,Pro,Monthly,90.78,0
CUST_001673,2025-02-05,2026-06-30,16,Canada,Technology,Enterprise,Business,Annual,238.93,1
CUST_001674,2022-09-08,2026-06-30,45,Canada,Finance,Mid-Market,Business,Annual,252.12,1
CUST_001675,2022-11-20,2026-06-30,43,Germany,Healthcare,Mid-Market,Business,Annual,249.06,1
CUST_001676,2021-07-31,2026-06-30,58,United States,Professional Services,Small,Pro,Monthly,96.77,0
CUST_001677,2025-09-05,2026-06-30,9,Canada,Manufacturing,Small,Basic,Monthly,46.9,0
CUST_001678,2024-05-09,2026-06-30,25,India,Finance,Mid-Market,Pro,Annual,94.06,1
CUST_001679,2021-11-15,2026-06-30,55,United States,Professional Services,Small,Pro,Monthly,109.03,1
CUST_001680,2023-11-20,2026-06-30,31,Canada,Finance,Mid-Market,Pro,Monthly,91.94,0
CUST_001681,2021-10-12,2026-06-30,56,United Kingdom,Finance,Enterprise,Enterprise,Annual,552.35,1
CUST_001682,2026-05-09,2026-06-30,1,India,Retail,Small,Pro,Monthly,93.12,1
CUST_001683,2026-03-29,2026-06-30,3,United Kingdom,Finance,Mid-Market,Business,Monthly,251.39,1
CUST_001684,2022-07-03,2026-06-30,47,Australia,Retail,Small,Basic,Monthly,48.33,1
CUST_001685,2024-08-26,2026-06-30,22,United States,Healthcare,Small,Business,Monthly,254.15,1
CUST_001686,2023-11-10,2026-06-30,31,United States,Manufacturing,Small,Business,Monthly,240.2,0
CUST_001687,2024-04-23,2026-06-30,26,India,Professional Services,Mid-Market,Pro,Monthly,99.44,0
CUST_001688,2024-05-29,2026-06-30,25,India,Finance,Enterprise,Enterprise,Annual,601.54,1
CUST_001689,2021-10-18,2026-06-30,56,United Kingdom,Healthcare,Small,Business,Annual,268.61,1
CUST_001690,2025-12-14,2026-06-30,6,Canada,Manufacturing,Mid-Market,Pro,Annual,107.81,0
CUST_001691,2022-08-14,2026-06-30,46,Canada,Technology,Small,Basic,Monthly,48.63,1
CUST_001692,2022-01-16,2026-06-30,53,United States,Manufacturing,Small,Business,Annual,259.64,1
CUST_001693,2023-03-08,2026-06-30,39,India,Retail,Mid-Market,Business,Annual,251.02,1
CUST_001694,2024-06-21,2026-06-30,24,Australia,Technology,Mid-Market,Enterprise,Annual,622.08,1
CUST_001695,2025-08-17,2026-06-30,10,Canada,Professional Services,Mid-Market,Pro,Annual,100.91,1
CUST_001696,2023-01-22,2026-06-30,41,United States,Healthcare,Enterprise,Enterprise,Annual,621.04,1
CUST_001697,2024-02-10,2026-06-30,28,United States,Technology,Small,Basic,Monthly,51.09,0
CUST_001698,2025-09-05,2026-06-30,9,United States,Technology,Small,Basic,Monthly,50.04,1
CUST_001699,2024-08-24,2026-06-30,22,Germany,Manufacturing,Small,Business,Monthly,250.7,1
CUST_001700,2021-09-09,2026-06-30,57,United Kingdom,Professional Services,Mid-Market,Business,Monthly,261.98,1
CUST_001701,2025-02-09,2026-06-30,16,United States,Finance,Small,Business,Annual,247.32,1
CUST_001702,2025-07-15,2026-06-30,11,United Kingdom,Technology,Small,Basic,Monthly,47.59,1
CUST_001703,2023-01-23,2026-06-30,41,India,Technology,Mid-Market,Enterprise,Annual,552.45,0
CUST_001704,2025-06-07,2026-06-30,12,United States,Retail,Small,Pro,Annual,101.11,0
CUST_001705,2021-11-22,2026-06-30,55,Canada,Finance,Mid-Market,Pro,Monthly,102.43,1
CUST_001706,2022-03-12,2026-06-30,51,Canada,Healthcare,Enterprise,Business,Annual,227.54,0
CUST_001707,2021-07-31,2026-06-30,58,United States,Finance,Small,Basic,Monthly,47.5,1
CUST_001708,2021-12-05,2026-06-30,54,United Kingdom,Healthcare,Small,Basic,Monthly,50.84,0
CUST_001709,2025-03-20,2026-06-30,15,United Kingdom,Retail,Enterprise,Enterprise,Annual,594.7,0
CUST_001710,2025-05-16,2026-06-30,13,United States,Healthcare,Mid-Market,Enterprise,Monthly,600.65,1
CUST_001711,2024-09-23,2026-06-30,21,United States,Technology,Small,Basic,Annual,51.24,1
CUST_001712,2024-02-08,2026-06-30,28,India,Healthcare,Mid-Market,Pro,Monthly,98.46,1
CUST_001713,2022-02-02,2026-06-30,52,United States,Healthcare,Small,Basic,Monthly,49.94,0
CUST_001714,2022-10-23,2026-06-30,44,United Kingdom,Healthcare,Mid-Market,Business,Monthly,235.54,1
CUST_001715,2023-04-01,2026-06-30,38,United Kingdom,Technology,Mid-Market,Business,Annual,253.38,1
CUST_001716,2022-02-05,2026-06-30,52,Australia,Technology,Small,Basic,Monthly,45.72,1
CUST_001717,2023-03-29,2026-06-30,39,Germany,Healthcare,Mid-Market,Business,Monthly,232.86,0
CUST_001718,2024-07-20,2026-06-30,23,Australia,Finance,Small,Business,Annual,242.73,1
CUST_001719,2024-05-20,2026-06-30,25,United Kingdom,Retail,Enterprise,Business,Annual,255.83,1
CUST_001720,2023-11-15,2026-06-30,31,Canada,Finance,Mid-Market,Pro,Monthly,99.26,1
CUST_001721,2025-12-23,2026-06-30,6,United States,Technology,Enterprise,Enterprise,Annual,575.36,1
CUST_001722,2022-10-08,2026-06-30,44,United States,Retail,Small,Business,Annual,259.92,1
CUST_001723,2023-03-17,2026-06-30,39,Canada,Finance,Small,Pro,Monthly,100.58,1
CUST_001724,2022-10-27,2026-06-30,44,United States,Technology,Small,Pro,Annual,104.17,1
CUST_001725,2023-10-16,2026-06-30,32,Canada,Manufacturing,Small,Pro,Monthly,94.59,0
CUST_001726,2022-07-26,2026-06-30,47,United States,Healthcare,Small,Basic,Monthly,52.51,0
CUST_001727,2021-09-30,2026-06-30,56,United States,Professional Services,Mid-Market,Business,Monthly,268.69,1
CUST_001728,2023-08-12,2026-06-30,34,United States,Technology,Small,Pro,Monthly,103.51,1
CUST_001729,2024-03-25,2026-06-30,27,Germany,Professional Services,Enterprise,Business,Annual,255.07,1
CUST_001730,2025-11-25,2026-06-30,7,United Kingdom,Manufacturing,Small,Pro,Annual,101.46,1
CUST_001731,2022-08-03,2026-06-30,46,Australia,Technology,Small,Basic,Monthly,49.81,0
CUST_001732,2021-12-21,2026-06-30,54,United Kingdom,Healthcare,Mid-Market,Business,Monthly,231.9,1
CUST_001733,2022-12-23,2026-06-30,42,India,Retail,Small,Basic,Monthly,47.53,0
CUST_001734,2022-02-28,2026-06-30,52,Australia,Healthcare,Mid-Market,Pro,Annual,98.49,0
CUST_001735,2022-03-08,2026-06-30,51,United States,Finance,Mid-Market,Business,Annual,236.17,1
CUST_001736,2022-06-29,2026-06-30,48,India,Professional Services,Mid-Market,Business,Annual,266.86,1
CUST_001737,2023-12-11,2026-06-30,30,United States,Manufacturing,Mid-Market,Pro,Monthly,101.48,1
CUST_001738,2025-12-03,2026-06-30,6,United Kingdom,Professional Services,Mid-Market,Pro,Annual,107.82,1
CUST_001739,2026-05-26,2026-06-30,1,Australia,Professional Services,Enterprise,Enterprise,Annual,622.66,1
CUST_001740,2025-05-30,2026-06-30,13,United States,Manufacturing,Small,Business,Monthly,231.61,1
CUST_001741,2024-04-18,2026-06-30,26,United Kingdom,Manufacturing,Small,Pro,Annual,105.47,1
CUST_001742,2022-10-05,2026-06-30,44,United States,Retail,Mid-Market,Basic,Monthly,47.9,0
CUST_001743,2024-03-04,2026-06-30,27,United States,Professional Services,Small,Pro,Annual,105.75,1
CUST_001744,2026-04-20,2026-06-30,2,United States,Retail,Small,Pro,Monthly,106.47,1
CUST_001745,2025-05-19,2026-06-30,13,United States,Technology,Mid-Market,Pro,Monthly,105.69,1
CUST_001746,2021-08-08,2026-06-30,58,United States,Retail,Small,Basic,Monthly,51.63,1
CUST_001747,2021-07-23,2026-06-30,59,United Kingdom,Technology,Small,Basic,Monthly,50.06,0
CUST_001748,2024-07-24,2026-06-30,23,United Kingdom,Professional Services,Mid-Market,Basic,Monthly,48.97,0
CUST_001749,2022-06-17,2026-06-30,48,Canada,Retail,Small,Pro,Annual,108.33,1
CUST_001750,2022-11-17,2026-06-30,43,Germany,Retail,Small,Basic,Monthly,49.67,0
CUST_001751,2021-11-02,2026-06-30,55,United States,Technology,Mid-Market,Business,Monthly,244.2,1
CUST_001752,2022-01-19,2026-06-30,53,United States,Healthcare,Mid-Market,Business,Monthly,254.5,1
CUST_001753,2023-04-29,2026-06-30,38,Australia,Finance,Mid-Market,Business,Monthly,263.3,0
CUST_001754,2024-06-22,2026-06-30,24,India,Retail,Small,Basic,Monthly,51.72,1
CUST_001755,2023-05-03,2026-06-30,37,Canada,Retail,Small,Basic,Monthly,46.34,0
CUST_001756,2024-11-05,2026-06-30,19,United States,Healthcare,Mid-Market,Pro,Annual,104.35,1
CUST_001757,2024-09-14,2026-06-30,21,Australia,Finance,Small,Basic,Monthly,50.69,1
CUST_001758,2023-06-04,2026-06-30,36,India,Healthcare,Enterprise,Enterprise,Annual,588.65,1
CUST_001759,2023-08-10,2026-06-30,34,Canada,Healthcare,Mid-Market,Pro,Monthly,94.92,0
CUST_001760,2023-07-24,2026-06-30,35,United States,Professional Services,Small,Basic,Monthly,52.5,1
CUST_001761,2024-07-10,2026-06-30,23,United States,Professional Services,Mid-Market,Pro,Annual,106.57,1
CUST_001762,2024-05-27,2026-06-30,25,United Kingdom,Manufacturing,Enterprise,Business,Annual,268.54,0
CUST_001763,2026-05-13,2026-06-30,1,India,Finance,Enterprise,Business,Monthly,232.72,0
CUST_001764,2023-06-16,2026-06-30,36,Germany,Technology,Mid-Market,Business,Annual,246.39,1
CUST_001765,2023-08-02,2026-06-30,34,United States,Professional Services,Small,Basic,Monthly,49.14,1
CUST_001766,2021-10-25,2026-06-30,56,United Kingdom,Professional Services,Mid-Market,Business,Annual,267.71,1
CUST_001767,2023-12-08,2026-06-30,30,Australia,Technology,Mid-Market,Pro,Monthly,103.0,0
CUST_001768,2024-02-12,2026-06-30,28,Canada,Retail,Mid-Market,Business,Annual,246.21,1
CUST_001769,2026-01-30,2026-06-30,4,Australia,Healthcare,Small,Basic,Annual,49.4,1
CUST_001770,2025-06-12,2026-06-30,12,United States,Technology,Enterprise,Enterprise,Annual,620.38,1
CUST_001771,2024-10-02,2026-06-30,20,United States,Professional Services,Small,Basic,Annual,50.83,1
CUST_001772,2024-07-23,2026-06-30,23,United Kingdom,Professional Services,Small,Basic,Monthly,53.12,0
CUST_001773,2024-08-18,2026-06-30,22,Canada,Professional Services,Small,Pro,Annual,106.21,1
CUST_001774,2024-06-23,2026-06-30,24,India,Technology,Small,Basic,Annual,52.06,1
CUST_001775,2022-08-20,2026-06-30,46,Canada,Healthcare,Small,Basic,Monthly,47.13,0
CUST_001776,2025-10-08,2026-06-30,8,United States,Professional Services,Small,Basic,Monthly,47.28,1
CUST_001777,2024-10-12,2026-06-30,20,United States,Retail,Small,Enterprise,Annual,569.33,1
CUST_001778,2025-08-12,2026-06-30,10,United Kingdom,Healthcare,Small,Business,Annual,254.27,1
CUST_001779,2024-11-25,2026-06-30,19,United States,Healthcare,Small,Pro,Monthly,96.68,0
CUST_001780,2023-01-19,2026-06-30,41,Germany,Technology,Small,Basic,Monthly,50.46,0
CUST_001781,2026-03-09,2026-06-30,3,United States,Retail,Small,Basic,Monthly,50.81,0
CUST_001782,2024-09-29,2026-06-30,20,United States,Professional Services,Small,Pro,Monthly,100.22,1
CUST_001783,2026-04-19,2026-06-30,2,United Kingdom,Technology,Small,Basic,Monthly,51.22,0
CUST_001784,2021-09-20,2026-06-30,57,United States,Technology,Mid-Market,Pro,Annual,95.95,1
CUST_001785,2022-11-03,2026-06-30,43,United Kingdom,Healthcare,Small,Pro,Monthly,91.83,0
CUST_001786,2025-03-20,2026-06-30,15,Canada,Retail,Mid-Market,Pro,Monthly,95.65,0
CUST_001787,2025-06-10,2026-06-30,12,Canada,Finance,Small,Pro,Monthly,103.3,0
CUST_001788,2025-12-05,2026-06-30,6,Germany,Technology,Small,Pro,Monthly,108.26,0
CUST_001789,2024-02-03,2026-06-30,28,Germany,Manufacturing,Small,Pro,Monthly,106.48,1
CUST_001790,2022-09-17,2026-06-30,45,Australia,Technology,Small,Pro,Monthly,98.17,1
CUST_001791,2023-07-18,2026-06-30,35,United States,Retail,Mid-Market,Pro,Annual,103.92,1
CUST_001792,2022-01-31,2026-06-30,52,United States,Retail,Mid-Market,Business,Annual,232.16,1
CUST_001793,2024-09-21,2026-06-30,21,Germany,Healthcare,Mid-Market,Business,Annual,268.73,1
CUST_001794,2025-01-17,2026-06-30,17,United Kingdom,Retail,Small,Pro,Monthly,101.79,0
CUST_001795,2024-01-24,2026-06-30,29,United Kingdom,Retail,Small,Pro,Annual,103.11,1
CUST_001796,2025-06-03,2026-06-30,12,United Kingdom,Retail,Enterprise,Enterprise,Annual,542.94,1
CUST_001797,2021-08-14,2026-06-30,58,Australia,Retail,Small,Pro,Annual,101.5,1
CUST_001798,2025-07-02,2026-06-30,11,United States,Healthcare,Small,Business,Annual,272.51,1
CUST_001799,2024-01-23,2026-06-30,29,United Kingdom,Healthcare,Small,Basic,Annual,49.84,1
CUST_001800,2023-11-06,2026-06-30,31,United States,Healthcare,Enterprise,Enterprise,Annual,597.66,1
CUST_001801,2026-02-18,2026-06-30,4,Canada,Healthcare,Enterprise,Enterprise,Annual,592.77,1
CUST_001802,2024-02-11,2026-06-30,28,United Kingdom,Healthcare,Small,Basic,Monthly,47.35,0
CUST_001803,2024-03-06,2026-06-30,27,Canada,Technology,Small,Basic,Monthly,49.34,0
CUST_001804,2025-02-20,2026-06-30,16,United States,Manufacturing,Mid-Market,Business,Annual,234.46,1
CUST_001805,2025-10-14,2026-06-30,8,India,Technology,Small,Pro,Annual,101.47,1
CUST_001806,2026-03-11,2026-06-30,3,Australia,Professional Services,Small,Basic,Annual,51.84,1
CUST_001807,2026-05-16,2026-06-30,1,United Kingdom,Retail,Small,Basic,Annual,48.07,1
CUST_001808,2024-01-18,2026-06-30,29,India,Technology,Small,Basic,Monthly,50.06,0
CUST_001809,2025-12-21,2026-06-30,6,Canada,Retail,Small,Basic,Annual,48.97,0
CUST_001810,2021-09-12,2026-06-30,57,Australia,Finance,Mid-Market,Enterprise,Annual,612.33,1
CUST_001811,2025-03-18,2026-06-30,15,United States,Professional Services,Mid-Market,Business,Annual,260.96,1
CUST_001812,2023-03-17,2026-06-30,39,United States,Professional Services,Mid-Market,Pro,Monthly,101.3,0
CUST_001813,2023-02-08,2026-06-30,40,United States,Professional Services,Small,Pro,Monthly,103.51,1
CUST_001814,2023-12-24,2026-06-30,30,United States,Retail,Small,Basic,Monthly,50.4,0
CUST_001815,2022-01-26,2026-06-30,53,Canada,Professional Services,Enterprise,Business,Annual,260.37,1
CUST_001816,2025-11-14,2026-06-30,7,United States,Retail,Small,Basic,Monthly,49.9,1
CUST_001817,2025-04-06,2026-06-30,14,United Kingdom,Professional Services,Small,Business,Annual,253.75,1
CUST_001818,2025-03-04,2026-06-30,15,United States,Technology,Small,Pro,Monthly,102.67,1
CUST_001819,2025-09-30,2026-06-30,8,United States,Professional Services,Small,Pro,Annual,98.89,1
CUST_001820,2024-12-18,2026-06-30,18,India,Retail,Small,Basic,Monthly,50.22,1
CUST_001821,2024-11-16,2026-06-30,19,United Kingdom,Finance,Small,Basic,Monthly,46.94,0
CUST_001822,2022-08-28,2026-06-30,46,India,Professional Services,Mid-Market,Business,Monthly,227.06,0
CUST_001823,2024-12-06,2026-06-30,18,Canada,Retail,Small,Basic,Monthly,49.35,0
CUST_001824,2022-02-08,2026-06-30,52,United States,Professional Services,Mid-Market,Pro,Annual,95.29,1
CUST_001825,2022-08-14,2026-06-30,46,United Kingdom,Technology,Mid-Market,Pro,Annual,108.8,1
CUST_001826,2021-12-25,2026-06-30,54,United Kingdom,Retail,Small,Business,Annual,239.63,1
CUST_001827,2025-11-24,2026-06-30,7,United States,Manufacturing,Mid-Market,Business,Annual,259.1,1
CUST_001828,2021-07-29,2026-06-30,59,India,Technology,Enterprise,Business,Annual,240.72,1
CUST_001829,2023-05-25,2026-06-30,37,United Kingdom,Manufacturing,Small,Business,Annual,249.27,1
CUST_001830,2021-08-02,2026-06-30,58,Germany,Retail,Mid-Market,Pro,Monthly,93.69,0
CUST_001831,2024-09-02,2026-06-30,21,Canada,Finance,Mid-Market,Business,Monthly,234.49,1
CUST_001832,2021-09-24,2026-06-30,57,United Kingdom,Retail,Mid-Market,Pro,Annual,100.63,1
CUST_001833,2023-07-10,2026-06-30,35,United States,Technology,Small,Business,Annual,244.6,1
CUST_001834,2026-01-23,2026-06-30,5,India,Professional Services,Small,Basic,Annual,50.93,1
CUST_001835,2024-05-25,2026-06-30,25,Canada,Professional Services,Small,Business,Annual,265.08,1
CUST_001836,2025-09-26,2026-06-30,9,United States,Healthcare,Small,Pro,Monthly,91.32,1
CUST_001837,2021-10-15,2026-06-30,56,United States,Healthcare,Small,Basic,Annual,51.68,0
CUST_001838,2024-12-01,2026-06-30,18,United Kingdom,Healthcare,Enterprise,Business,Monthly,237.03,1
CUST_001839,2025-04-27,2026-06-30,14,India,Finance,Small,Pro,Annual,97.35,1
CUST_001840,2023-09-12,2026-06-30,33,India,Professional Services,Small,Basic,Monthly,45.57,1
CUST_001841,2024-04-28,2026-06-30,26,Germany,Finance,Small,Basic,Annual,45.64,1
CUST_001842,2025-12-08,2026-06-30,6,India,Healthcare,Small,Pro,Monthly,89.37,0
CUST_001843,2022-05-27,2026-06-30,49,Germany,Finance,Mid-Market,Basic,Monthly,48.01,0
CUST_001844,2022-04-04,2026-06-30,50,United States,Retail,Mid-Market,Business,Monthly,249.76,1
CUST_001845,2022-10-06,2026-06-30,44,United Kingdom,Manufacturing,Small,Basic,Monthly,48.09,1
CUST_001846,2023-05-20,2026-06-30,37,United States,Technology,Small,Basic,Monthly,44.61,0
CUST_001847,2024-06-08,2026-06-30,24,United States,Finance,Small,Basic,Monthly,44.21,1
CUST_001848,2023-10-01,2026-06-30,32,Canada,Technology,Enterprise,Pro,Annual,99.05,1
CUST_001849,2023-11-08,2026-06-30,31,United States,Technology,Small,Business,Annual,258.82,1
CUST_001850,2025-08-08,2026-06-30,10,India,Healthcare,Small,Basic,Monthly,49.61,1
CUST_001851,2026-01-05,2026-06-30,5,India,Manufacturing,Small,Pro,Monthly,108.25,0
CUST_001852,2025-03-03,2026-06-30,15,United States,Healthcare,Small,Pro,Annual,98.81,1
CUST_001853,2024-03-07,2026-06-30,27,Germany,Technology,Small,Pro,Annual,100.56,0
CUST_001854,2025-08-17,2026-06-30,10,Canada,Retail,Enterprise,Business,Annual,248.74,1
CUST_001855,2025-11-21,2026-06-30,7,United States,Manufacturing,Small,Basic,Monthly,47.09,1
CUST_001856,2022-03-24,2026-06-30,51,United States,Finance,Small,Basic,Monthly,48.6,0
CUST_001857,2024-07-27,2026-06-30,23,United States,Technology,Small,Pro,Monthly,103.15,1
CUST_001858,2023-07-18,2026-06-30,35,United States,Manufacturing,Small,Pro,Annual,103.34,1
CUST_001859,2023-11-03,2026-06-30,31,United States,Technology,Enterprise,Pro,Monthly,100.77,1
CUST_001860,2022-10-20,2026-06-30,44,United States,Manufacturing,Mid-Market,Business,Monthly,268.7,1
CUST_001861,2022-10-12,2026-06-30,44,United States,Manufacturing,Enterprise,Business,Annual,254.7,1
CUST_001862,2024-12-16,2026-06-30,18,India,Professional Services,Enterprise,Enterprise,Annual,608.79,1
CUST_001863,2022-04-01,2026-06-30,50,United States,Technology,Mid-Market,Business,Annual,267.7,1
CUST_001864,2024-08-03,2026-06-30,22,United States,Technology,Mid-Market,Pro,Annual,95.46,1
CUST_001865,2022-04-23,2026-06-30,50,United Kingdom,Professional Services,Small,Business,Annual,266.78,0
CUST_001866,2024-06-04,2026-06-30,24,United States,Healthcare,Mid-Market,Business,Annual,236.87,1
CUST_001867,2025-11-13,2026-06-30,7,Canada,Finance,Mid-Market,Pro,Monthly,97.68,1
CUST_001868,2022-09-05,2026-06-30,45,United States,Retail,Mid-Market,Basic,Monthly,44.5,1
CUST_001869,2026-04-07,2026-06-30,2,United Kingdom,Technology,Small,Pro,Monthly,100.24,0
CUST_001870,2022-08-14,2026-06-30,46,United Kingdom,Retail,Mid-Market,Business,Annual,265.5,1
CUST_001871,2026-03-15,2026-06-30,3,Germany,Professional Services,Small,Basic,Monthly,46.7,1
CUST_001872,2025-05-25,2026-06-30,13,United Kingdom,Retail,Mid-Market,Pro,Annual,97.6,1
CUST_001873,2023-06-13,2026-06-30,36,Canada,Healthcare,Small,Pro,Monthly,97.9,0
CUST_001874,2021-10-14,2026-06-30,56,United States,Professional Services,Small,Basic,Monthly,48.47,1
CUST_001875,2024-05-28,2026-06-30,25,United States,Retail,Small,Basic,Monthly,46.43,0
CUST_001876,2025-10-27,2026-06-30,8,Canada,Technology,Mid-Market,Pro,Annual,99.19,1
CUST_001877,2025-04-08,2026-06-30,14,United States,Retail,Mid-Market,Business,Monthly,268.55,1
CUST_001878,2022-01-04,2026-06-30,53,United States,Technology,Small,Basic,Monthly,47.77,0
CUST_001879,2022-11-04,2026-06-30,43,Germany,Finance,Small,Basic,Monthly,49.56,0
CUST_001880,2025-12-02,2026-06-30,6,United States,Retail,Small,Basic,Monthly,49.54,1
CUST_001881,2024-07-10,2026-06-30,23,United States,Technology,Small,Basic,Monthly,48.03,1
CUST_001882,2025-02-11,2026-06-30,16,United Kingdom,Technology,Small,Business,Annual,252.46,1
CUST_001883,2025-07-16,2026-06-30,11,United States,Retail,Mid-Market,Basic,Annual,48.07,1
CUST_001884,2022-04-03,2026-06-30,50,Australia,Finance,Mid-Market,Basic,Monthly,50.02,0
CUST_001885,2023-05-19,2026-06-30,37,India,Healthcare,Small,Pro,Annual,98.65,1
CUST_001886,2025-07-13,2026-06-30,11,India,Finance,Enterprise,Enterprise,Monthly,556.9,1
CUST_001887,2023-03-21,2026-06-30,39,Canada,Retail,Small,Pro,Monthly,90.09,0
CUST_001888,2024-05-19,2026-06-30,25,United States,Professional Services,Mid-Market,Pro,Monthly,88.42,0
CUST_001889,2026-02-10,2026-06-30,4,United Kingdom,Technology,Small,Pro,Monthly,96.97,0
CUST_001890,2024-03-15,2026-06-30,27,United Kingdom,Manufacturing,Mid-Market,Business,Annual,259.34,1
CUST_001891,2025-07-03,2026-06-30,11,United Kingdom,Technology,Small,Pro,Monthly,95.39,1
CUST_001892,2025-03-17,2026-06-30,15,United States,Finance,Small,Basic,Monthly,48.4,1
CUST_001893,2022-02-04,2026-06-30,52,United States,Finance,Small,Basic,Annual,47.4,1
CUST_001894,2022-12-04,2026-06-30,42,United States,Technology,Mid-Market,Pro,Annual,94.87,1
CUST_001895,2025-10-03,2026-06-30,8,United States,Technology,Enterprise,Enterprise,Annual,664.97,1
CUST_001896,2022-03-25,2026-06-30,51,United States,Manufacturing,Mid-Market,Pro,Annual,95.05,1
CUST_001897,2023-08-05,2026-06-30,34,India,Manufacturing,Mid-Market,Business,Annual,232.16,1
CUST_001898,2022-02-12,2026-06-30,52,United States,Professional Services,Small,Pro,Monthly,94.57,1
CUST_001899,2022-09-28,2026-06-30,45,United Kingdom,Professional Services,Mid-Market,Business,Annual,249.93,1
CUST_001900,2024-09-29,2026-06-30,20,India,Healthcare,Mid-Market,Enterprise,Annual,581.82,1
CUST_001901,2023-10-14,2026-06-30,32,United States,Technology,Small,Pro,Monthly,100.42,0
CUST_001902,2023-10-22,2026-06-30,32,United Kingdom,Technology,Small,Basic,Monthly,47.21,0
CUST_001903,2022-11-16,2026-06-30,43,Germany,Healthcare,Small,Pro,Monthly,96.09,0
CUST_001904,2025-03-12,2026-06-30,15,United States,Professional Services,Small,Basic,Annual,47.27,1
CUST_001905,2024-10-11,2026-06-30,20,Canada,Finance,Small,Basic,Monthly,48.78,1
CUST_001906,2025-03-18,2026-06-30,15,Australia,Technology,Mid-Market,Pro,Monthly,102.53,0
CUST_001907,2024-12-16,2026-06-30,18,Germany,Healthcare,Mid-Market,Business,Annual,259.2,1
CUST_001908,2025-08-15,2026-06-30,10,Australia,Professional Services,Small,Basic,Annual,52.45,1
CUST_001909,2026-03-27,2026-06-30,3,India,Healthcare,Enterprise,Business,Annual,232.66,1
CUST_001910,2021-10-17,2026-06-30,56,United States,Manufacturing,Mid-Market,Basic,Monthly,46.45,1
CUST_001911,2026-01-18,2026-06-30,5,Germany,Healthcare,Mid-Market,Business,Annual,237.56,1
CUST_001912,2022-01-19,2026-06-30,53,United Kingdom,Finance,Enterprise,Enterprise,Annual,598.9,1
CUST_001913,2026-05-26,2026-06-30,1,United Kingdom,Healthcare,Enterprise,Enterprise,Annual,566.74,1
CUST_001914,2022-08-05,2026-06-30,46,Germany,Manufacturing,Small,Basic,Monthly,47.31,1
CUST_001915,2024-10-19,2026-06-30,20,Germany,Manufacturing,Enterprise,Enterprise,Annual,619.5,1
CUST_001916,2023-11-14,2026-06-30,31,India,Healthcare,Small,Basic,Annual,51.62,1
CUST_001917,2025-01-10,2026-06-30,17,United States,Finance,Small,Basic,Monthly,50.7,0
CUST_001918,2024-01-02,2026-06-30,29,United Kingdom,Technology,Small,Basic,Monthly,49.79,1
CUST_001919,2024-03-12,2026-06-30,27,United States,Technology,Mid-Market,Business,Annual,240.75,1
CUST_001920,2023-10-24,2026-06-30,32,United Kingdom,Technology,Enterprise,Enterprise,Annual,599.64,1
CUST_001921,2024-06-25,2026-06-30,24,Germany,Technology,Small,Basic,Monthly,51.79,0
CUST_001922,2023-10-11,2026-06-30,32,Australia,Retail,Mid-Market,Business,Monthly,257.24,1
CUST_001923,2022-05-11,2026-06-30,49,Canada,Manufacturing,Small,Basic,Monthly,51.17,1
CUST_001924,2024-04-11,2026-06-30,26,Canada,Manufacturing,Mid-Market,Enterprise,Annual,627.47,1
CUST_001925,2024-08-21,2026-06-30,22,United States,Manufacturing,Small,Basic,Monthly,48.2,0
CUST_001926,2025-10-07,2026-06-30,8,United States,Professional Services,Mid-Market,Business,Annual,256.89,1
CUST_001927,2024-08-24,2026-06-30,22,United States,Professional Services,Mid-Market,Pro,Monthly,97.12,0
CUST_001928,2025-10-18,2026-06-30,8,India,Finance,Small,Basic,Monthly,50.46,0
CUST_001929,2025-07-08,2026-06-30,11,United States,Technology,Enterprise,Enterprise,Annual,635.74,1
CUST_001930,2021-09-25,2026-06-30,57,India,Technology,Enterprise,Enterprise,Annual,645.54,1
CUST_001931,2025-12-22,2026-06-30,6,United States,Professional Services,Small,Pro,Monthly,101.94,0
CUST_001932,2024-01-17,2026-06-30,29,Germany,Technology,Mid-Market,Business,Annual,253.9,1
CUST_001933,2022-04-25,2026-06-30,50,United Kingdom,Finance,Mid-Market,Business,Monthly,266.28,1
CUST_001934,2021-09-23,2026-06-30,57,Germany,Healthcare,Small,Pro,Annual,94.72,1
CUST_001935,2025-09-10,2026-06-30,9,United Kingdom,Retail,Small,Business,Annual,267.0,0
CUST_001936,2025-08-11,2026-06-30,10,Germany,Retail,Mid-Market,Pro,Annual,99.65,1
CUST_001937,2024-08-01,2026-06-30,22,India,Manufacturing,Mid-Market,Pro,Annual,99.68,1
CUST_001938,2023-09-09,2026-06-30,33,United Kingdom,Retail,Mid-Market,Enterprise,Monthly,585.5,1
CUST_001939,2021-09-12,2026-06-30,57,United States,Professional Services,Mid-Market,Business,Monthly,234.39,1
CUST_001940,2025-05-24,2026-06-30,13,United States,Technology,Mid-Market,Business,Monthly,267.32,1
CUST_001941,2025-08-09,2026-06-30,10,Germany,Professional Services,Small,Basic,Annual,49.99,1
CUST_001942,2025-03-03,2026-06-30,15,Canada,Retail,Small,Basic,Monthly,48.1,1
CUST_001943,2022-02-12,2026-06-30,52,United Kingdom,Technology,Small,Basic,Monthly,49.86,0
CUST_001944,2026-04-08,2026-06-30,2,United Kingdom,Professional Services,Small,Basic,Monthly,48.18,0
CUST_001945,2024-07-18,2026-06-30,23,United States,Professional Services,Mid-Market,Business,Monthly,227.78,0
CUST_001946,2025-10-30,2026-06-30,7,Australia,Professional Services,Mid-Market,Business,Annual,246.78,1
CUST_001947,2025-08-23,2026-06-30,10,Germany,Professional Services,Small,Basic,Monthly,45.55,1
CUST_001948,2021-11-28,2026-06-30,55,Germany,Finance,Mid-Market,Basic,Monthly,49.58,1
CUST_001949,2026-05-29,2026-06-30,1,Germany,Technology,Small,Basic,Monthly,52.89,0
CUST_001950,2024-10-31,2026-06-30,19,India,Technology,Small,Basic,Annual,47.43,1
CUST_001951,2021-11-30,2026-06-30,54,United Kingdom,Professional Services,Enterprise,Business,Annual,258.85,1
CUST_001952,2023-06-05,2026-06-30,36,India,Professional Services,Small,Pro,Monthly,95.83,0
CUST_001953,2026-01-23,2026-06-30,5,United States,Professional Services,Mid-Market,Pro,Annual,98.9,1
CUST_001954,2024-02-17,2026-06-30,28,United Kingdom,Professional Services,Small,Basic,Annual,46.85,1
CUST_001955,2021-08-23,2026-06-30,58,Germany,Retail,Small,Basic,Monthly,50.52,0
CUST_001956,2024-06-12,2026-06-30,24,Canada,Technology,Mid-Market,Business,Monthly,265.76,0
CUST_001957,2023-10-26,2026-06-30,32,United States,Technology,Mid-Market,Basic,Monthly,49.47,0
CUST_001958,2023-10-20,2026-06-30,32,United Kingdom,Healthcare,Mid-Market,Business,Monthly,255.67,0
CUST_001959,2023-03-03,2026-06-30,39,United States,Manufacturing,Enterprise,Business,Monthly,255.64,0
CUST_001960,2025-06-29,2026-06-30,12,India,Technology,Mid-Market,Pro,Annual,97.77,1
CUST_001961,2022-04-15,2026-06-30,50,United States,Professional Services,Mid-Market,Pro,Annual,105.47,1
CUST_001962,2021-07-22,2026-06-30,59,United States,Retail,Small,Basic,Monthly,47.73,1
CUST_001963,2025-09-18,2026-06-30,9,United Kingdom,Finance,Small,Pro,Annual,91.22,1
CUST_001964,2022-05-24,2026-06-30,49,United States,Professional Services,Mid-Market,Business,Annual,237.53,1
CUST_001965,2022-05-26,2026-06-30,49,United States,Retail,Mid-Market,Business,Annual,256.67,1
CUST_001966,2022-10-08,2026-06-30,44,United Kingdom,Manufacturing,Small,Basic,Annual,48.05,1
CUST_001967,2024-08-04,2026-06-30,22,United Kingdom,Finance,Small,Pro,Annual,99.46,1
CUST_001968,2024-02-10,2026-06-30,28,United States,Finance,Small,Basic,Monthly,48.42,0
CUST_001969,2022-04-16,2026-06-30,50,United Kingdom,Technology,Small,Basic,Annual,49.44,1
CUST_001970,2025-08-30,2026-06-30,9,United Kingdom,Healthcare,Small,Basic,Annual,51.68,1
CUST_001971,2022-05-05,2026-06-30,49,Australia,Manufacturing,Mid-Market,Pro,Monthly,106.55,1
CUST_001972,2021-11-21,2026-06-30,55,United States,Professional Services,Mid-Market,Business,Annual,236.93,1
CUST_001973,2023-01-24,2026-06-30,41,United States,Professional Services,Enterprise,Enterprise,Annual,626.91,1
CUST_001974,2024-09-26,2026-06-30,21,India,Technology,Mid-Market,Business,Annual,251.45,1
CUST_001975,2023-09-01,2026-06-30,33,United Kingdom,Professional Services,Small,Pro,Annual,92.95,1
CUST_001976,2026-03-03,2026-06-30,3,United States,Technology,Mid-Market,Business,Monthly,255.15,1
CUST_001977,2021-11-01,2026-06-30,55,Australia,Technology,Mid-Market,Pro,Annual,108.15,1
CUST_001978,2024-09-24,2026-06-30,21,United States,Manufacturing,Mid-Market,Basic,Monthly,47.19,1
CUST_001979,2026-02-18,2026-06-30,4,Australia,Professional Services,Small,Basic,Monthly,48.44,1
CUST_001980,2022-07-05,2026-06-30,47,Germany,Professional Services,Mid-Market,Pro,Annual,91.05,1
CUST_001981,2023-03-08,2026-06-30,39,India,Professional Services,Small,Basic,Annual,48.71,1
CUST_001982,2023-05-10,2026-06-30,37,India,Technology,Small,Pro,Monthly,99.79,0
CUST_001983,2026-02-23,2026-06-30,4,United States,Technology,Small,Basic,Monthly,53.84,1
CUST_001984,2022-09-22,2026-06-30,45,Germany,Technology,Small,Basic,Monthly,46.71,0
CUST_001985,2023-04-14,2026-06-30,38,United States,Retail,Enterprise,Business,Monthly,261.0,0
CUST_001986,2022-07-07,2026-06-30,47,United Kingdom,Healthcare,Small,Pro,Monthly,100.49,0
CUST_001987,2022-05-07,2026-06-30,49,United Kingdom,Technology,Small,Basic,Monthly,54.47,0
CUST_001988,2025-05-16,2026-06-30,13,United States,Healthcare,Mid-Market,Enterprise,Annual,604.25,1
CUST_001989,2025-05-18,2026-06-30,13,United States,Retail,Enterprise,Enterprise,Annual,597.46,1
CUST_001990,2021-11-15,2026-06-30,55,United States,Manufacturing,Small,Pro,Annual,103.19,1
CUST_001991,2023-10-21,2026-06-30,32,United States,Healthcare,Small,Pro,Monthly,101.42,1
CUST_001992,2024-04-05,2026-06-30,26,United States,Finance,Small,Pro,Annual,103.63,1
CUST_001993,2025-01-01,2026-06-30,17,India,Retail,Mid-Market,Pro,Monthly,101.78,1
CUST_001994,2023-04-10,2026-06-30,38,Canada,Retail,Mid-Market,Business,Monthly,230.63,0
CUST_001995,2022-09-16,2026-06-30,45,Australia,Finance,Small,Basic,Monthly,50.28,1
CUST_001996,2026-05-27,2026-06-30,1,Australia,Technology,Enterprise,Business,Annual,255.21,1
CUST_001997,2023-09-13,2026-06-30,33,Germany,Professional Services,Mid-Market,Enterprise,Annual,576.85,0
CUST_001998,2021-07-13,2026-06-30,59,United States,Manufacturing,Mid-Market,Business,Annual,252.61,1
CUST_001999,2025-01-13,2026-06-30,17,India,Technology,Small,Basic,Monthly,44.5,1
CUST_002000,2025-01-12,2026-06-30,17,Germany,Retail,Enterprise,Business,Annual,252.18,1
CUST_002001,2022-02-05,2026-06-30,52,Germany,Retail,Small,Basic,Monthly,50.68,1
CUST_002002,2026-02-09,2026-06-30,4,India,Technology,Small,Pro,Annual,103.75,1
CUST_002003,2024-06-17,2026-06-30,24,United Kingdom,Technology,Small,Pro,Monthly,102.47,1
CUST_002004,2024-02-29,2026-06-30,27,United Kingdom,Professional Services,Small,Basic,Annual,46.83,1
CUST_002005,2022-06-29,2026-06-30,48,India,Healthcare,Small,Basic,Annual,45.41,1
CUST_002006,2025-10-12,2026-06-30,8,Canada,Technology,Small,Basic,Monthly,51.31,1
CUST_002007,2024-04-12,2026-06-30,26,Australia,Manufacturing,Small,Pro,Monthly,101.0,1
CUST_002008,2025-08-31,2026-06-30,9,United States,Healthcare,Small,Basic,Monthly,50.21,1
CUST_002009,2022-07-18,2026-06-30,47,United States,Retail,Mid-Market,Business,Annual,269.93,0
CUST_002010,2023-04-23,2026-06-30,38,United Kingdom,Finance,Mid-Market,Business,Annual,228.99,0
CUST_002011,2023-12-22,2026-06-30,30,United States,Technology,Mid-Market,Basic,Monthly,53.42,0
CUST_002012,2024-06-25,2026-06-30,24,India,Technology,Small,Basic,Monthly,47.62,1
CUST_002013,2025-08-30,2026-06-30,9,United States,Professional Services,Small,Basic,Monthly,51.02,0
CUST_002014,2021-11-19,2026-06-30,55,Germany,Retail,Mid-Market,Business,Monthly,248.84,0
CUST_002015,2023-03-26,2026-06-30,39,United States,Professional Services,Mid-Market,Business,Annual,244.7,1
CUST_002016,2024-11-05,2026-06-30,19,India,Technology,Small,Business,Annual,230.21,1
CUST_002017,2024-05-18,2026-06-30,25,United States,Manufacturing,Enterprise,Business,Annual,240.63,1
CUST_002018,2022-11-05,2026-06-30,43,United States,Healthcare,Mid-Market,Enterprise,Annual,612.99,1
CUST_002019,2022-11-17,2026-06-30,43,United States,Retail,Enterprise,Business,Annual,253.42,1
CUST_002020,2024-02-24,2026-06-30,28,United Kingdom,Finance,Mid-Market,Pro,Monthly,103.71,0
CUST_002021,2024-12-04,2026-06-30,18,India,Retail,Small,Basic,Annual,47.31,1
CUST_002022,2023-03-04,2026-06-30,39,India,Technology,Enterprise,Business,Annual,258.3,1
CUST_002023,2023-03-07,2026-06-30,39,United States,Technology,Enterprise,Business,Annual,249.82,1
CUST_002024,2023-06-20,2026-06-30,36,Canada,Manufacturing,Mid-Market,Pro,Annual,102.13,1
CUST_002025,2026-01-21,2026-06-30,5,United States,Technology,Enterprise,Enterprise,Annual,614.37,1
CUST_002026,2024-02-03,2026-06-30,28,United Kingdom,Technology,Enterprise,Enterprise,Annual,584.88,1
CUST_002027,2023-05-26,2026-06-30,37,United Kingdom,Professional Services,Mid-Market,Business,Monthly,252.14,0
CUST_002028,2021-09-29,2026-06-30,56,United States,Finance,Small,Pro,Monthly,101.28,1
CUST_002029,2023-10-31,2026-06-30,31,United Kingdom,Retail,Small,Pro,Monthly,102.89,0
CUST_002030,2024-09-23,2026-06-30,21,India,Professional Services,Mid-Market,Enterprise,Annual,644.08,1
CUST_002031,2023-09-07,2026-06-30,33,United States,Manufacturing,Mid-Market,Basic,Monthly,47.45,1
CUST_002032,2025-07-17,2026-06-30,11,United States,Technology,Small,Business,Monthly,234.48,0
CUST_002033,2025-12-20,2026-06-30,6,United States,Retail,Small,Basic,Monthly,52.15,1
CUST_002034,2023-01-30,2026-06-30,40,United States,Healthcare,Enterprise,Enterprise,Annual,560.47,1
CUST_002035,2021-07-26,2026-06-30,59,United States,Finance,Small,Basic,Monthly,51.53,0
CUST_002036,2022-04-04,2026-06-30,50,United Kingdom,Manufacturing,Small,Basic,Monthly,46.77,1
CUST_002037,2023-07-19,2026-06-30,35,United States,Professional Services,Mid-Market,Pro,Annual,95.88,1
CUST_002038,2026-03-20,2026-06-30,3,Germany,Technology,Small,Basic,Monthly,48.81,1
CUST_002039,2021-07-23,2026-06-30,59,India,Technology,Small,Pro,Annual,91.82,0
CUST_002040,2024-03-15,2026-06-30,27,India,Manufacturing,Mid-Market,Business,Monthly,236.92,0
CUST_002041,2024-12-28,2026-06-30,18,United Kingdom,Healthcare,Enterprise,Business,Annual,228.17,1
CUST_002042,2022-01-10,2026-06-30,53,United States,Manufacturing,Small,Basic,Monthly,50.64,1
CUST_002043,2022-09-30,2026-06-30,44,United States,Technology,Small,Pro,Monthly,98.94,1
CUST_002044,2022-09-24,2026-06-30,45,United States,Technology,Small,Basic,Monthly,49.04,0
CUST_002045,2025-01-18,2026-06-30,17,India,Retail,Mid-Market,Pro,Annual,98.7,1
CUST_002046,2021-07-16,2026-06-30,59,India,Professional Services,Small,Basic,Monthly,48.96,0
CUST_002047,2024-03-10,2026-06-30,27,United States,Technology,Small,Pro,Monthly,96.61,1
CUST_002048,2023-10-21,2026-06-30,32,United States,Professional Services,Mid-Market,Pro,Annual,103.73,0
CUST_002049,2022-09-22,2026-06-30,45,Canada,Finance,Enterprise,Pro,Monthly,90.27,1
CUST_002050,2023-03-04,2026-06-30,39,United States,Technology,Small,Basic,Monthly,45.47,0
CUST_002051,2025-07-26,2026-06-30,11,India,Healthcare,Mid-Market,Business,Monthly,265.91,1
CUST_002052,2024-12-05,2026-06-30,18,United States,Finance,Mid-Market,Pro,Monthly,100.32,0
CUST_002053,2024-08-21,2026-06-30,22,United States,Retail,Small,Basic,Monthly,44.04,1
CUST_002054,2021-10-04,2026-06-30,56,Canada,Finance,Mid-Market,Business,Annual,252.98,0
CUST_002055,2022-11-26,2026-06-30,43,United States,Healthcare,Small,Basic,Monthly,45.11,1
CUST_002056,2024-08-12,2026-06-30,22,United States,Technology,Small,Basic,Monthly,52.19,0
CUST_002057,2022-10-21,2026-06-30,44,India,Professional Services,Small,Basic,Monthly,51.25,0
CUST_002058,2022-10-14,2026-06-30,44,United States,Professional Services,Small,Business,Monthly,275.11,1
CUST_002059,2024-06-23,2026-06-30,24,United Kingdom,Healthcare,Mid-Market,Business,Monthly,245.28,1
CUST_002060,2024-06-07,2026-06-30,24,Canada,Healthcare,Mid-Market,Business,Annual,233.85,1
CUST_002061,2022-01-07,2026-06-30,53,United States,Professional Services,Mid-Market,Business,Annual,242.27,1
CUST_002062,2023-08-27,2026-06-30,34,United States,Technology,Mid-Market,Enterprise,Annual,583.5,0
CUST_002063,2025-09-05,2026-06-30,9,United States,Manufacturing,Small,Pro,Annual,100.91,1
CUST_002064,2022-11-16,2026-06-30,43,United States,Retail,Enterprise,Business,Annual,226.2,1
CUST_002065,2023-07-08,2026-06-30,35,United States,Professional Services,Enterprise,Enterprise,Annual,598.84,1
CUST_002066,2023-11-30,2026-06-30,30,Australia,Finance,Small,Business,Monthly,236.37,1
CUST_002067,2022-11-07,2026-06-30,43,Germany,Finance,Mid-Market,Business,Monthly,242.61,1
CUST_002068,2021-12-15,2026-06-30,54,India,Finance,Mid-Market,Business,Annual,266.22,1
CUST_002069,2024-10-15,2026-06-30,20,Canada,Technology,Small,Business,Monthly,261.48,1
CUST_002070,2024-05-09,2026-06-30,25,Germany,Technology,Small,Pro,Monthly,102.61,0
CUST_002071,2025-06-25,2026-06-30,12,United Kingdom,Professional Services,Small,Pro,Monthly,102.15,0
CUST_002072,2023-03-27,2026-06-30,39,United States,Technology,Enterprise,Enterprise,Annual,591.08,1
CUST_002073,2024-06-08,2026-06-30,24,United States,Technology,Mid-Market,Pro,Annual,98.76,1
CUST_002074,2024-09-24,2026-06-30,21,United Kingdom,Finance,Mid-Market,Pro,Annual,91.22,1
CUST_002075,2022-12-28,2026-06-30,42,Australia,Healthcare,Enterprise,Enterprise,Annual,562.05,1
CUST_002076,2024-05-29,2026-06-30,25,Canada,Healthcare,Small,Business,Monthly,250.58,1
CUST_002077,2024-02-18,2026-06-30,28,United States,Technology,Enterprise,Enterprise,Annual,565.46,1
CUST_002078,2024-04-02,2026-06-30,26,India,Manufacturing,Small,Basic,Monthly,50.69,1
CUST_002079,2025-02-21,2026-06-30,16,United States,Professional Services,Mid-Market,Business,Monthly,248.38,0
CUST_002080,2025-10-18,2026-06-30,8,India,Technology,Small,Basic,Monthly,48.27,1
CUST_002081,2022-05-08,2026-06-30,49,Australia,Manufacturing,Small,Basic,Annual,47.51,1
CUST_002082,2025-12-18,2026-06-30,6,Australia,Finance,Small,Business,Monthly,254.61,1
CUST_002083,2024-10-25,2026-06-30,20,Australia,Healthcare,Small,Business,Monthly,257.44,0
CUST_002084,2023-02-18,2026-06-30,40,United States,Professional Services,Small,Pro,Monthly,94.64,0
CUST_002085,2025-10-08,2026-06-30,8,United Kingdom,Professional Services,Small,Pro,Annual,96.4,1
CUST_002086,2023-03-12,2026-06-30,39,Germany,Finance,Mid-Market,Pro,Monthly,98.07,0
CUST_002087,2022-10-24,2026-06-30,44,Germany,Healthcare,Enterprise,Enterprise,Annual,608.61,1
CUST_002088,2023-02-27,2026-06-30,40,United States,Finance,Small,Basic,Monthly,49.76,0
CUST_002089,2024-11-30,2026-06-30,18,United States,Healthcare,Small,Basic,Monthly,48.75,0
CUST_002090,2026-04-26,2026-06-30,2,United States,Retail,Mid-Market,Business,Annual,257.82,1
CUST_002091,2022-01-20,2026-06-30,53,Canada,Technology,Mid-Market,Basic,Monthly,48.67,0
CUST_002092,2024-10-22,2026-06-30,20,United Kingdom,Professional Services,Mid-Market,Business,Annual,231.61,1
CUST_002093,2022-06-17,2026-06-30,48,Australia,Manufacturing,Enterprise,Business,Monthly,265.65,0
CUST_002094,2025-06-10,2026-06-30,12,Germany,Technology,Small,Basic,Monthly,51.4,1
CUST_002095,2025-08-13,2026-06-30,10,Germany,Professional Services,Small,Basic,Annual,45.63,0
CUST_002096,2022-08-04,2026-06-30,46,United States,Manufacturing,Enterprise,Business,Monthly,251.22,1
CUST_002097,2021-10-18,2026-06-30,56,Canada,Finance,Mid-Market,Pro,Monthly,105.44,0
CUST_002098,2022-03-09,2026-06-30,51,United States,Healthcare,Mid-Market,Business,Annual,245.21,1
CUST_002099,2022-09-21,2026-06-30,45,United States,Professional Services,Enterprise,Enterprise,Annual,622.11,1
CUST_002100,2025-03-15,2026-06-30,15,United States,Professional Services,Small,Basic,Monthly,51.72,1
CUST_002101,2021-12-04,2026-06-30,54,United States,Finance,Small,Pro,Monthly,100.33,1
CUST_002102,2023-02-18,2026-06-30,40,United States,Retail,Small,Pro,Annual,109.61,1
CUST_002103,2025-07-26,2026-06-30,11,United Kingdom,Professional Services,Mid-Market,Business,Annual,257.09,1
CUST_002104,2025-10-11,2026-06-30,8,United States,Professional Services,Enterprise,Enterprise,Annual,602.06,1
CUST_002105,2022-02-18,2026-06-30,52,United States,Technology,Small,Pro,Annual,98.17,1
CUST_002106,2025-01-23,2026-06-30,17,United States,Healthcare,Small,Basic,Monthly,48.88,0
CUST_002107,2022-08-26,2026-06-30,46,United Kingdom,Professional Services,Mid-Market,Pro,Monthly,96.21,0
CUST_002108,2025-09-25,2026-06-30,9,United Kingdom,Technology,Small,Basic,Monthly,46.27,1
CUST_002109,2025-01-13,2026-06-30,17,United States,Healthcare,Mid-Market,Business,Monthly,237.81,1
CUST_002110,2025-01-08,2026-06-30,17,United States,Retail,Small,Basic,Annual,48.65,1
CUST_002111,2025-01-12,2026-06-30,17,India,Healthcare,Enterprise,Enterprise,Annual,623.06,1
CUST_002112,2023-02-05,2026-06-30,40,United Kingdom,Manufacturing,Mid-Market,Basic,Monthly,49.8,0
CUST_002113,2021-12-02,2026-06-30,54,Germany,Technology,Small,Basic,Monthly,49.41,1
CUST_002114,2021-12-09,2026-06-30,54,United Kingdom,Manufacturing,Mid-Market,Pro,Monthly,109.5,0
CUST_002115,2022-10-08,2026-06-30,44,Australia,Finance,Mid-Market,Business,Annual,269.95,1
CUST_002116,2025-06-02,2026-06-30,12,India,Professional Services,Small,Basic,Monthly,46.76,0
CUST_002117,2021-09-10,2026-06-30,57,United States,Healthcare,Small,Pro,Monthly,102.49,1
CUST_002118,2023-10-01,2026-06-30,32,Germany,Technology,Mid-Market,Business,Monthly,234.22,0
CUST_002119,2023-09-24,2026-06-30,33,United States,Professional Services,Mid-Market,Basic,Monthly,49.66,1
CUST_002120,2022-12-20,2026-06-30,42,United Kingdom,Manufacturing,Mid-Market,Business,Annual,231.91,1
CUST_002121,2022-08-20,2026-06-30,46,United States,Finance,Small,Pro,Annual,96.0,1
CUST_002122,2021-09-24,2026-06-30,57,United States,Finance,Mid-Market,Business,Monthly,256.77,1
CUST_002123,2023-07-21,2026-06-30,35,India,Retail,Mid-Market,Pro,Annual,96.75,1
CUST_002124,2023-06-01,2026-06-30,36,India,Professional Services,Small,Pro,Monthly,93.66,1
CUST_002125,2022-10-01,2026-06-30,44,United States,Finance,Small,Pro,Annual,95.6,1
CUST_002126,2025-02-28,2026-06-30,15,India,Professional Services,Small,Business,Annual,237.25,0
CUST_002127,2024-11-25,2026-06-30,19,United States,Finance,Mid-Market,Pro,Monthly,101.04,0
CUST_002128,2023-05-05,2026-06-30,37,Canada,Manufacturing,Small,Business,Monthly,263.97,0
CUST_002129,2026-02-05,2026-06-30,4,India,Finance,Enterprise,Enterprise,Annual,593.1,1
CUST_002130,2024-11-02,2026-06-30,19,United States,Technology,Small,Basic,Monthly,51.52,1
CUST_002131,2022-11-20,2026-06-30,43,Canada,Professional Services,Mid-Market,Business,Annual,241.86,1
CUST_002132,2021-08-13,2026-06-30,58,United Kingdom,Technology,Small,Basic,Monthly,48.75,1
CUST_002133,2023-11-11,2026-06-30,31,United States,Professional Services,Mid-Market,Pro,Annual,107.83,1
CUST_002134,2024-06-13,2026-06-30,24,Canada,Technology,Mid-Market,Business,Annual,246.79,1
CUST_002135,2024-04-01,2026-06-30,26,United States,Finance,Mid-Market,Basic,Monthly,51.62,0
CUST_002136,2023-01-17,2026-06-30,41,Germany,Professional Services,Enterprise,Pro,Annual,95.44,1
CUST_002137,2023-09-27,2026-06-30,33,United States,Retail,Small,Pro,Annual,98.9,0
CUST_002138,2026-04-20,2026-06-30,2,United States,Technology,Small,Business,Monthly,238.32,1
CUST_002139,2023-10-07,2026-06-30,32,Germany,Retail,Small,Basic,Monthly,49.16,0
CUST_002140,2024-06-12,2026-06-30,24,United States,Technology,Small,Basic,Monthly,49.59,1
CUST_002141,2022-12-21,2026-06-30,42,Canada,Professional Services,Mid-Market,Basic,Annual,50.85,1
CUST_002142,2022-02-11,2026-06-30,52,Germany,Technology,Small,Basic,Monthly,47.58,1
CUST_002143,2021-09-07,2026-06-30,57,Germany,Healthcare,Mid-Market,Enterprise,Annual,593.99,1
CUST_002144,2023-06-01,2026-06-30,36,United States,Technology,Small,Basic,Annual,51.91,1
CUST_002145,2024-08-19,2026-06-30,22,India,Retail,Enterprise,Enterprise,Annual,562.79,1
CUST_002146,2024-03-26,2026-06-30,27,Germany,Professional Services,Small,Basic,Monthly,42.94,1
CUST_002147,2025-07-19,2026-06-30,11,United States,Professional Services,Enterprise,Enterprise,Annual,579.43,1
CUST_002148,2021-10-24,2026-06-30,56,Germany,Finance,Mid-Market,Business,Monthly,256.6,0
CUST_002149,2022-04-02,2026-06-30,50,Germany,Technology,Enterprise,Enterprise,Annual,601.48,1
CUST_002150,2022-03-21,2026-06-30,51,United Kingdom,Technology,Mid-Market,Business,Annual,237.1,1
CUST_002151,2024-10-20,2026-06-30,20,United Kingdom,Professional Services,Small,Business,Monthly,249.89,1
CUST_002152,2024-10-30,2026-06-30,19,Germany,Technology,Mid-Market,Business,Annual,244.43,1
CUST_002153,2022-03-16,2026-06-30,51,India,Retail,Small,Pro,Monthly,91.25,1
CUST_002154,2023-09-27,2026-06-30,33,United Kingdom,Finance,Small,Basic,Monthly,48.17,1
CUST_002155,2022-12-14,2026-06-30,42,Australia,Professional Services,Small,Pro,Monthly,102.69,1
CUST_002156,2024-01-03,2026-06-30,29,Germany,Healthcare,Enterprise,Enterprise,Annual,590.68,1
CUST_002157,2024-03-28,2026-06-30,27,India,Healthcare,Mid-Market,Business,Annual,230.16,1
CUST_002158,2023-04-23,2026-06-30,38,India,Professional Services,Small,Basic,Annual,53.23,1
CUST_002159,2022-06-02,2026-06-30,48,United States,Professional Services,Mid-Market,Pro,Monthly,94.08,1
CUST_002160,2024-10-09,2026-06-30,20,United States,Retail,Small,Business,Monthly,253.64,1
CUST_002161,2022-06-09,2026-06-30,48,United Kingdom,Manufacturing,Small,Basic,Monthly,51.05,1
CUST_002162,2025-03-19,2026-06-30,15,Canada,Retail,Small,Basic,Monthly,50.03,0
CUST_002163,2024-06-07,2026-06-30,24,United Kingdom,Healthcare,Small,Pro,Monthly,97.85,0
CUST_002164,2021-12-05,2026-06-30,54,Australia,Technology,Mid-Market,Business,Monthly,226.39,0
CUST_002165,2021-09-21,2026-06-30,57,India,Manufacturing,Small,Basic,Monthly,51.87,0
CUST_002166,2021-11-15,2026-06-30,55,Canada,Manufacturing,Small,Basic,Monthly,46.14,0
CUST_002167,2024-11-10,2026-06-30,19,Germany,Technology,Small,Basic,Monthly,51.38,1
CUST_002168,2022-04-09,2026-06-30,50,United States,Technology,Enterprise,Enterprise,Annual,632.27,1
CUST_002169,2021-10-24,2026-06-30,56,United Kingdom,Manufacturing,Mid-Market,Pro,Annual,92.95,1
CUST_002170,2021-08-10,2026-06-30,58,United States,Technology,Small,Basic,Monthly,45.97,1
CUST_002171,2026-04-24,2026-06-30,2,Canada,Retail,Mid-Market,Business,Annual,244.11,1
CUST_002172,2022-10-02,2026-06-30,44,United Kingdom,Manufacturing,Small,Basic,Monthly,51.25,0
CUST_002173,2021-07-07,2026-06-30,59,Germany,Finance,Enterprise,Enterprise,Annual,581.1,1
CUST_002174,2022-08-28,2026-06-30,46,United Kingdom,Finance,Small,Pro,Monthly,99.46,1
CUST_002175,2025-04-08,2026-06-30,14,United States,Finance,Small,Pro,Annual,96.51,1
CUST_002176,2022-09-01,2026-06-30,45,United States,Finance,Small,Basic,Monthly,50.92,0
CUST_002177,2025-11-24,2026-06-30,7,United States,Retail,Small,Basic,Monthly,47.44,0
CUST_002178,2024-01-20,2026-06-30,29,India,Manufacturing,Small,Basic,Monthly,47.23,1
CUST_002179,2023-05-03,2026-06-30,37,India,Professional Services,Mid-Market,Pro,Monthly,93.89,0
CUST_002180,2024-03-03,2026-06-30,27,United States,Technology,Small,Basic,Annual,46.39,1
CUST_002181,2022-12-22,2026-06-30,42,United States,Manufacturing,Small,Basic,Monthly,51.61,0
CUST_002182,2025-03-26,2026-06-30,15,Canada,Finance,Mid-Market,Business,Annual,244.55,1
CUST_002183,2023-06-08,2026-06-30,36,Germany,Professional Services,Mid-Market,Pro,Annual,94.29,1
CUST_002184,2023-03-31,2026-06-30,38,United States,Technology,Enterprise,Business,Annual,228.2,1
CUST_002185,2023-04-20,2026-06-30,38,United States,Retail,Small,Basic,Monthly,48.34,1
CUST_002186,2024-12-28,2026-06-30,18,Canada,Healthcare,Enterprise,Enterprise,Annual,574.42,1
CUST_002187,2024-11-29,2026-06-30,18,United States,Finance,Mid-Market,Pro,Annual,94.0,1
CUST_002188,2025-02-23,2026-06-30,16,United States,Professional Services,Mid-Market,Business,Annual,239.36,0
CUST_002189,2024-02-23,2026-06-30,28,United States,Technology,Small,Pro,Annual,99.6,1
CUST_002190,2023-07-15,2026-06-30,35,United Kingdom,Technology,Small,Pro,Monthly,93.25,1
CUST_002191,2024-08-19,2026-06-30,22,United Kingdom,Retail,Small,Business,Annual,245.19,1
CUST_002192,2024-05-26,2026-06-30,25,United States,Healthcare,Mid-Market,Enterprise,Annual,625.52,0
CUST_002193,2025-01-02,2026-06-30,17,United Kingdom,Finance,Mid-Market,Pro,Monthly,96.26,1
CUST_002194,2025-05-04,2026-06-30,13,Canada,Finance,Small,Basic,Monthly,46.39,1
CUST_002195,2023-03-08,2026-06-30,39,Australia,Technology,Small,Pro,Monthly,104.22,0
CUST_002196,2022-05-28,2026-06-30,49,India,Professional Services,Enterprise,Enterprise,Annual,596.36,1
CUST_002197,2024-12-26,2026-06-30,18,United States,Retail,Small,Basic,Monthly,48.57,0
CUST_002198,2022-03-09,2026-06-30,51,India,Technology,Mid-Market,Enterprise,Annual,614.61,1
CUST_002199,2023-08-11,2026-06-30,34,Germany,Finance,Enterprise,Enterprise,Annual,596.41,1
CUST_002200,2025-08-03,2026-06-30,10,Germany,Professional Services,Small,Pro,Monthly,99.35,1
CUST_002201,2024-08-13,2026-06-30,22,United States,Professional Services,Mid-Market,Pro,Monthly,91.22,0
CUST_002202,2026-05-18,2026-06-30,1,United States,Technology,Mid-Market,Business,Annual,238.55,1
CUST_002203,2026-03-22,2026-06-30,3,United States,Retail,Small,Basic,Monthly,53.56,0
CUST_002204,2024-10-05,2026-06-30,20,India,Technology,Small,Basic,Monthly,46.45,1
CUST_002205,2024-03-07,2026-06-30,27,United Kingdom,Technology,Enterprise,Business,Annual,249.85,1
CUST_002206,2022-06-30,2026-06-30,47,Canada,Professional Services,Small,Basic,Monthly,53.27,0
CUST_002207,2025-10-02,2026-06-30,8,United Kingdom,Professional Services,Small,Pro,Monthly,102.4,0
CUST_002208,2022-04-16,2026-06-30,50,United States,Technology,Small,Basic,Monthly,49.71,1
CUST_002209,2025-04-06,2026-06-30,14,United States,Professional Services,Mid-Market,Business,Monthly,239.02,0
CUST_002210,2025-09-25,2026-06-30,9,United Kingdom,Manufacturing,Small,Basic,Monthly,47.47,0
CUST_002211,2022-12-22,2026-06-30,42,Canada,Manufacturing,Small,Business,Monthly,245.15,0
CUST_002212,2022-08-11,2026-06-30,46,Australia,Manufacturing,Small,Business,Annual,253.2,1
CUST_002213,2023-06-11,2026-06-30,36,United Kingdom,Healthcare,Small,Pro,Monthly,105.3,0
CUST_002214,2025-11-05,2026-06-30,7,United Kingdom,Professional Services,Mid-Market,Pro,Annual,99.58,1
CUST_002215,2025-11-05,2026-06-30,7,Australia,Technology,Enterprise,Business,Annual,241.89,1
CUST_002216,2024-06-30,2026-06-30,23,United States,Healthcare,Small,Basic,Monthly,48.76,0
CUST_002217,2024-03-14,2026-06-30,27,Germany,Finance,Mid-Market,Business,Monthly,255.48,0
CUST_002218,2021-07-04,2026-06-30,59,Germany,Professional Services,Mid-Market,Enterprise,Annual,609.09,1
CUST_002219,2025-01-02,2026-06-30,17,United States,Technology,Mid-Market,Basic,Monthly,48.39,0
CUST_002220,2025-06-20,2026-06-30,12,United States,Healthcare,Mid-Market,Pro,Monthly,93.45,0
CUST_002221,2021-10-07,2026-06-30,56,United States,Manufacturing,Small,Basic,Monthly,51.64,0
CUST_002222,2025-08-28,2026-06-30,10,United States,Finance,Mid-Market,Pro,Annual,97.7,1
CUST_002223,2026-04-14,2026-06-30,2,United Kingdom,Technology,Mid-Market,Business,Monthly,252.05,0
CUST_002224,2024-05-03,2026-06-30,25,United States,Finance,Mid-Market,Business,Monthly,240.58,1
CUST_002225,2024-06-11,2026-06-30,24,United Kingdom,Manufacturing,Small,Pro,Monthly,95.52,0
CUST_002226,2023-05-15,2026-06-30,37,United States,Finance,Small,Basic,Monthly,50.22,1
CUST_002227,2022-02-06,2026-06-30,52,United States,Healthcare,Small,Basic,Annual,45.9,1
CUST_002228,2021-10-30,2026-06-30,55,United States,Healthcare,Small,Basic,Monthly,46.15,0
CUST_002229,2024-12-28,2026-06-30,18,United States,Professional Services,Small,Pro,Monthly,106.47,0
CUST_002230,2021-08-05,2026-06-30,58,India,Manufacturing,Small,Pro,Monthly,103.09,1
CUST_002231,2023-04-22,2026-06-30,38,United States,Technology,Small,Pro,Monthly,101.06,0
CUST_002232,2026-01-26,2026-06-30,5,United States,Professional Services,Small,Basic,Monthly,46.37,0
CUST_002233,2021-10-20,2026-06-30,56,United States,Professional Services,Enterprise,Business,Monthly,251.75,1
CUST_002234,2025-09-26,2026-06-30,9,United States,Manufacturing,Small,Pro,Annual,98.64,1
CUST_002235,2023-07-10,2026-06-30,35,United Kingdom,Healthcare,Small,Business,Monthly,243.49,1
CUST_002236,2022-07-12,2026-06-30,47,Australia,Technology,Mid-Market,Pro,Monthly,98.56,0
CUST_002237,2025-03-10,2026-06-30,15,United States,Manufacturing,Small,Basic,Monthly,45.49,0
CUST_002238,2025-01-31,2026-06-30,16,United Kingdom,Healthcare,Small,Basic,Monthly,43.93,1
CUST_002239,2024-01-28,2026-06-30,29,Canada,Finance,Small,Pro,Annual,100.47,1
CUST_002240,2022-01-24,2026-06-30,53,Australia,Technology,Small,Basic,Monthly,49.4,0
CUST_002241,2025-04-25,2026-06-30,14,United Kingdom,Technology,Mid-Market,Pro,Annual,100.25,1
CUST_002242,2023-02-26,2026-06-30,40,United States,Retail,Small,Basic,Monthly,50.89,1
CUST_002243,2024-03-10,2026-06-30,27,Germany,Technology,Small,Pro,Monthly,101.53,1
CUST_002244,2025-11-12,2026-06-30,7,Australia,Retail,Small,Basic,Monthly,52.64,1
CUST_002245,2022-12-02,2026-06-30,42,Canada,Manufacturing,Small,Basic,Monthly,51.89,0
CUST_002246,2022-04-28,2026-06-30,50,India,Finance,Mid-Market,Business,Annual,249.73,1
CUST_002247,2023-08-02,2026-06-30,34,India,Technology,Small,Basic,Monthly,49.39,1
CUST_002248,2025-07-19,2026-06-30,11,United States,Technology,Small,Basic,Monthly,49.55,1
CUST_002249,2025-08-25,2026-06-30,10,Australia,Finance,Small,Basic,Annual,45.24,1
CUST_002250,2024-05-01,2026-06-30,25,United Kingdom,Manufacturing,Mid-Market,Pro,Monthly,103.55,1
CUST_002251,2023-12-04,2026-06-30,30,United Kingdom,Retail,Small,Basic,Annual,50.43,1
CUST_002252,2023-09-13,2026-06-30,33,Canada,Professional Services,Mid-Market,Pro,Monthly,90.8,0
CUST_002253,2025-03-20,2026-06-30,15,India,Professional Services,Small,Basic,Annual,52.8,1
CUST_002254,2023-12-15,2026-06-30,30,United Kingdom,Technology,Enterprise,Enterprise,Annual,586.18,1
CUST_002255,2024-12-18,2026-06-30,18,United Kingdom,Retail,Small,Pro,Monthly,98.39,0
CUST_002256,2023-01-16,2026-06-30,41,United States,Healthcare,Mid-Market,Pro,Annual,98.29,1
CUST_002257,2022-07-02,2026-06-30,47,Canada,Healthcare,Small,Pro,Monthly,98.15,1
CUST_002258,2023-03-17,2026-06-30,39,India,Finance,Small,Basic,Annual,54.87,1
CUST_002259,2026-05-29,2026-06-30,1,Germany,Finance,Mid-Market,Business,Annual,245.75,1
CUST_002260,2021-07-16,2026-06-30,59,United States,Retail,Enterprise,Business,Annual,244.96,1
CUST_002261,2026-04-19,2026-06-30,2,India,Retail,Mid-Market,Pro,Monthly,99.1,0
CUST_002262,2021-07-03,2026-06-30,59,Australia,Finance,Small,Basic,Annual,46.92,1
CUST_002263,2026-04-04,2026-06-30,2,United Kingdom,Technology,Small,Basic,Annual,49.72,1
CUST_002264,2023-11-16,2026-06-30,31,United States,Retail,Small,Basic,Monthly,46.99,0
CUST_002265,2025-11-22,2026-06-30,7,United Kingdom,Manufacturing,Mid-Market,Pro,Monthly,101.48,1
CUST_002266,2025-12-12,2026-06-30,6,United States,Retail,Small,Pro,Annual,93.84,1
CUST_002267,2023-01-21,2026-06-30,41,United States,Technology,Small,Basic,Monthly,47.56,1
CUST_002268,2022-11-02,2026-06-30,43,United Kingdom,Finance,Small,Basic,Annual,46.54,1
CUST_002269,2025-10-31,2026-06-30,7,India,Manufacturing,Enterprise,Enterprise,Annual,583.06,1
CUST_002270,2021-08-12,2026-06-30,58,United States,Manufacturing,Small,Basic,Monthly,44.62,0
CUST_002271,2024-11-02,2026-06-30,19,India,Technology,Small,Basic,Monthly,43.01,1
CUST_002272,2024-11-06,2026-06-30,19,India,Healthcare,Small,Basic,Annual,48.21,1
CUST_002273,2024-12-14,2026-06-30,18,United States,Healthcare,Small,Basic,Monthly,45.24,1
CUST_002274,2024-02-24,2026-06-30,28,United States,Retail,Small,Pro,Annual,107.58,1
CUST_002275,2025-07-16,2026-06-30,11,Germany,Technology,Mid-Market,Pro,Monthly,97.22,1
CUST_002276,2024-04-29,2026-06-30,26,Germany,Retail,Small,Basic,Monthly,50.74,1
CUST_002277,2025-05-20,2026-06-30,13,United States,Professional Services,Small,Pro,Monthly,100.53,0
CUST_002278,2026-02-28,2026-06-30,4,United Kingdom,Finance,Small,Pro,Annual,93.74,1
CUST_002279,2024-08-08,2026-06-30,22,United Kingdom,Finance,Small,Pro,Monthly,96.92,0
CUST_002280,2023-02-10,2026-06-30,40,Germany,Technology,Mid-Market,Pro,Monthly,102.67,1
CUST_002281,2022-08-31,2026-06-30,45,Germany,Technology,Small,Basic,Monthly,50.66,1
CUST_002282,2024-09-04,2026-06-30,21,United States,Professional Services,Mid-Market,Enterprise,Monthly,624.95,1
CUST_002283,2024-10-27,2026-06-30,20,United States,Professional Services,Small,Basic,Monthly,47.39,0
CUST_002284,2022-07-18,2026-06-30,47,United States,Technology,Small,Business,Annual,256.27,1
CUST_002285,2023-01-25,2026-06-30,41,India,Professional Services,Small,Pro,Monthly,96.01,0
CUST_002286,2022-04-29,2026-06-30,50,India,Technology,Small,Pro,Annual,104.0,1
CUST_002287,2021-12-17,2026-06-30,54,Australia,Retail,Small,Basic,Monthly,51.4,1
CUST_002288,2022-05-18,2026-06-30,49,United States,Retail,Small,Business,Annual,231.89,1
CUST_002289,2021-10-24,2026-06-30,56,United Kingdom,Finance,Mid-Market,Business,Annual,252.44,1
CUST_002290,2024-05-14,2026-06-30,25,United States,Healthcare,Small,Pro,Monthly,93.58,1
CUST_002291,2024-06-22,2026-06-30,24,United States,Retail,Small,Business,Annual,259.31,1
CUST_002292,2024-10-31,2026-06-30,19,United States,Technology,Small,Pro,Monthly,93.42,0
CUST_002293,2025-04-04,2026-06-30,14,Australia,Professional Services,Small,Basic,Monthly,49.79,0
CUST_002294,2022-09-25,2026-06-30,45,United States,Technology,Small,Pro,Monthly,102.66,1
CUST_002295,2022-11-26,2026-06-30,43,United Kingdom,Technology,Mid-Market,Business,Annual,249.84,1
CUST_002296,2022-06-23,2026-06-30,48,India,Professional Services,Mid-Market,Business,Annual,259.73,1
CUST_002297,2025-08-04,2026-06-30,10,Germany,Healthcare,Mid-Market,Business,Annual,252.65,1
CUST_002298,2024-01-01,2026-06-30,29,United States,Finance,Small,Basic,Monthly,52.84,1
CUST_002299,2025-04-28,2026-06-30,14,India,Finance,Small,Pro,Annual,93.55,1
CUST_002300,2022-01-10,2026-06-30,53,United Kingdom,Technology,Mid-Market,Basic,Monthly,48.06,1
CUST_002301,2025-02-05,2026-06-30,16,Canada,Finance,Small,Pro,Monthly,89.5,1
CUST_002302,2025-09-15,2026-06-30,9,United Kingdom,Finance,Mid-Market,Business,Annual,245.31,1
CUST_002303,2023-08-13,2026-06-30,34,India,Healthcare,Mid-Market,Business,Annual,234.22,1
CUST_002304,2022-02-04,2026-06-30,52,Canada,Healthcare,Small,Basic,Monthly,45.6,0
CUST_002305,2021-11-30,2026-06-30,54,United Kingdom,Professional Services,Small,Basic,Monthly,45.19,0
CUST_002306,2025-12-10,2026-06-30,6,Canada,Professional Services,Mid-Market,Pro,Monthly,96.66,0
CUST_002307,2024-10-24,2026-06-30,20,United States,Finance,Small,Pro,Monthly,100.26,1
CUST_002308,2025-08-29,2026-06-30,10,Australia,Professional Services,Small,Pro,Annual,101.37,1
CUST_002309,2024-11-25,2026-06-30,19,United States,Professional Services,Small,Pro,Monthly,103.96,1
CUST_002310,2023-10-16,2026-06-30,32,United States,Professional Services,Small,Basic,Monthly,51.31,0
CUST_002311,2025-01-13,2026-06-30,17,United States,Manufacturing,Mid-Market,Pro,Annual,93.41,1
CUST_002312,2026-01-30,2026-06-30,4,United States,Technology,Small,Pro,Monthly,95.32,1
CUST_002313,2023-11-28,2026-06-30,31,Canada,Technology,Mid-Market,Business,Monthly,251.4,1
CUST_002314,2026-02-26,2026-06-30,4,United Kingdom,Professional Services,Enterprise,Enterprise,Annual,605.25,1
CUST_002315,2025-04-20,2026-06-30,14,United States,Healthcare,Enterprise,Pro,Monthly,105.83,0
CUST_002316,2026-05-31,2026-06-30,0,United States,Professional Services,Small,Basic,Monthly,48.29,0
CUST_002317,2025-12-27,2026-06-30,6,India,Manufacturing,Small,Pro,Monthly,102.8,1
CUST_002318,2024-04-08,2026-06-30,26,India,Technology,Enterprise,Enterprise,Annual,594.72,1
CUST_002319,2022-03-26,2026-06-30,51,Canada,Finance,Mid-Market,Business,Annual,253.45,1
CUST_002320,2022-08-10,2026-06-30,46,United States,Professional Services,Small,Business,Annual,253.83,1
CUST_002321,2025-12-05,2026-06-30,6,United States,Technology,Mid-Market,Business,Annual,248.72,1
CUST_002322,2026-03-30,2026-06-30,3,United States,Manufacturing,Mid-Market,Basic,Monthly,46.61,0
CUST_002323,2024-10-02,2026-06-30,20,United States,Professional Services,Mid-Market,Business,Annual,252.44,1
CUST_002324,2023-03-18,2026-06-30,39,India,Technology,Enterprise,Enterprise,Annual,618.26,0
CUST_002325,2022-09-29,2026-06-30,45,Germany,Finance,Enterprise,Enterprise,Annual,602.2,1
CUST_002326,2022-05-15,2026-06-30,49,United States,Healthcare,Small,Basic,Annual,42.23,1
CUST_002327,2024-09-24,2026-06-30,21,India,Professional Services,Small,Basic,Monthly,48.57,0
CUST_002328,2025-08-03,2026-06-30,10,Canada,Healthcare,Mid-Market,Business,Annual,257.45,0
CUST_002329,2026-04-14,2026-06-30,2,United States,Technology,Mid-Market,Business,Annual,236.8,1
CUST_002330,2025-09-10,2026-06-30,9,Canada,Technology,Mid-Market,Pro,Monthly,104.28,1
CUST_002331,2026-02-04,2026-06-30,4,United States,Finance,Small,Business,Annual,241.37,0
CUST_002332,2022-03-08,2026-06-30,51,India,Finance,Mid-Market,Pro,Annual,97.42,1
CUST_002333,2025-02-04,2026-06-30,16,United States,Technology,Small,Basic,Monthly,49.51,0
CUST_002334,2022-05-15,2026-06-30,49,United Kingdom,Professional Services,Enterprise,Pro,Annual,94.44,1
CUST_002335,2023-09-12,2026-06-30,33,United States,Technology,Mid-Market,Pro,Monthly,103.51,0
CUST_002336,2023-10-07,2026-06-30,32,India,Professional Services,Small,Basic,Annual,52.1,1
CUST_002337,2024-03-06,2026-06-30,27,United Kingdom,Professional Services,Mid-Market,Pro,Monthly,93.55,1
CUST_002338,2022-05-22,2026-06-30,49,Canada,Retail,Mid-Market,Basic,Monthly,48.55,0
CUST_002339,2026-03-15,2026-06-30,3,United States,Retail,Small,Basic,Monthly,53.64,0
CUST_002340,2025-12-16,2026-06-30,6,India,Technology,Small,Basic,Monthly,51.69,0
CUST_002341,2024-05-02,2026-06-30,25,United Kingdom,Retail,Mid-Market,Business,Monthly,228.91,1
CUST_002342,2024-06-22,2026-06-30,24,United States,Finance,Mid-Market,Enterprise,Annual,633.95,1
CUST_002343,2023-09-25,2026-06-30,33,India,Technology,Small,Enterprise,Annual,496.54,1
CUST_002344,2022-10-15,2026-06-30,44,United States,Retail,Enterprise,Business,Monthly,256.65,1
CUST_002345,2023-07-12,2026-06-30,35,United States,Technology,Enterprise,Business,Annual,238.33,1
CUST_002346,2025-02-23,2026-06-30,16,United Kingdom,Finance,Mid-Market,Business,Annual,254.73,1
CUST_002347,2024-10-21,2026-06-30,20,United States,Retail,Enterprise,Business,Annual,252.07,1
CUST_002348,2022-09-19,2026-06-30,45,Canada,Healthcare,Small,Pro,Monthly,99.66,0
CUST_002349,2025-06-04,2026-06-30,12,United States,Technology,Enterprise,Enterprise,Annual,616.54,1
CUST_002350,2023-12-08,2026-06-30,30,United States,Technology,Enterprise,Business,Annual,242.83,1
CUST_002351,2023-10-07,2026-06-30,32,United States,Finance,Mid-Market,Pro,Monthly,96.04,0
CUST_002352,2022-09-23,2026-06-30,45,United States,Healthcare,Small,Pro,Monthly,103.61,1
CUST_002353,2022-11-26,2026-06-30,43,India,Healthcare,Small,Basic,Monthly,49.01,1
CUST_002354,2024-02-17,2026-06-30,28,United Kingdom,Technology,Small,Pro,Monthly,96.18,1
CUST_002355,2024-11-23,2026-06-30,19,Canada,Retail,Mid-Market,Business,Monthly,246.78,0
CUST_002356,2024-08-09,2026-06-30,22,United States,Professional Services,Small,Basic,Monthly,48.35,0
CUST_002357,2024-05-23,2026-06-30,25,Germany,Retail,Mid-Market,Pro,Monthly,97.29,0
CUST_002358,2025-05-03,2026-06-30,13,United States,Healthcare,Mid-Market,Business,Annual,254.52,1
CUST_002359,2023-05-05,2026-06-30,37,United States,Retail,Small,Basic,Monthly,46.87,0
CUST_002360,2025-05-22,2026-06-30,13,United Kingdom,Professional Services,Small,Basic,Annual,52.73,1
CUST_002361,2023-03-24,2026-06-30,39,Canada,Professional Services,Mid-Market,Pro,Monthly,100.11,1
CUST_002362,2022-09-21,2026-06-30,45,Australia,Technology,Small,Business,Monthly,226.14,1
CUST_002363,2021-09-08,2026-06-30,57,India,Technology,Enterprise,Enterprise,Annual,607.24,0
CUST_002364,2025-10-30,2026-06-30,7,Australia,Technology,Enterprise,Business,Annual,237.42,1
CUST_002365,2022-09-06,2026-06-30,45,United States,Manufacturing,Small,Pro,Annual,98.86,1
CUST_002366,2025-12-28,2026-06-30,6,United States,Technology,Mid-Market,Business,Annual,247.1,1
CUST_002367,2024-10-03,2026-06-30,20,United States,Professional Services,Mid-Market,Business,Monthly,257.44,1
CUST_002368,2025-07-19,2026-06-30,11,Australia,Technology,Enterprise,Business,Annual,257.3,1
CUST_002369,2025-08-13,2026-06-30,10,India,Retail,Mid-Market,Business,Annual,251.76,1
CUST_002370,2025-07-21,2026-06-30,11,India,Finance,Enterprise,Enterprise,Annual,656.19,1
CUST_002371,2026-03-14,2026-06-30,3,United States,Healthcare,Small,Basic,Monthly,47.22,0
CUST_002372,2022-05-15,2026-06-30,49,Australia,Healthcare,Small,Basic,Annual,52.35,1
CUST_002373,2026-02-11,2026-06-30,4,United Kingdom,Manufacturing,Mid-Market,Pro,Annual,105.9,1
CUST_002374,2024-06-15,2026-06-30,24,Australia,Healthcare,Mid-Market,Business,Monthly,253.2,0
CUST_002375,2022-12-24,2026-06-30,42,United Kingdom,Healthcare,Enterprise,Enterprise,Monthly,612.74,1
CUST_002376,2021-07-19,2026-06-30,59,United States,Manufacturing,Small,Basic,Monthly,51.33,1
CUST_002377,2022-03-21,2026-06-30,51,United States,Professional Services,Small,Basic,Annual,48.23,1
CUST_002378,2025-09-27,2026-06-30,9,India,Manufacturing,Mid-Market,Pro,Monthly,96.49,1
CUST_002379,2021-07-24,2026-06-30,59,Canada,Manufacturing,Enterprise,Enterprise,Annual,585.4,0
CUST_002380,2023-03-15,2026-06-30,39,United States,Healthcare,Mid-Market,Pro,Monthly,100.45,1
CUST_002381,2025-07-13,2026-06-30,11,United States,Professional Services,Small,Pro,Annual,96.68,1
CUST_002382,2024-03-17,2026-06-30,27,United States,Healthcare,Enterprise,Enterprise,Annual,577.37,1
CUST_002383,2021-11-26,2026-06-30,55,India,Professional Services,Mid-Market,Pro,Monthly,93.87,0
CUST_002384,2024-06-25,2026-06-30,24,United States,Manufacturing,Enterprise,Enterprise,Annual,569.53,1
CUST_002385,2025-07-06,2026-06-30,11,United States,Technology,Mid-Market,Business,Monthly,241.04,0
CUST_002386,2022-02-11,2026-06-30,52,Australia,Technology,Small,Basic,Monthly,47.49,0
CUST_002387,2021-09-24,2026-06-30,57,United Kingdom,Manufacturing,Enterprise,Enterprise,Annual,602.21,1
CUST_002388,2021-08-14,2026-06-30,58,United States,Retail,Small,Basic,Annual,47.1,1
CUST_002389,2021-09-19,2026-06-30,57,United States,Retail,Enterprise,Pro,Annual,101.43,1
CUST_002390,2022-02-15,2026-06-30,52,United States,Professional Services,Small,Pro,Monthly,108.74,1
CUST_002391,2024-03-07,2026-06-30,27,United States,Healthcare,Mid-Market,Business,Monthly,264.56,0
CUST_002392,2025-06-20,2026-06-30,12,United States,Finance,Small,Pro,Monthly,93.75,1
CUST_002393,2023-05-20,2026-06-30,37,United States,Retail,Small,Basic,Monthly,48.27,0
CUST_002394,2025-04-30,2026-06-30,13,Germany,Technology,Enterprise,Enterprise,Annual,560.94,1
CUST_002395,2024-02-02,2026-06-30,28,India,Retail,Small,Basic,Monthly,49.48,1
CUST_002396,2023-03-11,2026-06-30,39,India,Professional Services,Small,Basic,Annual,49.62,1
CUST_002397,2021-10-05,2026-06-30,56,United States,Technology,Enterprise,Business,Annual,251.17,1
CUST_002398,2024-12-29,2026-06-30,18,United States,Professional Services,Small,Pro,Monthly,93.81,1
CUST_002399,2025-03-05,2026-06-30,15,India,Manufacturing,Mid-Market,Business,Annual,240.91,1
CUST_002400,2022-10-21,2026-06-30,44,Germany,Technology,Enterprise,Pro,Annual,103.73,1
CUST_002401,2026-05-20,2026-06-30,1,United Kingdom,Professional Services,Small,Basic,Monthly,49.97,0
CUST_002402,2023-08-19,2026-06-30,34,United States,Manufacturing,Small,Pro,Annual,94.7,0
CUST_002403,2022-10-01,2026-06-30,44,United States,Healthcare,Mid-Market,Pro,Monthly,92.64,0
CUST_002404,2023-09-16,2026-06-30,33,Canada,Technology,Mid-Market,Pro,Monthly,98.64,1
CUST_002405,2024-07-11,2026-06-30,23,United Kingdom,Finance,Small,Basic,Monthly,48.7,1
CUST_002406,2022-05-05,2026-06-30,49,United States,Retail,Small,Basic,Monthly,45.85,0
CUST_002407,2024-08-03,2026-06-30,22,India,Technology,Small,Basic,Monthly,48.24,1
CUST_002408,2022-12-03,2026-06-30,42,United Kingdom,Finance,Small,Pro,Monthly,96.6,0
CUST_002409,2024-02-18,2026-06-30,28,United Kingdom,Professional Services,Small,Basic,Monthly,47.56,1
CUST_002410,2026-04-14,2026-06-30,2,United States,Manufacturing,Enterprise,Enterprise,Annual,586.18,1
CUST_002411,2023-10-22,2026-06-30,32,Germany,Manufacturing,Small,Pro,Monthly,100.36,0
CUST_002412,2026-03-04,2026-06-30,3,Germany,Professional Services,Small,Basic,Monthly,49.22,0
CUST_002413,2021-11-02,2026-06-30,55,United States,Technology,Enterprise,Enterprise,Annual,636.59,1
CUST_002414,2023-06-17,2026-06-30,36,United Kingdom,Technology,Small,Pro,Annual,99.98,1
CUST_002415,2024-08-02,2026-06-30,22,United Kingdom,Retail,Enterprise,Enterprise,Monthly,623.1,0
CUST_002416,2024-01-10,2026-06-30,29,Australia,Healthcare,Enterprise,Enterprise,Annual,559.36,1
CUST_002417,2023-05-16,2026-06-30,37,United States,Technology,Small,Basic,Monthly,49.37,0
CUST_002418,2025-02-18,2026-06-30,16,India,Manufacturing,Small,Pro,Annual,97.16,0
CUST_002419,2024-12-30,2026-06-30,17,Canada,Technology,Small,Pro,Monthly,102.58,1
CUST_002420,2024-05-10,2026-06-30,25,United States,Healthcare,Small,Pro,Monthly,100.26,0
CUST_002421,2025-02-21,2026-06-30,16,United States,Retail,Small,Basic,Monthly,52.86,0
CUST_002422,2022-09-09,2026-06-30,45,United States,Retail,Small,Pro,Monthly,94.39,1
CUST_002423,2025-11-26,2026-06-30,7,United States,Finance,Small,Basic,Monthly,47.26,1
CUST_002424,2022-05-09,2026-06-30,49,Canada,Technology,Mid-Market,Enterprise,Annual,609.22,1
CUST_002425,2024-09-13,2026-06-30,21,Germany,Professional Services,Small,Basic,Monthly,48.68,0
CUST_002426,2023-08-28,2026-06-30,34,United States,Professional Services,Small,Basic,Monthly,46.69,1
CUST_002427,2025-08-21,2026-06-30,10,India,Healthcare,Small,Basic,Annual,49.91,1
CUST_002428,2024-07-09,2026-06-30,23,United States,Technology,Small,Business,Monthly,242.83,1
CUST_002429,2022-09-15,2026-06-30,45,United Kingdom,Retail,Mid-Market,Business,Monthly,254.61,1
CUST_002430,2025-01-31,2026-06-30,16,India,Finance,Mid-Market,Pro,Monthly,90.59,1
CUST_002431,2025-10-06,2026-06-30,8,Australia,Technology,Small,Business,Annual,245.35,0
CUST_002432,2023-11-07,2026-06-30,31,United Kingdom,Technology,Mid-Market,Pro,Monthly,99.78,0
CUST_002433,2025-08-13,2026-06-30,10,Germany,Technology,Small,Basic,Monthly,49.41,0
CUST_002434,2024-11-13,2026-06-30,19,United States,Finance,Enterprise,Business,Annual,257.7,1
CUST_002435,2024-03-14,2026-06-30,27,United States,Finance,Small,Basic,Monthly,48.4,0
CUST_002436,2023-08-23,2026-06-30,34,Canada,Professional Services,Mid-Market,Business,Annual,254.57,1
CUST_002437,2023-04-10,2026-06-30,38,United States,Healthcare,Small,Basic,Monthly,48.83,0
CUST_002438,2023-02-02,2026-06-30,40,United States,Healthcare,Small,Basic,Monthly,50.8,1
CUST_002439,2022-04-07,2026-06-30,50,United States,Technology,Small,Basic,Monthly,45.23,0
CUST_002440,2026-02-02,2026-06-30,4,India,Professional Services,Small,Basic,Monthly,42.62,1
CUST_002441,2024-08-19,2026-06-30,22,India,Technology,Mid-Market,Business,Annual,264.61,1
CUST_002442,2026-05-30,2026-06-30,1,Australia,Technology,Mid-Market,Business,Monthly,241.92,0
CUST_002443,2026-05-15,2026-06-30,1,Germany,Retail,Small,Basic,Monthly,44.83,0
CUST_002444,2025-05-15,2026-06-30,13,United States,Manufacturing,Enterprise,Pro,Monthly,98.2,0
CUST_002445,2023-06-23,2026-06-30,36,United States,Manufacturing,Small,Pro,Annual,96.43,1
CUST_002446,2022-01-07,2026-06-30,53,United Kingdom,Healthcare,Enterprise,Enterprise,Annual,610.05,1
CUST_002447,2022-08-12,2026-06-30,46,United Kingdom,Finance,Small,Basic,Monthly,50.21,0
CUST_002448,2023-03-28,2026-06-30,39,United States,Finance,Small,Basic,Monthly,47.98,0
CUST_002449,2022-08-04,2026-06-30,46,Canada,Retail,Small,Business,Annual,260.57,1
CUST_002450,2025-07-27,2026-06-30,11,Canada,Finance,Mid-Market,Business,Annual,233.92,0
CUST_002451,2022-04-15,2026-06-30,50,United States,Finance,Mid-Market,Pro,Monthly,87.36,1
CUST_002452,2022-01-14,2026-06-30,53,United States,Technology,Mid-Market,Business,Annual,250.84,1
CUST_002453,2025-12-12,2026-06-30,6,Canada,Professional Services,Small,Basic,Monthly,48.37,0
CUST_002454,2024-02-08,2026-06-30,28,United Kingdom,Technology,Small,Basic,Monthly,44.36,1
CUST_002455,2022-05-03,2026-06-30,49,India,Finance,Mid-Market,Business,Annual,256.59,0
CUST_002456,2024-01-28,2026-06-30,29,United Kingdom,Professional Services,Enterprise,Business,Monthly,227.86,1
CUST_002457,2022-04-14,2026-06-30,50,Germany,Manufacturing,Small,Pro,Monthly,98.44,0
CUST_002458,2021-10-25,2026-06-30,56,Australia,Retail,Mid-Market,Pro,Monthly,102.8,0
CUST_002459,2024-01-30,2026-06-30,28,United States,Retail,Mid-Market,Pro,Monthly,100.27,0
CUST_002460,2026-02-14,2026-06-30,4,United Kingdom,Technology,Small,Basic,Annual,49.49,1
CUST_002461,2024-09-28,2026-06-30,21,Canada,Manufacturing,Mid-Market,Business,Annual,243.1,1
CUST_002462,2025-05-10,2026-06-30,13,United Kingdom,Finance,Small,Basic,Monthly,49.41,0
CUST_002463,2024-01-31,2026-06-30,28,United States,Professional Services,Small,Basic,Monthly,50.25,1
CUST_002464,2023-07-15,2026-06-30,35,India,Technology,Mid-Market,Business,Annual,240.97,1
CUST_002465,2024-02-19,2026-06-30,28,India,Retail,Enterprise,Business,Annual,234.92,1
CUST_002466,2025-06-15,2026-06-30,12,United States,Healthcare,Small,Basic,Annual,50.93,0
CUST_002467,2024-12-07,2026-06-30,18,United States,Technology,Small,Basic,Annual,53.54,1
CUST_002468,2023-01-28,2026-06-30,41,United States,Finance,Small,Basic,Monthly,52.66,1
CUST_002469,2026-04-13,2026-06-30,2,Australia,Manufacturing,Small,Basic,Monthly,42.57,0
CUST_002470,2025-05-12,2026-06-30,13,United Kingdom,Technology,Mid-Market,Pro,Annual,105.19,0
CUST_002471,2022-01-11,2026-06-30,53,United States,Professional Services,Small,Basic,Monthly,47.45,1
CUST_002472,2025-12-05,2026-06-30,6,Australia,Finance,Small,Basic,Monthly,53.41,0
CUST_002473,2024-05-17,2026-06-30,25,United States,Retail,Mid-Market,Business,Annual,236.07,1
CUST_002474,2025-05-25,2026-06-30,13,Canada,Retail,Small,Basic,Monthly,46.24,1
CUST_002475,2025-11-25,2026-06-30,7,United States,Healthcare,Small,Basic,Monthly,48.88,1
CUST_002476,2024-05-03,2026-06-30,25,United Kingdom,Retail,Mid-Market,Pro,Annual,97.01,1
CUST_002477,2023-11-08,2026-06-30,31,Canada,Manufacturing,Small,Business,Monthly,244.62,1
CUST_002478,2025-07-19,2026-06-30,11,United States,Retail,Small,Pro,Monthly,103.67,0
CUST_002479,2026-01-12,2026-06-30,5,Canada,Retail,Small,Basic,Monthly,52.03,0
CUST_002480,2025-10-02,2026-06-30,8,India,Retail,Small,Pro,Monthly,94.33,1
CUST_002481,2023-03-19,2026-06-30,39,Canada,Healthcare,Enterprise,Business,Annual,269.42,1
CUST_002482,2022-03-09,2026-06-30,51,India,Technology,Mid-Market,Basic,Annual,45.98,1
CUST_002483,2025-07-12,2026-06-30,11,United Kingdom,Technology,Small,Basic,Annual,47.52,1
CUST_002484,2024-11-02,2026-06-30,19,Germany,Retail,Small,Basic,Monthly,55.21,0
CUST_002485,2024-09-21,2026-06-30,21,United States,Professional Services,Small,Basic,Annual,49.91,1
CUST_002486,2024-08-22,2026-06-30,22,Australia,Technology,Enterprise,Business,Monthly,240.82,1
CUST_002487,2025-03-19,2026-06-30,15,United States,Healthcare,Mid-Market,Business,Annual,252.29,0
CUST_002488,2026-02-21,2026-06-30,4,United States,Finance,Mid-Market,Business,Monthly,257.78,0
CUST_002489,2023-11-01,2026-06-30,31,United States,Retail,Small,Pro,Annual,100.67,1
CUST_002490,2024-08-28,2026-06-30,22,United States,Manufacturing,Enterprise,Enterprise,Annual,637.35,0
CUST_002491,2024-09-24,2026-06-30,21,India,Manufacturing,Mid-Market,Business,Annual,238.23,1
CUST_002492,2025-02-10,2026-06-30,16,India,Manufacturing,Small,Basic,Monthly,47.4,0
CUST_002493,2021-11-05,2026-06-30,55,Germany,Manufacturing,Small,Basic,Monthly,46.82,1
CUST_002494,2023-06-01,2026-06-30,36,United States,Technology,Small,Pro,Annual,94.89,1
CUST_002495,2024-05-10,2026-06-30,25,India,Healthcare,Mid-Market,Pro,Monthly,99.21,1
CUST_002496,2025-05-28,2026-06-30,13,Germany,Finance,Small,Pro,Monthly,93.73,1
CUST_002497,2022-06-23,2026-06-30,48,United States,Professional Services,Small,Basic,Monthly,49.71,1
CUST_002498,2022-01-18,2026-06-30,53,Canada,Manufacturing,Mid-Market,Pro,Annual,102.13,1
CUST_002499,2026-04-03,2026-06-30,2,United Kingdom,Technology,Mid-Market,Pro,Monthly,92.95,1
CUST_002500,2021-11-05,2026-06-30,55,United States,Technology,Small,Pro,Annual,95.88,1
CUST_002501,2022-12-23,2026-06-30,42,Canada,Healthcare,Small,Basic,Monthly,47.75,1
CUST_002502,2025-12-03,2026-06-30,6,Germany,Professional Services,Small,Pro,Annual,97.91,1
CUST_002503,2022-09-18,2026-06-30,45,United States,Technology,Small,Basic,Monthly,48.6,0
CUST_002504,2025-11-20,2026-06-30,7,Canada,Retail,Mid-Market,Business,Annual,260.27,1
CUST_002505,2026-03-01,2026-06-30,3,United Kingdom,Finance,Mid-Market,Business,Annual,261.2,1
CUST_002506,2025-11-05,2026-06-30,7,Germany,Retail,Enterprise,Enterprise,Annual,574.79,1
CUST_002507,2024-02-26,2026-06-30,28,India,Retail,Mid-Market,Pro,Monthly,102.42,1
CUST_002508,2023-05-15,2026-06-30,37,Australia,Technology,Mid-Market,Pro,Monthly,105.81,1
CUST_002509,2024-05-30,2026-06-30,25,United Kingdom,Manufacturing,Small,Basic,Monthly,51.96,1
CUST_002510,2025-10-25,2026-06-30,8,United Kingdom,Technology,Small,Basic,Monthly,49.5,1
CUST_002511,2025-06-08,2026-06-30,12,United Kingdom,Manufacturing,Enterprise,Enterprise,Annual,597.37,1
CUST_002512,2022-03-23,2026-06-30,51,United Kingdom,Technology,Mid-Market,Pro,Annual,92.05,1
CUST_002513,2021-09-07,2026-06-30,57,United States,Retail,Enterprise,Enterprise,Annual,586.63,1
CUST_002514,2022-09-16,2026-06-30,45,Germany,Finance,Mid-Market,Basic,Monthly,45.34,0
CUST_002515,2025-11-27,2026-06-30,7,Germany,Retail,Small,Pro,Monthly,104.64,1
CUST_002516,2022-05-21,2026-06-30,49,Canada,Finance,Small,Pro,Annual,97.69,1
CUST_002517,2023-01-05,2026-06-30,41,India,Retail,Small,Business,Annual,247.92,1
CUST_002518,2023-10-30,2026-06-30,31,Germany,Technology,Mid-Market,Business,Monthly,241.31,1
CUST_002519,2025-09-16,2026-06-30,9,United States,Finance,Enterprise,Enterprise,Annual,556.76,1
CUST_002520,2021-07-07,2026-06-30,59,United States,Professional Services,Mid-Market,Basic,Annual,50.75,0
CUST_002521,2024-03-28,2026-06-30,27,United States,Healthcare,Small,Basic,Monthly,50.23,0
CUST_002522,2026-03-13,2026-06-30,3,United States,Healthcare,Small,Pro,Annual,103.62,1
CUST_002523,2025-05-20,2026-06-30,13,Canada,Retail,Small,Basic,Annual,44.71,1
CUST_002524,2024-06-10,2026-06-30,24,United States,Healthcare,Small,Pro,Annual,105.53,1
CUST_002525,2026-02-09,2026-06-30,4,United States,Professional Services,Enterprise,Business,Monthly,247.44,1
CUST_002526,2024-10-27,2026-06-30,20,United States,Healthcare,Mid-Market,Pro,Annual,102.85,1
CUST_002527,2024-02-11,2026-06-30,28,Australia,Professional Services,Small,Pro,Monthly,85.95,1
CUST_002528,2021-10-02,2026-06-30,56,Australia,Professional Services,Enterprise,Pro,Annual,101.03,1
CUST_002529,2025-12-27,2026-06-30,6,United States,Healthcare,Small,Pro,Monthly,98.64,1
CUST_002530,2023-07-31,2026-06-30,34,United States,Finance,Enterprise,Enterprise,Annual,592.39,1
CUST_002531,2021-11-30,2026-06-30,54,United States,Retail,Mid-Market,Basic,Annual,48.76,1
CUST_002532,2022-06-14,2026-06-30,48,United States,Manufacturing,Small,Basic,Monthly,47.54,1
CUST_002533,2021-11-13,2026-06-30,55,United States,Technology,Mid-Market,Basic,Monthly,45.54,1
CUST_002534,2025-07-30,2026-06-30,11,United States,Technology,Small,Basic,Monthly,45.9,1
CUST_002535,2022-06-23,2026-06-30,48,United States,Technology,Mid-Market,Business,Annual,249.33,0
CUST_002536,2021-08-09,2026-06-30,58,India,Manufacturing,Small,Business,Annual,265.33,1
CUST_002537,2024-10-23,2026-06-30,20,Canada,Manufacturing,Small,Basic,Monthly,51.71,0
CUST_002538,2023-12-18,2026-06-30,30,Australia,Technology,Mid-Market,Pro,Annual,100.14,0
CUST_002539,2023-10-22,2026-06-30,32,United States,Healthcare,Small,Basic,Monthly,47.8,1
CUST_002540,2023-12-27,2026-06-30,30,United States,Manufacturing,Small,Basic,Monthly,54.05,0
CUST_002541,2024-12-27,2026-06-30,18,India,Professional Services,Mid-Market,Business,Monthly,257.48,1
CUST_002542,2021-08-23,2026-06-30,58,United States,Technology,Small,Business,Annual,256.4,0
CUST_002543,2021-09-18,2026-06-30,57,United Kingdom,Finance,Mid-Market,Pro,Monthly,92.4,1
CUST_002544,2024-07-17,2026-06-30,23,India,Finance,Mid-Market,Business,Annual,252.18,1
CUST_002545,2022-06-16,2026-06-30,48,United Kingdom,Retail,Small,Basic,Monthly,45.97,1
CUST_002546,2024-06-17,2026-06-30,24,United States,Technology,Enterprise,Enterprise,Annual,661.35,1
CUST_002547,2022-07-05,2026-06-30,47,United Kingdom,Technology,Small,Pro,Monthly,94.84,0
CUST_002548,2023-07-17,2026-06-30,35,United States,Manufacturing,Small,Pro,Annual,96.0,1
CUST_002549,2024-02-08,2026-06-30,28,United States,Healthcare,Small,Basic,Monthly,47.41,1
CUST_002550,2025-10-14,2026-06-30,8,United States,Technology,Mid-Market,Pro,Monthly,97.17,0
CUST_002551,2023-03-14,2026-06-30,39,India,Finance,Small,Basic,Monthly,50.64,0
CUST_002552,2024-11-01,2026-06-30,19,Germany,Technology,Small,Basic,Monthly,49.01,1
CUST_002553,2025-05-07,2026-06-30,13,United States,Finance,Small,Pro,Annual,99.21,1
CUST_002554,2025-06-19,2026-06-30,12,United States,Healthcare,Mid-Market,Enterprise,Annual,620.54,1
CUST_002555,2021-08-03,2026-06-30,58,Germany,Technology,Small,Pro,Monthly,91.49,1
CUST_002556,2025-11-27,2026-06-30,7,India,Technology,Small,Basic,Monthly,50.83,1
CUST_002557,2022-06-28,2026-06-30,48,United States,Professional Services,Small,Basic,Monthly,49.33,0
CUST_002558,2022-02-27,2026-06-30,52,United States,Professional Services,Small,Pro,Monthly,95.52,1
CUST_002559,2026-04-06,2026-06-30,2,India,Technology,Mid-Market,Pro,Annual,99.65,1
CUST_002560,2023-07-09,2026-06-30,35,India,Retail,Small,Basic,Annual,49.28,1
CUST_002561,2023-07-30,2026-06-30,35,India,Technology,Small,Basic,Monthly,42.57,1
CUST_002562,2024-08-26,2026-06-30,22,United States,Manufacturing,Small,Pro,Annual,105.81,0
CUST_002563,2023-02-20,2026-06-30,40,United States,Professional Services,Mid-Market,Pro,Annual,104.98,1
CUST_002564,2024-05-28,2026-06-30,25,Canada,Retail,Mid-Market,Enterprise,Annual,559.88,0
CUST_002565,2024-04-02,2026-06-30,26,United States,Retail,Small,Basic,Monthly,47.15,0
CUST_002566,2024-04-17,2026-06-30,26,India,Finance,Mid-Market,Business,Annual,265.85,1
CUST_002567,2022-06-24,2026-06-30,48,United States,Technology,Mid-Market,Business,Annual,257.27,1
CUST_002568,2023-04-21,2026-06-30,38,United Kingdom,Healthcare,Small,Pro,Monthly,100.92,1
CUST_002569,2024-07-20,2026-06-30,23,India,Technology,Small,Basic,Monthly,50.07,1
CUST_002570,2021-11-10,2026-06-30,55,India,Retail,Small,Basic,Monthly,49.92,1
CUST_002571,2022-06-22,2026-06-30,48,United Kingdom,Healthcare,Mid-Market,Pro,Monthly,93.73,1
CUST_002572,2021-10-30,2026-06-30,55,India,Technology,Small,Basic,Monthly,47.62,0
CUST_002573,2022-10-28,2026-06-30,44,United States,Retail,Small,Basic,Monthly,51.44,1
CUST_002574,2024-06-28,2026-06-30,24,United States,Manufacturing,Small,Pro,Monthly,102.25,0
CUST_002575,2022-08-13,2026-06-30,46,United States,Retail,Small,Basic,Monthly,49.7,0
CUST_002576,2024-10-17,2026-06-30,20,India,Healthcare,Mid-Market,Enterprise,Annual,579.59,1
CUST_002577,2025-01-30,2026-06-30,16,India,Professional Services,Small,Pro,Annual,103.9,1
CUST_002578,2024-03-13,2026-06-30,27,United States,Technology,Small,Pro,Annual,94.22,1
CUST_002579,2021-08-26,2026-06-30,58,United States,Retail,Mid-Market,Business,Monthly,267.44,0
CUST_002580,2023-08-16,2026-06-30,34,United States,Healthcare,Mid-Market,Basic,Monthly,47.22,1
CUST_002581,2024-07-12,2026-06-30,23,United States,Technology,Enterprise,Pro,Monthly,94.69,1
CUST_002582,2024-02-23,2026-06-30,28,Australia,Professional Services,Mid-Market,Pro,Annual,99.15,1
CUST_002583,2024-12-25,2026-06-30,18,United States,Healthcare,Small,Business,Annual,251.65,1
CUST_002584,2023-03-06,2026-06-30,39,Australia,Finance,Small,Basic,Monthly,49.24,1
CUST_002585,2024-09-09,2026-06-30,21,United Kingdom,Technology,Enterprise,Business,Annual,232.53,1
CUST_002586,2023-09-09,2026-06-30,33,United States,Professional Services,Mid-Market,Business,Annual,254.25,1
CUST_002587,2024-08-06,2026-06-30,22,United States,Professional Services,Small,Basic,Monthly,51.4,1
CUST_002588,2024-11-02,2026-06-30,19,India,Technology,Small,Business,Monthly,247.99,1
CUST_002589,2021-08-24,2026-06-30,58,United Kingdom,Retail,Mid-Market,Enterprise,Annual,552.69,1
CUST_002590,2024-09-18,2026-06-30,21,Canada,Technology,Small,Basic,Monthly,48.48,0
CUST_002591,2026-01-25,2026-06-30,5,United States,Manufacturing,Mid-Market,Business,Annual,234.9,0
CUST_002592,2024-07-21,2026-06-30,23,India,Healthcare,Mid-Market,Pro,Annual,89.44,1
CUST_002593,2023-10-19,2026-06-30,32,Australia,Technology,Small,Basic,Annual,47.66,1
CUST_002594,2025-12-13,2026-06-30,6,Australia,Retail,Enterprise,Enterprise,Annual,647.64,1
CUST_002595,2024-11-29,2026-06-30,18,United Kingdom,Professional Services,Enterprise,Pro,Annual,98.59,1
CUST_002596,2025-08-06,2026-06-30,10,India,Finance,Small,Business,Annual,245.6,1
CUST_002597,2023-12-15,2026-06-30,30,United States,Technology,Small,Enterprise,Annual,620.26,1
CUST_002598,2022-11-11,2026-06-30,43,Germany,Professional Services,Enterprise,Enterprise,Annual,617.3,1
CUST_002599,2021-08-27,2026-06-30,58,Canada,Technology,Small,Basic,Annual,45.41,1
CUST_002600,2024-07-02,2026-06-30,23,United Kingdom,Healthcare,Enterprise,Business,Monthly,272.27,1
CUST_002601,2022-03-04,2026-06-30,51,India,Healthcare,Small,Basic,Monthly,49.48,1
CUST_002602,2025-05-11,2026-06-30,13,India,Technology,Mid-Market,Pro,Monthly,103.49,0
CUST_002603,2022-07-31,2026-06-30,46,Canada,Technology,Mid-Market,Basic,Monthly,47.54,0
CUST_002604,2023-08-26,2026-06-30,34,United Kingdom,Technology,Small,Basic,Monthly,44.21,0
CUST_002605,2022-09-09,2026-06-30,45,India,Technology,Mid-Market,Business,Annual,247.54,1
CUST_002606,2022-09-13,2026-06-30,45,India,Healthcare,Small,Basic,Monthly,46.3,0
CUST_002607,2023-10-19,2026-06-30,32,Australia,Professional Services,Small,Basic,Monthly,51.87,1
CUST_002608,2025-02-23,2026-06-30,16,United States,Technology,Small,Pro,Monthly,91.99,1
CUST_002609,2023-10-30,2026-06-30,31,United States,Manufacturing,Small,Basic,Monthly,49.07,0
CUST_002610,2022-05-08,2026-06-30,49,India,Healthcare,Small,Basic,Monthly,50.47,0
CUST_002611,2021-08-23,2026-06-30,58,Germany,Technology,Small,Basic,Annual,50.04,1
CUST_002612,2021-11-09,2026-06-30,55,Germany,Healthcare,Small,Basic,Annual,47.77,1
CUST_002613,2025-07-10,2026-06-30,11,United Kingdom,Finance,Small,Basic,Monthly,44.64,0
CUST_002614,2023-06-24,2026-06-30,36,Canada,Retail,Small,Basic,Monthly,45.31,1
CUST_002615,2025-11-25,2026-06-30,7,Canada,Finance,Mid-Market,Business,Monthly,239.57,1
CUST_002616,2023-02-16,2026-06-30,40,Australia,Retail,Small,Basic,Monthly,45.55,1
CUST_002617,2021-07-15,2026-06-30,59,United States,Professional Services,Mid-Market,Pro,Monthly,98.63,1
CUST_002618,2026-02-26,2026-06-30,4,Germany,Technology,Small,Pro,Monthly,95.23,1
CUST_002619,2023-03-10,2026-06-30,39,Germany,Professional Services,Small,Pro,Monthly,92.6,1
CUST_002620,2021-10-07,2026-06-30,56,Australia,Technology,Small,Basic,Monthly,45.51,1
CUST_002621,2022-04-02,2026-06-30,50,United States,Technology,Small,Business,Annual,229.18,1
CUST_002622,2024-06-26,2026-06-30,24,Germany,Technology,Small,Pro,Monthly,98.72,0
CUST_002623,2025-11-26,2026-06-30,7,United States,Manufacturing,Mid-Market,Business,Annual,239.86,1
CUST_002624,2021-11-15,2026-06-30,55,United States,Retail,Small,Basic,Monthly,49.06,1
CUST_002625,2021-11-20,2026-06-30,55,Canada,Professional Services,Small,Basic,Monthly,48.81,1
CUST_002626,2023-07-27,2026-06-30,35,United States,Manufacturing,Mid-Market,Pro,Monthly,97.99,1
CUST_002627,2021-08-08,2026-06-30,58,India,Healthcare,Small,Basic,Monthly,50.59,0
CUST_002628,2026-05-23,2026-06-30,1,India,Professional Services,Mid-Market,Enterprise,Annual,554.87,0
CUST_002629,2023-05-21,2026-06-30,37,United States,Professional Services,Mid-Market,Enterprise,Annual,618.55,0
CUST_002630,2026-03-23,2026-06-30,3,Australia,Manufacturing,Small,Basic,Monthly,49.96,0
CUST_002631,2021-10-25,2026-06-30,56,Canada,Retail,Small,Business,Annual,246.54,0
CUST_002632,2023-01-26,2026-06-30,41,Germany,Professional Services,Small,Pro,Annual,95.0,1
CUST_002633,2021-12-04,2026-06-30,54,India,Technology,Mid-Market,Business,Monthly,249.49,1
CUST_002634,2023-08-26,2026-06-30,34,United Kingdom,Professional Services,Enterprise,Enterprise,Annual,612.44,1
CUST_002635,2026-01-02,2026-06-30,5,United States,Professional Services,Small,Basic,Monthly,45.57,1
CUST_002636,2026-04-14,2026-06-30,2,United States,Retail,Enterprise,Business,Annual,256.59,1
CUST_002637,2024-10-06,2026-06-30,20,Canada,Technology,Small,Pro,Monthly,107.61,1
CUST_002638,2022-10-05,2026-06-30,44,India,Technology,Small,Basic,Monthly,48.84,1
CUST_002639,2025-09-02,2026-06-30,9,United Kingdom,Professional Services,Small,Pro,Monthly,105.45,0
CUST_002640,2022-03-24,2026-06-30,51,United States,Professional Services,Enterprise,Enterprise,Monthly,613.22,0
CUST_002641,2025-03-28,2026-06-30,15,United States,Manufacturing,Small,Pro,Monthly,100.3,0
CUST_002642,2023-12-22,2026-06-30,30,India,Professional Services,Mid-Market,Pro,Monthly,95.53,1
CUST_002643,2025-06-01,2026-06-30,12,United States,Healthcare,Small,Pro,Annual,97.31,1
CUST_002644,2024-02-15,2026-06-30,28,Germany,Professional Services,Enterprise,Pro,Monthly,94.14,0
CUST_002645,2024-03-11,2026-06-30,27,Germany,Technology,Mid-Market,Business,Monthly,260.74,1
CUST_002646,2026-05-22,2026-06-30,1,United States,Technology,Mid-Market,Business,Annual,239.73,1
CUST_002647,2023-08-16,2026-06-30,34,United States,Healthcare,Mid-Market,Business,Annual,270.94,1
CUST_002648,2022-07-19,2026-06-30,47,United States,Finance,Small,Pro,Monthly,101.17,1
CUST_002649,2021-10-24,2026-06-30,56,United States,Healthcare,Enterprise,Enterprise,Annual,610.8,0
CUST_002650,2024-10-15,2026-06-30,20,Germany,Manufacturing,Mid-Market,Business,Monthly,232.52,0
CUST_002651,2022-02-01,2026-06-30,52,Australia,Technology,Small,Basic,Monthly,50.63,1
CUST_002652,2022-02-04,2026-06-30,52,United States,Manufacturing,Enterprise,Enterprise,Annual,592.4,1
CUST_002653,2021-07-22,2026-06-30,59,United Kingdom,Technology,Mid-Market,Business,Annual,241.98,1
CUST_002654,2024-07-31,2026-06-30,22,United States,Professional Services,Mid-Market,Business,Annual,240.83,1
CUST_002655,2022-03-26,2026-06-30,51,United States,Technology,Mid-Market,Basic,Monthly,45.96,1
CUST_002656,2023-08-21,2026-06-30,34,Germany,Manufacturing,Small,Basic,Monthly,49.02,1
CUST_002657,2026-02-16,2026-06-30,4,Australia,Retail,Small,Basic,Monthly,48.59,0
CUST_002658,2025-01-31,2026-06-30,16,Australia,Finance,Small,Basic,Monthly,45.78,1
CUST_002659,2023-02-10,2026-06-30,40,United States,Finance,Enterprise,Enterprise,Annual,614.42,1
CUST_002660,2025-08-16,2026-06-30,10,United Kingdom,Technology,Mid-Market,Business,Annual,275.5,1
CUST_002661,2024-04-11,2026-06-30,26,Canada,Finance,Mid-Market,Basic,Monthly,45.51,0
CUST_002662,2022-08-10,2026-06-30,46,India,Technology,Small,Pro,Monthly,98.44,1
CUST_002663,2025-09-05,2026-06-30,9,United Kingdom,Technology,Enterprise,Business,Annual,269.65,1
CUST_002664,2023-12-22,2026-06-30,30,India,Manufacturing,Small,Pro,Annual,95.15,1
CUST_002665,2025-05-11,2026-06-30,13,United States,Technology,Small,Basic,Annual,50.08,0
CUST_002666,2023-10-12,2026-06-30,32,Canada,Technology,Enterprise,Basic,Monthly,49.96,1
CUST_002667,2025-03-25,2026-06-30,15,Australia,Finance,Mid-Market,Basic,Monthly,50.61,1
CUST_002668,2021-09-02,2026-06-30,57,United States,Healthcare,Enterprise,Business,Annual,271.82,1
CUST_002669,2026-01-14,2026-06-30,5,United Kingdom,Healthcare,Mid-Market,Business,Annual,226.72,0
CUST_002670,2021-09-05,2026-06-30,57,Canada,Retail,Small,Pro,Annual,99.94,1
CUST_002671,2022-07-10,2026-06-30,47,India,Retail,Small,Basic,Monthly,47.77,1
CUST_002672,2022-03-18,2026-06-30,51,United States,Healthcare,Enterprise,Enterprise,Annual,597.81,0
CUST_002673,2022-03-25,2026-06-30,51,India,Finance,Small,Basic,Monthly,49.11,1
CUST_002674,2025-06-29,2026-06-30,12,Canada,Finance,Mid-Market,Business,Annual,245.34,0
CUST_002675,2021-11-02,2026-06-30,55,Canada,Manufacturing,Small,Basic,Monthly,46.34,1
CUST_002676,2023-06-30,2026-06-30,36,United Kingdom,Finance,Small,Pro,Annual,93.96,1
CUST_002677,2021-09-07,2026-06-30,57,United States,Professional Services,Mid-Market,Business,Annual,275.46,0
CUST_002678,2022-02-05,2026-06-30,52,India,Retail,Enterprise,Enterprise,Monthly,557.62,0
CUST_002679,2023-07-26,2026-06-30,35,India,Retail,Small,Basic,Monthly,52.01,1
CUST_002680,2024-07-28,2026-06-30,23,India,Healthcare,Small,Basic,Monthly,46.46,0
CUST_002681,2025-11-02,2026-06-30,7,India,Professional Services,Small,Basic,Monthly,49.23,1
CUST_002682,2025-12-01,2026-06-30,6,United Kingdom,Healthcare,Small,Pro,Monthly,108.74,1
CUST_002683,2024-07-01,2026-06-30,23,Canada,Healthcare,Mid-Market,Business,Annual,258.9,1
CUST_002684,2022-06-06,2026-06-30,48,India,Professional Services,Small,Basic,Monthly,45.48,1
CUST_002685,2023-12-06,2026-06-30,30,United States,Retail,Small,Basic,Monthly,48.17,1
CUST_002686,2024-01-18,2026-06-30,29,Australia,Healthcare,Mid-Market,Basic,Monthly,48.94,1
CUST_002687,2025-03-19,2026-06-30,15,Canada,Finance,Mid-Market,Pro,Monthly,104.1,1
CUST_002688,2023-08-22,2026-06-30,34,Germany,Technology,Small,Pro,Monthly,99.23,1
CUST_002689,2023-04-12,2026-06-30,38,United States,Manufacturing,Enterprise,Business,Monthly,247.02,1
CUST_002690,2021-08-03,2026-06-30,58,United States,Finance,Small,Business,Monthly,270.41,0
CUST_002691,2022-10-30,2026-06-30,43,United States,Technology,Small,Basic,Monthly,52.87,0
CUST_002692,2023-06-07,2026-06-30,36,Canada,Technology,Enterprise,Enterprise,Annual,619.92,1
CUST_002693,2021-12-10,2026-06-30,54,Canada,Professional Services,Small,Basic,Monthly,47.47,1
CUST_002694,2024-04-29,2026-06-30,26,United States,Retail,Enterprise,Enterprise,Annual,519.59,1
CUST_002695,2021-10-26,2026-06-30,56,United States,Healthcare,Mid-Market,Business,Annual,233.08,1
CUST_002696,2024-08-05,2026-06-30,22,United Kingdom,Professional Services,Enterprise,Business,Annual,229.78,1
CUST_002697,2025-10-14,2026-06-30,8,United States,Finance,Small,Basic,Monthly,48.85,1
CUST_002698,2024-05-12,2026-06-30,25,Australia,Manufacturing,Small,Business,Annual,260.68,1
CUST_002699,2025-10-12,2026-06-30,8,United States,Manufacturing,Enterprise,Enterprise,Annual,658.18,1
CUST_002700,2025-10-31,2026-06-30,7,United Kingdom,Healthcare,Mid-Market,Basic,Monthly,52.12,1
CUST_002701,2022-01-31,2026-06-30,52,United States,Manufacturing,Enterprise,Enterprise,Monthly,577.74,0
CUST_002702,2022-07-05,2026-06-30,47,United Kingdom,Professional Services,Small,Basic,Monthly,49.62,0
CUST_002703,2025-04-29,2026-06-30,14,United Kingdom,Technology,Mid-Market,Pro,Monthly,100.99,1
CUST_002704,2022-04-19,2026-06-30,50,United Kingdom,Technology,Small,Pro,Annual,91.28,1
CUST_002705,2026-01-28,2026-06-30,5,Canada,Professional Services,Small,Business,Annual,238.12,1
CUST_002706,2025-01-06,2026-06-30,17,Canada,Healthcare,Small,Basic,Monthly,47.94,0
CUST_002707,2022-12-11,2026-06-30,42,United States,Healthcare,Mid-Market,Pro,Annual,109.54,0
CUST_002708,2024-12-02,2026-06-30,18,Canada,Technology,Small,Basic,Monthly,49.95,0
CUST_002709,2022-10-28,2026-06-30,44,United States,Professional Services,Small,Pro,Monthly,92.49,0
CUST_002710,2022-02-12,2026-06-30,52,United Kingdom,Manufacturing,Mid-Market,Business,Annual,243.71,1
CUST_002711,2026-02-02,2026-06-30,4,Canada,Professional Services,Enterprise,Enterprise,Annual,612.44,1
CUST_002712,2026-04-18,2026-06-30,2,Australia,Healthcare,Small,Basic,Monthly,48.38,0
CUST_002713,2021-10-17,2026-06-30,56,Canada,Professional Services,Mid-Market,Basic,Monthly,48.13,0
CUST_002714,2023-11-09,2026-06-30,31,United States,Healthcare,Enterprise,Enterprise,Annual,620.92,1
CUST_002715,2023-12-04,2026-06-30,30,United States,Retail,Small,Basic,Monthly,52.43,1
CUST_002716,2024-02-19,2026-06-30,28,United States,Retail,Mid-Market,Pro,Monthly,105.02,1
CUST_002717,2024-04-13,2026-06-30,26,United Kingdom,Healthcare,Enterprise,Business,Annual,245.26,1
CUST_002718,2023-01-09,2026-06-30,41,Australia,Retail,Mid-Market,Business,Annual,246.94,1
CUST_002719,2023-07-26,2026-06-30,35,Germany,Technology,Small,Pro,Annual,97.47,1
CUST_002720,2025-08-11,2026-06-30,10,Canada,Finance,Mid-Market,Business,Annual,262.15,1
CUST_002721,2023-05-03,2026-06-30,37,United States,Manufacturing,Mid-Market,Basic,Monthly,48.05,1
CUST_002722,2023-02-17,2026-06-30,40,India,Technology,Mid-Market,Business,Annual,225.05,1
CUST_002723,2025-11-09,2026-06-30,7,United States,Manufacturing,Small,Basic,Monthly,50.18,1
CUST_002724,2024-07-24,2026-06-30,23,United States,Finance,Small,Basic,Monthly,50.3,1
CUST_002725,2022-07-13,2026-06-30,47,India,Finance,Mid-Market,Business,Annual,243.95,1
CUST_002726,2023-05-17,2026-06-30,37,United States,Retail,Small,Pro,Annual,108.17,1
CUST_002727,2025-09-29,2026-06-30,9,United States,Technology,Enterprise,Business,Monthly,242.25,0
CUST_002728,2026-03-21,2026-06-30,3,United States,Professional Services,Small,Pro,Annual,106.02,0
CUST_002729,2023-07-23,2026-06-30,35,United Kingdom,Professional Services,Mid-Market,Business,Annual,232.33,0
CUST_002730,2024-02-23,2026-06-30,28,United States,Healthcare,Small,Pro,Monthly,100.37,1
CUST_002731,2021-09-09,2026-06-30,57,United Kingdom,Healthcare,Mid-Market,Business,Monthly,238.93,1
CUST_002732,2023-11-06,2026-06-30,31,Canada,Technology,Enterprise,Enterprise,Annual,596.81,1
CUST_002733,2021-11-01,2026-06-30,55,United States,Manufacturing,Small,Basic,Monthly,50.87,0
CUST_002734,2025-05-12,2026-06-30,13,United States,Technology,Small,Basic,Annual,47.6,0
CUST_002735,2024-03-20,2026-06-30,27,Australia,Professional Services,Enterprise,Enterprise,Annual,578.1,0
CUST_002736,2025-09-23,2026-06-30,9,United States,Professional Services,Mid-Market,Business,Annual,246.23,1
CUST_002737,2023-08-05,2026-06-30,34,Germany,Technology,Mid-Market,Enterprise,Annual,711.6,0
CUST_002738,2025-06-27,2026-06-30,12,Canada,Retail,Small,Pro,Monthly,100.0,1
CUST_002739,2023-12-30,2026-06-30,29,United States,Healthcare,Enterprise,Enterprise,Annual,603.29,0
CUST_002740,2024-09-21,2026-06-30,21,Canada,Healthcare,Mid-Market,Business,Annual,254.41,0
CUST_002741,2025-07-02,2026-06-30,11,Canada,Technology,Small,Pro,Monthly,90.51,0
CUST_002742,2025-12-09,2026-06-30,6,Canada,Manufacturing,Small,Basic,Monthly,51.26,0
CUST_002743,2023-11-24,2026-06-30,31,Australia,Technology,Small,Basic,Monthly,50.74,1
CUST_002744,2021-10-04,2026-06-30,56,India,Professional Services,Mid-Market,Business,Annual,226.79,1
CUST_002745,2025-06-09,2026-06-30,12,Australia,Healthcare,Mid-Market,Business,Annual,278.93,0
CUST_002746,2024-06-04,2026-06-30,24,United Kingdom,Retail,Small,Basic,Monthly,49.01,0
CUST_002747,2025-04-23,2026-06-30,14,United Kingdom,Professional Services,Small,Business,Annual,235.1,1
CUST_002748,2022-06-09,2026-06-30,48,United Kingdom,Manufacturing,Small,Pro,Monthly,100.55,0
CUST_002749,2024-05-17,2026-06-30,25,United States,Healthcare,Small,Pro,Monthly,94.5,1
CUST_002750,2021-08-16,2026-06-30,58,Australia,Healthcare,Enterprise,Enterprise,Annual,550.77,1
CUST_002751,2025-03-17,2026-06-30,15,India,Healthcare,Mid-Market,Business,Annual,245.61,1
CUST_002752,2026-01-07,2026-06-30,5,United States,Finance,Small,Pro,Monthly,97.87,1
CUST_002753,2023-07-21,2026-06-30,35,India,Professional Services,Small,Basic,Monthly,45.14,1
CUST_002754,2023-03-19,2026-06-30,39,Australia,Finance,Small,Pro,Annual,95.14,1
CUST_002755,2021-07-18,2026-06-30,59,Canada,Healthcare,Mid-Market,Pro,Monthly,93.89,1
CUST_002756,2022-02-17,2026-06-30,52,India,Manufacturing,Small,Pro,Monthly,97.23,0
CUST_002757,2022-01-25,2026-06-30,53,United States,Finance,Small,Basic,Annual,50.59,1
CUST_002758,2023-04-19,2026-06-30,38,United States,Professional Services,Enterprise,Enterprise,Annual,603.23,0
CUST_002759,2024-08-24,2026-06-30,22,United States,Technology,Mid-Market,Pro,Annual,98.84,1
CUST_002760,2024-04-21,2026-06-30,26,United Kingdom,Technology,Mid-Market,Business,Annual,226.28,1
CUST_002761,2025-10-03,2026-06-30,8,United States,Retail,Small,Pro,Monthly,98.86,1
CUST_002762,2024-04-18,2026-06-30,26,India,Healthcare,Small,Basic,Annual,46.33,1
CUST_002763,2024-08-15,2026-06-30,22,United States,Professional Services,Enterprise,Business,Annual,227.61,1
CUST_002764,2026-03-28,2026-06-30,3,United States,Healthcare,Mid-Market,Enterprise,Annual,625.28,0
CUST_002765,2025-05-29,2026-06-30,13,United Kingdom,Technology,Mid-Market,Pro,Monthly,92.41,0
CUST_002766,2023-10-15,2026-06-30,32,United States,Finance,Mid-Market,Business,Annual,250.17,1
CUST_002767,2024-08-07,2026-06-30,22,Germany,Finance,Small,Pro,Monthly,96.59,1
CUST_002768,2021-07-13,2026-06-30,59,United States,Retail,Mid-Market,Business,Monthly,237.13,1
CUST_002769,2024-01-24,2026-06-30,29,India,Finance,Small,Basic,Monthly,51.99,1
CUST_002770,2021-09-14,2026-06-30,57,Germany,Retail,Small,Pro,Annual,96.03,1
CUST_002771,2023-03-03,2026-06-30,39,United States,Professional Services,Small,Business,Annual,242.37,1
CUST_002772,2026-03-20,2026-06-30,3,United States,Healthcare,Small,Basic,Monthly,47.2,0
CUST_002773,2025-05-31,2026-06-30,12,United States,Retail,Small,Pro,Monthly,99.87,0
CUST_002774,2022-12-12,2026-06-30,42,India,Technology,Small,Basic,Monthly,48.61,1
CUST_002775,2023-09-26,2026-06-30,33,Germany,Manufacturing,Small,Enterprise,Annual,577.98,1
CUST_002776,2024-12-06,2026-06-30,18,Canada,Finance,Enterprise,Business,Monthly,237.51,1
CUST_002777,2023-11-06,2026-06-30,31,United States,Retail,Enterprise,Business,Monthly,248.49,1
CUST_002778,2021-12-23,2026-06-30,54,India,Finance,Small,Basic,Monthly,47.41,0
CUST_002779,2024-07-03,2026-06-30,23,United States,Technology,Small,Business,Annual,270.47,1
CUST_002780,2026-03-12,2026-06-30,3,Germany,Finance,Mid-Market,Business,Annual,242.46,1
CUST_002781,2024-11-19,2026-06-30,19,Germany,Technology,Small,Basic,Monthly,49.82,0
CUST_002782,2021-10-25,2026-06-30,56,United States,Professional Services,Mid-Market,Pro,Annual,98.55,1
CUST_002783,2022-09-02,2026-06-30,45,Canada,Finance,Small,Pro,Monthly,97.57,0
CUST_002784,2022-04-19,2026-06-30,50,United States,Professional Services,Mid-Market,Basic,Monthly,51.2,1
CUST_002785,2021-12-07,2026-06-30,54,United States,Healthcare,Small,Pro,Monthly,101.87,0
CUST_002786,2025-11-02,2026-06-30,7,India,Technology,Mid-Market,Business,Annual,255.98,1
CUST_002787,2025-01-09,2026-06-30,17,Germany,Finance,Small,Pro,Monthly,101.72,1
CUST_002788,2026-02-13,2026-06-30,4,Australia,Technology,Small,Pro,Monthly,91.01,1
CUST_002789,2026-05-23,2026-06-30,1,United Kingdom,Professional Services,Small,Pro,Monthly,101.18,0
CUST_002790,2022-04-24,2026-06-30,50,United States,Technology,Small,Basic,Monthly,48.39,0
CUST_002791,2021-10-23,2026-06-30,56,Germany,Professional Services,Enterprise,Business,Monthly,242.61,0
CUST_002792,2025-08-25,2026-06-30,10,Canada,Technology,Small,Basic,Monthly,57.48,1
CUST_002793,2022-11-12,2026-06-30,43,United States,Finance,Small,Basic,Monthly,45.39,1
CUST_002794,2023-10-14,2026-06-30,32,Canada,Technology,Mid-Market,Business,Monthly,247.87,0
CUST_002795,2026-01-27,2026-06-30,5,United Kingdom,Retail,Small,Basic,Monthly,48.58,0
CUST_002796,2021-11-30,2026-06-30,54,Germany,Healthcare,Enterprise,Enterprise,Annual,596.55,1
CUST_002797,2022-02-18,2026-06-30,52,United States,Professional Services,Mid-Market,Enterprise,Monthly,568.63,0
CUST_002798,2023-08-17,2026-06-30,34,India,Finance,Small,Basic,Monthly,49.55,1
CUST_002799,2022-12-08,2026-06-30,42,United States,Technology,Mid-Market,Business,Annual,235.01,1
CUST_002800,2024-06-17,2026-06-30,24,United States,Manufacturing,Mid-Market,Business,Monthly,252.53,0
CUST_002801,2022-07-08,2026-06-30,47,United States,Retail,Small,Business,Monthly,250.95,0
CUST_002802,2024-03-24,2026-06-30,27,Australia,Professional Services,Mid-Market,Basic,Annual,48.4,1
CUST_002803,2021-07-21,2026-06-30,59,United States,Healthcare,Small,Pro,Annual,98.64,0
CUST_002804,2026-02-07,2026-06-30,4,Canada,Manufacturing,Small,Basic,Monthly,52.88,1
CUST_002805,2025-07-26,2026-06-30,11,United States,Technology,Mid-Market,Pro,Annual,101.86,1
CUST_002806,2021-08-27,2026-06-30,58,Germany,Professional Services,Mid-Market,Business,Monthly,251.15,1
CUST_002807,2024-12-29,2026-06-30,18,Australia,Technology,Mid-Market,Pro,Annual,101.1,1
CUST_002808,2024-11-20,2026-06-30,19,United States,Professional Services,Small,Basic,Annual,49.1,0
CUST_002809,2022-07-11,2026-06-30,47,India,Technology,Mid-Market,Business,Annual,255.87,1
CUST_002810,2025-06-26,2026-06-30,12,United States,Manufacturing,Small,Basic,Annual,47.52,1
CUST_002811,2023-11-22,2026-06-30,31,United States,Professional Services,Mid-Market,Pro,Annual,109.94,0
CUST_002812,2025-01-03,2026-06-30,17,United Kingdom,Professional Services,Small,Basic,Monthly,49.46,0
CUST_002813,2025-06-10,2026-06-30,12,Germany,Healthcare,Small,Pro,Monthly,112.99,1
CUST_002814,2021-09-03,2026-06-30,57,United States,Healthcare,Small,Pro,Annual,109.97,1
CUST_002815,2025-06-07,2026-06-30,12,United Kingdom,Professional Services,Small,Enterprise,Annual,583.91,1
CUST_002816,2025-12-13,2026-06-30,6,United States,Retail,Small,Basic,Monthly,49.59,1
CUST_002817,2023-02-07,2026-06-30,40,United Kingdom,Retail,Small,Basic,Monthly,49.9,1
CUST_002818,2022-02-25,2026-06-30,52,United Kingdom,Technology,Small,Basic,Monthly,51.29,0
CUST_002819,2025-10-15,2026-06-30,8,India,Healthcare,Small,Basic,Monthly,49.32,1
CUST_002820,2022-12-08,2026-06-30,42,Canada,Finance,Small,Basic,Monthly,51.96,0
CUST_002821,2023-10-04,2026-06-30,32,United Kingdom,Retail,Mid-Market,Enterprise,Monthly,546.31,0
CUST_002822,2022-05-03,2026-06-30,49,United Kingdom,Technology,Enterprise,Enterprise,Annual,580.73,1
CUST_002823,2025-10-16,2026-06-30,8,United States,Healthcare,Enterprise,Enterprise,Annual,593.28,1
CUST_002824,2021-08-14,2026-06-30,58,United States,Professional Services,Enterprise,Enterprise,Annual,579.03,1
CUST_002825,2023-05-16,2026-06-30,37,India,Healthcare,Enterprise,Enterprise,Annual,547.13,1
CUST_002826,2022-04-11,2026-06-30,50,United States,Professional Services,Small,Pro,Monthly,103.38,1
CUST_002827,2024-08-20,2026-06-30,22,Australia,Technology,Small,Basic,Monthly,46.29,0
CUST_002828,2021-10-11,2026-06-30,56,United States,Healthcare,Small,Basic,Monthly,47.35,0
CUST_002829,2023-05-03,2026-06-30,37,Australia,Healthcare,Small,Basic,Annual,50.85,1
CUST_002830,2025-10-16,2026-06-30,8,United States,Healthcare,Mid-Market,Pro,Annual,105.06,1
CUST_002831,2021-11-17,2026-06-30,55,India,Retail,Enterprise,Enterprise,Annual,582.06,1
CUST_002832,2022-07-03,2026-06-30,47,Germany,Technology,Mid-Market,Business,Monthly,236.09,0
CUST_002833,2024-12-09,2026-06-30,18,United States,Healthcare,Enterprise,Enterprise,Annual,574.64,1
CUST_002834,2023-09-25,2026-06-30,33,Germany,Technology,Mid-Market,Basic,Annual,51.73,1
CUST_002835,2024-07-04,2026-06-30,23,United Kingdom,Retail,Small,Basic,Monthly,51.87,0
CUST_002836,2023-09-29,2026-06-30,33,United States,Professional Services,Small,Pro,Monthly,100.67,1
CUST_002837,2021-09-02,2026-06-30,57,United States,Technology,Enterprise,Business,Monthly,252.08,1
CUST_002838,2021-12-30,2026-06-30,53,Germany,Healthcare,Mid-Market,Business,Annual,232.58,1
CUST_002839,2025-05-10,2026-06-30,13,Germany,Healthcare,Small,Pro,Monthly,101.3,1
CUST_002840,2021-08-21,2026-06-30,58,United States,Manufacturing,Small,Basic,Monthly,50.93,1
CUST_002841,2024-04-05,2026-06-30,26,India,Technology,Mid-Market,Business,Monthly,251.06,0
CUST_002842,2022-12-13,2026-06-30,42,United States,Healthcare,Mid-Market,Basic,Monthly,49.49,0
CUST_002843,2022-08-29,2026-06-30,46,United States,Manufacturing,Small,Pro,Monthly,93.89,0
CUST_002844,2024-01-16,2026-06-30,29,United Kingdom,Healthcare,Enterprise,Pro,Monthly,104.78,1
CUST_002845,2024-03-03,2026-06-30,27,United States,Manufacturing,Small,Basic,Monthly,45.67,0
CUST_002846,2024-03-03,2026-06-30,27,United States,Finance,Enterprise,Business,Monthly,248.79,1
CUST_002847,2022-03-05,2026-06-30,51,Canada,Professional Services,Mid-Market,Business,Annual,254.7,1
CUST_002848,2024-07-07,2026-06-30,23,United States,Technology,Mid-Market,Business,Annual,263.21,1
CUST_002849,2025-01-14,2026-06-30,17,United States,Technology,Enterprise,Enterprise,Annual,630.56,1
CUST_002850,2024-08-20,2026-06-30,22,Germany,Healthcare,Mid-Market,Business,Annual,263.18,0
CUST_002851,2025-06-16,2026-06-30,12,United Kingdom,Healthcare,Small,Pro,Monthly,97.5,1
CUST_002852,2024-06-28,2026-06-30,24,Australia,Retail,Enterprise,Enterprise,Monthly,668.6,0
CUST_002853,2025-11-08,2026-06-30,7,United Kingdom,Technology,Small,Basic,Monthly,51.67,0
CUST_002854,2025-12-21,2026-06-30,6,Canada,Technology,Small,Pro,Monthly,97.25,1
CUST_002855,2022-11-09,2026-06-30,43,United States,Manufacturing,Mid-Market,Pro,Monthly,97.57,1
CUST_002856,2026-01-13,2026-06-30,5,Australia,Finance,Small,Business,Annual,258.47,0
CUST_002857,2023-08-16,2026-06-30,34,United States,Manufacturing,Small,Business,Annual,243.18,1
CUST_002858,2022-08-01,2026-06-30,46,United States,Retail,Small,Basic,Monthly,45.87,0
CUST_002859,2022-11-08,2026-06-30,43,Australia,Technology,Small,Business,Monthly,250.03,1
CUST_002860,2024-03-22,2026-06-30,27,Germany,Manufacturing,Small,Basic,Monthly,43.43,1
CUST_002861,2025-06-18,2026-06-30,12,United Kingdom,Professional Services,Mid-Market,Business,Monthly,253.46,0
CUST_002862,2021-11-03,2026-06-30,55,United States,Manufacturing,Small,Pro,Monthly,102.16,1
CUST_002863,2022-04-23,2026-06-30,50,United States,Technology,Mid-Market,Pro,Monthly,97.68,0
CUST_002864,2023-05-29,2026-06-30,37,Canada,Healthcare,Small,Basic,Monthly,51.82,1
CUST_002865,2025-12-27,2026-06-30,6,Germany,Professional Services,Small,Pro,Monthly,103.22,1
CUST_002866,2026-03-29,2026-06-30,3,Canada,Retail,Small,Basic,Annual,46.5,1
CUST_002867,2024-11-12,2026-06-30,19,United States,Finance,Small,Basic,Monthly,49.11,0
CUST_002868,2025-08-22,2026-06-30,10,United States,Technology,Enterprise,Enterprise,Annual,583.44,1
CUST_002869,2022-03-09,2026-06-30,51,United Kingdom,Retail,Enterprise,Business,Annual,244.98,1
CUST_002870,2025-05-27,2026-06-30,13,Germany,Manufacturing,Small,Basic,Monthly,51.81,1
CUST_002871,2025-01-09,2026-06-30,17,United States,Professional Services,Small,Business,Annual,256.79,1
CUST_002872,2021-08-14,2026-06-30,58,United States,Professional Services,Mid-Market,Business,Annual,240.07,1
CUST_002873,2022-05-24,2026-06-30,49,United States,Finance,Small,Pro,Annual,100.11,1
CUST_002874,2025-05-04,2026-06-30,13,United States,Retail,Small,Basic,Annual,47.15,1
CUST_002875,2024-07-12,2026-06-30,23,United Kingdom,Technology,Small,Enterprise,Annual,584.48,1
CUST_002876,2023-11-18,2026-06-30,31,United States,Technology,Mid-Market,Pro,Monthly,106.62,1
CUST_002877,2023-02-24,2026-06-30,40,United Kingdom,Technology,Small,Basic,Monthly,55.24,0
CUST_002878,2021-10-24,2026-06-30,56,Australia,Professional Services,Enterprise,Business,Monthly,271.15,1
CUST_002879,2022-02-18,2026-06-30,52,India,Technology,Small,Pro,Annual,100.37,1
CUST_002880,2021-08-11,2026-06-30,58,India,Healthcare,Small,Basic,Monthly,49.45,0
CUST_002881,2026-03-20,2026-06-30,3,United States,Healthcare,Enterprise,Business,Annual,261.69,0
CUST_002882,2025-04-02,2026-06-30,14,United States,Finance,Small,Basic,Monthly,49.25,0
CUST_002883,2023-08-25,2026-06-30,34,United States,Healthcare,Small,Pro,Monthly,91.94,1
CUST_002884,2026-03-04,2026-06-30,3,Germany,Technology,Small,Basic,Monthly,53.46,1
CUST_002885,2024-09-01,2026-06-30,21,United States,Finance,Mid-Market,Business,Annual,234.21,1
CUST_002886,2025-08-29,2026-06-30,10,United States,Healthcare,Mid-Market,Pro,Annual,104.98,1
CUST_002887,2021-10-30,2026-06-30,55,United States,Manufacturing,Small,Basic,Monthly,50.86,1
CUST_002888,2026-02-07,2026-06-30,4,United States,Manufacturing,Small,Basic,Monthly,53.56,0
CUST_002889,2025-09-07,2026-06-30,9,Germany,Professional Services,Small,Business,Monthly,259.74,0
CUST_002890,2025-06-15,2026-06-30,12,United Kingdom,Finance,Small,Pro,Monthly,96.09,0
CUST_002891,2025-09-07,2026-06-30,9,United Kingdom,Technology,Small,Basic,Monthly,51.66,1
CUST_002892,2023-08-15,2026-06-30,34,India,Healthcare,Small,Basic,Monthly,48.11,0
CUST_002893,2024-08-15,2026-06-30,22,United States,Professional Services,Small,Basic,Monthly,46.61,0
CUST_002894,2021-12-06,2026-06-30,54,United States,Technology,Mid-Market,Business,Annual,226.2,1
CUST_002895,2025-02-17,2026-06-30,16,United States,Technology,Mid-Market,Business,Annual,247.46,1
CUST_002896,2023-10-10,2026-06-30,32,United Kingdom,Professional Services,Mid-Market,Basic,Monthly,44.86,0
CUST_002897,2023-03-04,2026-06-30,39,United Kingdom,Professional Services,Mid-Market,Enterprise,Annual,642.03,1
CUST_002898,2023-05-04,2026-06-30,37,United States,Technology,Small,Basic,Monthly,45.15,0
CUST_002899,2022-07-02,2026-06-30,47,India,Manufacturing,Mid-Market,Pro,Annual,97.12,1
CUST_002900,2025-06-03,2026-06-30,12,United States,Healthcare,Small,Basic,Monthly,48.17,1
CUST_002901,2023-12-03,2026-06-30,30,United States,Healthcare,Mid-Market,Pro,Monthly,99.85,0
CUST_002902,2022-06-24,2026-06-30,48,United Kingdom,Healthcare,Small,Pro,Annual,94.71,1
CUST_002903,2022-03-04,2026-06-30,51,India,Professional Services,Mid-Market,Business,Annual,263.13,1
CUST_002904,2023-05-19,2026-06-30,37,United Kingdom,Technology,Enterprise,Enterprise,Annual,603.88,1
CUST_002905,2023-03-18,2026-06-30,39,India,Manufacturing,Small,Basic,Monthly,48.96,0
CUST_002906,2022-03-02,2026-06-30,51,United States,Technology,Small,Basic,Monthly,47.41,1
CUST_002907,2023-05-06,2026-06-30,37,United Kingdom,Retail,Enterprise,Business,Monthly,255.84,1
CUST_002908,2021-10-01,2026-06-30,56,Australia,Retail,Small,Basic,Monthly,52.42,0
CUST_002909,2025-10-14,2026-06-30,8,Canada,Manufacturing,Small,Basic,Monthly,55.6,1
CUST_002910,2024-09-14,2026-06-30,21,United States,Professional Services,Small,Basic,Monthly,46.69,1
CUST_002911,2025-11-11,2026-06-30,7,India,Manufacturing,Small,Enterprise,Annual,594.91,1
CUST_002912,2025-12-20,2026-06-30,6,United States,Manufacturing,Small,Pro,Monthly,89.56,0
CUST_002913,2024-02-04,2026-06-30,28,Canada,Finance,Mid-Market,Basic,Monthly,50.67,0
CUST_002914,2025-04-21,2026-06-30,14,India,Professional Services,Mid-Market,Business,Annual,232.0,1
CUST_002915,2024-05-31,2026-06-30,24,India,Healthcare,Small,Basic,Annual,49.67,1
CUST_002916,2024-04-06,2026-06-30,26,India,Healthcare,Mid-Market,Business,Annual,264.37,0
CUST_002917,2023-05-13,2026-06-30,37,India,Healthcare,Mid-Market,Enterprise,Annual,586.66,1
CUST_002918,2021-10-07,2026-06-30,56,United States,Finance,Small,Basic,Annual,46.72,1
CUST_002919,2022-03-29,2026-06-30,51,India,Retail,Mid-Market,Enterprise,Annual,638.48,1
CUST_002920,2024-07-21,2026-06-30,23,Canada,Finance,Small,Basic,Annual,50.74,1
CUST_002921,2024-10-24,2026-06-30,20,United Kingdom,Technology,Small,Basic,Monthly,46.23,0
CUST_002922,2022-08-17,2026-06-30,46,United States,Professional Services,Mid-Market,Business,Annual,250.74,1
CUST_002923,2025-10-22,2026-06-30,8,Australia,Professional Services,Mid-Market,Business,Monthly,238.37,1
CUST_002924,2023-10-04,2026-06-30,32,United Kingdom,Healthcare,Enterprise,Business,Annual,262.2,1
CUST_002925,2024-05-02,2026-06-30,25,Australia,Professional Services,Small,Basic,Monthly,49.3,1
CUST_002926,2025-07-07,2026-06-30,11,United States,Healthcare,Small,Basic,Monthly,52.74,1
CUST_002927,2023-05-21,2026-06-30,37,United States,Finance,Small,Basic,Monthly,46.72,1
CUST_002928,2024-11-02,2026-06-30,19,Canada,Professional Services,Small,Basic,Annual,49.56,1
CUST_002929,2025-07-02,2026-06-30,11,United States,Retail,Small,Basic,Annual,48.97,1
CUST_002930,2023-03-16,2026-06-30,39,Germany,Manufacturing,Small,Business,Annual,252.17,1
CUST_002931,2025-07-23,2026-06-30,11,United States,Healthcare,Mid-Market,Business,Annual,241.95,1
CUST_002932,2023-02-09,2026-06-30,40,United Kingdom,Healthcare,Small,Business,Annual,220.98,1
CUST_002933,2025-08-14,2026-06-30,10,United States,Technology,Small,Basic,Monthly,50.66,0
CUST_002934,2024-04-11,2026-06-30,26,United States,Professional Services,Small,Basic,Annual,49.13,1
CUST_002935,2022-06-11,2026-06-30,48,United Kingdom,Technology,Mid-Market,Business,Monthly,238.65,0
CUST_002936,2025-04-16,2026-06-30,14,United States,Healthcare,Small,Pro,Annual,96.52,1
CUST_002937,2022-08-23,2026-06-30,46,United States,Technology,Small,Pro,Monthly,93.21,0
CUST_002938,2022-11-13,2026-06-30,43,United States,Retail,Small,Basic,Annual,44.45,0
CUST_002939,2021-12-23,2026-06-30,54,United States,Finance,Small,Pro,Annual,104.14,0
CUST_002940,2025-08-01,2026-06-30,10,United Kingdom,Manufacturing,Small,Basic,Monthly,50.4,1
CUST_002941,2022-11-25,2026-06-30,43,United States,Healthcare,Mid-Market,Pro,Monthly,92.31,1
CUST_002942,2021-10-23,2026-06-30,56,United States,Technology,Small,Basic,Monthly,55.19,1
CUST_002943,2022-08-31,2026-06-30,45,Germany,Technology,Small,Basic,Monthly,46.24,0
CUST_002944,2025-06-28,2026-06-30,12,Canada,Technology,Small,Basic,Monthly,50.75,1
CUST_002945,2022-05-17,2026-06-30,49,United Kingdom,Manufacturing,Small,Enterprise,Annual,599.11,1
CUST_002946,2025-11-20,2026-06-30,7,United States,Professional Services,Enterprise,Enterprise,Annual,561.17,1
CUST_002947,2023-07-10,2026-06-30,35,India,Finance,Mid-Market,Basic,Monthly,49.86,0
CUST_002948,2023-12-20,2026-06-30,30,Canada,Healthcare,Small,Basic,Monthly,48.55,1
CUST_002949,2023-10-21,2026-06-30,32,United States,Technology,Mid-Market,Pro,Annual,95.85,0
CUST_002950,2023-11-11,2026-06-30,31,India,Professional Services,Small,Business,Annual,265.42,0
CUST_002951,2026-04-05,2026-06-30,2,United Kingdom,Professional Services,Small,Pro,Annual,102.09,1
CUST_002952,2023-12-01,2026-06-30,30,United Kingdom,Manufacturing,Small,Basic,Monthly,50.76,1
CUST_002953,2021-10-23,2026-06-30,56,India,Technology,Mid-Market,Enterprise,Annual,592.55,0
CUST_002954,2024-04-08,2026-06-30,26,United States,Healthcare,Mid-Market,Pro,Monthly,100.74,0
CUST_002955,2025-01-19,2026-06-30,17,Australia,Professional Services,Small,Pro,Monthly,98.87,1
CUST_002956,2021-07-11,2026-06-30,59,Germany,Technology,Mid-Market,Business,Annual,255.22,1
CUST_002957,2025-12-05,2026-06-30,6,United States,Retail,Small,Pro,Monthly,94.19,0
CUST_002958,2024-01-10,2026-06-30,29,United States,Professional Services,Small,Business,Annual,219.44,1
CUST_002959,2023-11-23,2026-06-30,31,United States,Manufacturing,Small,Basic,Monthly,52.32,0
CUST_002960,2024-01-25,2026-06-30,29,India,Retail,Small,Basic,Monthly,48.96,1
CUST_002961,2021-11-19,2026-06-30,55,United States,Healthcare,Small,Basic,Monthly,50.4,1
CUST_002962,2024-05-04,2026-06-30,25,United States,Professional Services,Enterprise,Business,Annual,240.48,1
CUST_002963,2021-08-18,2026-06-30,58,Germany,Finance,Small,Basic,Monthly,48.45,1
CUST_002964,2026-02-01,2026-06-30,4,Germany,Professional Services,Small,Basic,Monthly,52.72,1
CUST_002965,2022-10-22,2026-06-30,44,United States,Healthcare,Small,Basic,Annual,49.89,1
CUST_002966,2023-07-02,2026-06-30,35,Australia,Manufacturing,Small,Basic,Annual,54.4,1
CUST_002967,2025-03-26,2026-06-30,15,Canada,Professional Services,Small,Business,Annual,260.1,1
CUST_002968,2025-04-17,2026-06-30,14,Australia,Retail,Small,Basic,Monthly,47.36,1
CUST_002969,2022-11-17,2026-06-30,43,United States,Finance,Small,Basic,Monthly,50.08,0
CUST_002970,2023-04-13,2026-06-30,38,United States,Technology,Small,Basic,Monthly,53.12,0
CUST_002971,2023-05-30,2026-06-30,37,United Kingdom,Manufacturing,Small,Business,Annual,251.74,1
CUST_002972,2026-03-01,2026-06-30,3,United States,Retail,Mid-Market,Pro,Monthly,102.19,1
CUST_002973,2023-06-23,2026-06-30,36,United Kingdom,Finance,Enterprise,Business,Annual,266.59,1
CUST_002974,2021-08-04,2026-06-30,58,United States,Professional Services,Small,Basic,Monthly,43.25,0
CUST_002975,2026-04-30,2026-06-30,2,Australia,Professional Services,Mid-Market,Pro,Monthly,102.47,0
CUST_002976,2024-02-10,2026-06-30,28,India,Professional Services,Mid-Market,Enterprise,Annual,639.34,1
CUST_002977,2023-12-26,2026-06-30,30,Australia,Retail,Mid-Market,Business,Annual,239.44,1
CUST_002978,2022-01-03,2026-06-30,53,India,Professional Services,Mid-Market,Pro,Annual,104.17,1
CUST_002979,2025-01-09,2026-06-30,17,India,Professional Services,Small,Basic,Monthly,48.99,1
CUST_002980,2024-01-29,2026-06-30,29,Canada,Technology,Enterprise,Business,Annual,227.93,1
CUST_002981,2022-11-21,2026-06-30,43,United States,Professional Services,Small,Basic,Monthly,50.94,1
CUST_002982,2026-02-12,2026-06-30,4,India,Healthcare,Small,Basic,Annual,48.98,1
CUST_002983,2022-06-24,2026-06-30,48,India,Professional Services,Mid-Market,Business,Annual,248.07,1
CUST_002984,2022-05-17,2026-06-30,49,India,Manufacturing,Enterprise,Business,Monthly,257.04,0
CUST_002985,2022-11-17,2026-06-30,43,Germany,Retail,Small,Basic,Monthly,46.67,0
CUST_002986,2023-03-25,2026-06-30,39,United States,Finance,Enterprise,Enterprise,Annual,622.12,1
CUST_002987,2022-09-28,2026-06-30,45,India,Technology,Mid-Market,Business,Annual,237.64,1
CUST_002988,2022-07-28,2026-06-30,47,India,Finance,Mid-Market,Business,Annual,267.84,1
CUST_002989,2021-12-22,2026-06-30,54,United Kingdom,Retail,Mid-Market,Business,Annual,263.18,1
CUST_002990,2024-04-23,2026-06-30,26,India,Professional Services,Mid-Market,Business,Monthly,268.15,0
CUST_002991,2024-03-04,2026-06-30,27,United Kingdom,Technology,Small,Business,Annual,254.78,0
CUST_002992,2023-04-12,2026-06-30,38,India,Technology,Mid-Market,Pro,Monthly,96.9,1
CUST_002993,2025-06-19,2026-06-30,12,United States,Retail,Small,Business,Monthly,240.03,0
CUST_002994,2022-03-17,2026-06-30,51,India,Finance,Enterprise,Enterprise,Annual,575.62,1
CUST_002995,2022-08-17,2026-06-30,46,United States,Technology,Mid-Market,Business,Annual,246.85,0
CUST_002996,2023-04-25,2026-06-30,38,United States,Technology,Mid-Market,Business,Monthly,240.46,1
CUST_002997,2024-12-06,2026-06-30,18,United States,Retail,Small,Basic,Monthly,49.8,1
CUST_002998,2024-09-14,2026-06-30,21,Canada,Retail,Small,Basic,Monthly,47.03,1
CUST_002999,2024-04-11,2026-06-30,26,United States,Professional Services,Small,Pro,Monthly,95.92,1
CUST_003000,2023-02-27,2026-06-30,40,India,Finance,Small,Business,Annual,244.26,1
CUST_003001,2022-08-04,2026-06-30,46,United Kingdom,Technology,Mid-Market,Pro,Annual,95.16,1
CUST_003002,2023-02-11,2026-06-30,40,India,Manufacturing,Enterprise,Enterprise,Annual,588.75,1
CUST_003003,2021-11-04,2026-06-30,55,United States,Professional Services,Mid-Market,Pro,Monthly,101.89,1
CUST_003004,2021-09-10,2026-06-30,57,United States,Finance,Small,Business,Annual,238.0,1
CUST_003005,2022-12-13,2026-06-30,42,Australia,Professional Services,Enterprise,Enterprise,Annual,562.95,1
CUST_003006,2024-08-04,2026-06-30,22,Germany,Manufacturing,Enterprise,Enterprise,Annual,593.66,1
CUST_003007,2023-06-21,2026-06-30,36,United Kingdom,Professional Services,Mid-Market,Business,Monthly,234.82,0
CUST_003008,2024-04-28,2026-06-30,26,Australia,Healthcare,Small,Business,Annual,265.64,1
CUST_003009,2023-04-28,2026-06-30,38,Australia,Technology,Mid-Market,Basic,Monthly,47.29,1
CUST_003010,2022-06-04,2026-06-30,48,United Kingdom,Technology,Small,Basic,Monthly,49.12,1
CUST_003011,2024-08-07,2026-06-30,22,India,Manufacturing,Small,Pro,Annual,101.25,1
CUST_003012,2023-12-06,2026-06-30,30,Germany,Professional Services,Mid-Market,Pro,Monthly,92.75,1
CUST_003013,2026-03-11,2026-06-30,3,Germany,Healthcare,Mid-Market,Business,Annual,238.48,1
CUST_003014,2022-10-17,2026-06-30,44,United States,Technology,Small,Basic,Monthly,47.46,1
CUST_003015,2024-01-03,2026-06-30,29,United States,Technology,Enterprise,Enterprise,Annual,622.44,0
CUST_003016,2024-02-26,2026-06-30,28,United States,Retail,Enterprise,Enterprise,Annual,653.85,1
CUST_003017,2023-10-19,2026-06-30,32,Germany,Professional Services,Mid-Market,Pro,Monthly,108.19,1
CUST_003018,2025-05-10,2026-06-30,13,Germany,Finance,Small,Pro,Monthly,105.3,1
CUST_003019,2023-06-23,2026-06-30,36,United States,Retail,Small,Basic,Annual,45.96,1
CUST_003020,2022-10-02,2026-06-30,44,United Kingdom,Healthcare,Mid-Market,Business,Annual,238.09,1
CUST_003021,2024-09-11,2026-06-30,21,United States,Professional Services,Mid-Market,Pro,Monthly,105.87,0
CUST_003022,2025-10-08,2026-06-30,8,United States,Professional Services,Small,Basic,Monthly,52.74,0
CUST_003023,2024-07-06,2026-06-30,23,India,Technology,Small,Basic,Monthly,50.95,1
CUST_003024,2025-06-09,2026-06-30,12,Canada,Retail,Small,Basic,Monthly,50.97,0
CUST_003025,2024-07-29,2026-06-30,23,United States,Professional Services,Small,Pro,Annual,96.88,1
CUST_003026,2023-05-02,2026-06-30,37,Canada,Professional Services,Mid-Market,Pro,Annual,107.49,1
CUST_003027,2025-11-09,2026-06-30,7,United States,Retail,Small,Business,Annual,239.9,1
CUST_003028,2022-09-28,2026-06-30,45,Germany,Technology,Small,Pro,Monthly,91.03,1
CUST_003029,2025-04-23,2026-06-30,14,India,Retail,Small,Pro,Monthly,102.97,0
CUST_003030,2022-01-07,2026-06-30,53,United Kingdom,Retail,Enterprise,Enterprise,Monthly,581.55,1
CUST_003031,2022-10-25,2026-06-30,44,United Kingdom,Finance,Small,Business,Monthly,232.83,1
CUST_003032,2025-01-27,2026-06-30,17,United States,Professional Services,Small,Pro,Monthly,103.35,1
CUST_003033,2023-08-25,2026-06-30,34,United Kingdom,Technology,Mid-Market,Business,Monthly,226.24,1
CUST_003034,2025-11-14,2026-06-30,7,United States,Professional Services,Enterprise,Business,Monthly,254.66,1
CUST_003035,2025-12-03,2026-06-30,6,United States,Healthcare,Small,Pro,Monthly,96.79,0
CUST_003036,2021-09-18,2026-06-30,57,India,Technology,Small,Pro,Monthly,106.93,0
CUST_003037,2022-06-21,2026-06-30,48,Canada,Healthcare,Mid-Market,Business,Annual,254.69,1
CUST_003038,2025-08-27,2026-06-30,10,Canada,Retail,Small,Basic,Monthly,51.63,1
CUST_003039,2025-01-09,2026-06-30,17,United States,Professional Services,Enterprise,Business,Annual,235.5,1
CUST_003040,2025-06-11,2026-06-30,12,Australia,Healthcare,Mid-Market,Business,Annual,227.91,1
CUST_003041,2024-06-21,2026-06-30,24,United States,Technology,Small,Pro,Annual,97.21,1
CUST_003042,2024-12-25,2026-06-30,18,Canada,Professional Services,Enterprise,Pro,Monthly,102.03,1
CUST_003043,2024-10-20,2026-06-30,20,Australia,Retail,Mid-Market,Pro,Monthly,99.35,1
CUST_003044,2023-10-24,2026-06-30,32,Canada,Finance,Small,Enterprise,Annual,633.47,1
CUST_003045,2025-06-26,2026-06-30,12,India,Professional Services,Small,Basic,Monthly,50.34,1
CUST_003046,2022-01-28,2026-06-30,53,United States,Technology,Mid-Market,Business,Monthly,235.93,0
CUST_003047,2022-11-02,2026-06-30,43,Germany,Technology,Enterprise,Enterprise,Annual,612.92,1
CUST_003048,2022-09-04,2026-06-30,45,India,Healthcare,Small,Basic,Monthly,49.42,1
CUST_003049,2025-07-31,2026-06-30,10,United Kingdom,Retail,Small,Basic,Monthly,52.11,1
CUST_003050,2022-12-07,2026-06-30,42,Germany,Healthcare,Enterprise,Business,Annual,237.47,1
CUST_003051,2022-04-21,2026-06-30,50,United States,Professional Services,Small,Basic,Monthly,47.38,0
CUST_003052,2025-07-21,2026-06-30,11,Germany,Finance,Small,Basic,Monthly,49.97,0
CUST_003053,2022-09-21,2026-06-30,45,India,Professional Services,Small,Pro,Annual,106.0,1
CUST_003054,2024-08-27,2026-06-30,22,Germany,Technology,Mid-Market,Enterprise,Annual,593.03,0
CUST_003055,2022-07-18,2026-06-30,47,India,Technology,Mid-Market,Business,Annual,256.43,1
CUST_003056,2024-01-24,2026-06-30,29,United Kingdom,Technology,Small,Basic,Monthly,49.09,0
CUST_003057,2022-06-22,2026-06-30,48,United Kingdom,Technology,Small,Basic,Monthly,48.9,1
CUST_003058,2025-09-09,2026-06-30,9,United States,Healthcare,Mid-Market,Pro,Monthly,104.7,0
CUST_003059,2024-07-02,2026-06-30,23,Germany,Professional Services,Mid-Market,Business,Monthly,250.37,0
CUST_003060,2025-01-26,2026-06-30,17,India,Professional Services,Small,Basic,Monthly,47.92,1
CUST_003061,2025-03-12,2026-06-30,15,United Kingdom,Manufacturing,Small,Pro,Annual,96.52,1
CUST_003062,2024-11-24,2026-06-30,19,United States,Technology,Mid-Market,Business,Annual,245.18,1
CUST_003063,2024-07-14,2026-06-30,23,United Kingdom,Professional Services,Small,Basic,Monthly,47.3,1
CUST_003064,2025-10-15,2026-06-30,8,Germany,Finance,Small,Basic,Monthly,48.42,1
CUST_003065,2022-12-09,2026-06-30,42,India,Manufacturing,Enterprise,Enterprise,Annual,600.76,0
CUST_003066,2023-09-17,2026-06-30,33,United States,Manufacturing,Enterprise,Enterprise,Annual,607.59,1
CUST_003067,2022-05-04,2026-06-30,49,United States,Technology,Small,Basic,Monthly,46.59,1
CUST_003068,2022-12-13,2026-06-30,42,Canada,Healthcare,Enterprise,Enterprise,Annual,586.4,1
CUST_003069,2025-09-06,2026-06-30,9,United States,Professional Services,Mid-Market,Pro,Monthly,97.16,1
CUST_003070,2026-01-26,2026-06-30,5,India,Finance,Enterprise,Enterprise,Annual,576.14,1
CUST_003071,2024-05-03,2026-06-30,25,Canada,Manufacturing,Enterprise,Enterprise,Monthly,581.65,0
CUST_003072,2024-01-19,2026-06-30,29,United Kingdom,Professional Services,Mid-Market,Business,Monthly,260.21,1
CUST_003073,2025-03-26,2026-06-30,15,United States,Finance,Small,Basic,Monthly,52.34,1
CUST_003074,2022-07-27,2026-06-30,47,Canada,Finance,Small,Business,Annual,245.1,0
CUST_003075,2023-07-23,2026-06-30,35,India,Healthcare,Small,Pro,Monthly,95.48,0
CUST_003076,2022-09-27,2026-06-30,45,Canada,Manufacturing,Small,Basic,Monthly,48.8,0
CUST_003077,2025-11-17,2026-06-30,7,United States,Healthcare,Mid-Market,Business,Annual,250.05,1
CUST_003078,2022-05-29,2026-06-30,49,United States,Healthcare,Small,Basic,Monthly,50.7,1
CUST_003079,2025-05-27,2026-06-30,13,India,Technology,Mid-Market,Business,Annual,244.07,1
CUST_003080,2024-03-18,2026-06-30,27,India,Professional Services,Enterprise,Enterprise,Annual,582.77,1
CUST_003081,2024-04-03,2026-06-30,26,United States,Professional Services,Small,Basic,Monthly,55.01,1
CUST_003082,2022-05-20,2026-06-30,49,United Kingdom,Retail,Mid-Market,Pro,Annual,92.6,1
CUST_003083,2025-01-20,2026-06-30,17,United States,Professional Services,Mid-Market,Business,Annual,260.22,1
CUST_003084,2025-03-25,2026-06-30,15,United Kingdom,Retail,Mid-Market,Business,Annual,267.55,1
CUST_003085,2024-09-29,2026-06-30,20,United States,Professional Services,Enterprise,Enterprise,Annual,591.4,1
CUST_003086,2024-08-22,2026-06-30,22,Australia,Technology,Small,Pro,Monthly,101.18,1
CUST_003087,2025-07-09,2026-06-30,11,India,Technology,Small,Basic,Monthly,44.89,0
CUST_003088,2025-07-19,2026-06-30,11,United States,Professional Services,Small,Basic,Monthly,49.06,1
CUST_003089,2025-04-11,2026-06-30,14,Canada,Healthcare,Small,Business,Annual,263.44,1
CUST_003090,2024-02-12,2026-06-30,28,United States,Finance,Small,Pro,Monthly,99.6,0
CUST_003091,2024-09-22,2026-06-30,21,United States,Manufacturing,Mid-Market,Basic,Annual,49.09,0
CUST_003092,2024-06-27,2026-06-30,24,United States,Retail,Mid-Market,Business,Annual,270.59,1
CUST_003093,2022-11-18,2026-06-30,43,United States,Finance,Small,Basic,Monthly,51.01,1
CUST_003094,2025-03-25,2026-06-30,15,India,Finance,Small,Basic,Monthly,50.74,0
CUST_003095,2021-12-10,2026-06-30,54,United States,Healthcare,Small,Enterprise,Annual,574.72,1
CUST_003096,2022-09-20,2026-06-30,45,India,Technology,Small,Basic,Annual,43.01,1
CUST_003097,2025-07-22,2026-06-30,11,United States,Technology,Small,Basic,Monthly,49.91,1
CUST_003098,2024-11-14,2026-06-30,19,United Kingdom,Healthcare,Small,Pro,Monthly,99.03,0
CUST_003099,2025-07-06,2026-06-30,11,Canada,Manufacturing,Mid-Market,Pro,Monthly,102.77,0
CUST_003100,2025-01-27,2026-06-30,17,India,Healthcare,Enterprise,Business,Annual,250.55,1
CUST_003101,2024-08-13,2026-06-30,22,United States,Finance,Small,Pro,Annual,99.22,1
CUST_003102,2025-10-09,2026-06-30,8,United States,Retail,Mid-Market,Pro,Annual,99.15,0
CUST_003103,2026-05-06,2026-06-30,1,Germany,Technology,Enterprise,Business,Annual,235.18,1
CUST_003104,2024-04-04,2026-06-30,26,Germany,Finance,Small,Basic,Monthly,44.48,1
CUST_003105,2022-12-20,2026-06-30,42,Germany,Technology,Small,Business,Annual,237.97,1
CUST_003106,2024-12-04,2026-06-30,18,United States,Retail,Small,Pro,Monthly,93.54,1
CUST_003107,2022-03-09,2026-06-30,51,United States,Technology,Small,Basic,Monthly,48.89,0
CUST_003108,2024-08-07,2026-06-30,22,Australia,Healthcare,Small,Basic,Annual,45.0,0
CUST_003109,2021-12-27,2026-06-30,54,United Kingdom,Retail,Mid-Market,Business,Monthly,243.08,0
CUST_003110,2025-04-03,2026-06-30,14,United Kingdom,Professional Services,Small,Basic,Annual,53.73,1
CUST_003111,2023-10-06,2026-06-30,32,United States,Manufacturing,Small,Basic,Monthly,48.82,1
CUST_003112,2022-08-31,2026-06-30,45,United States,Professional Services,Small,Basic,Monthly,49.12,0
CUST_003113,2026-02-15,2026-06-30,4,India,Retail,Small,Basic,Annual,49.04,1
CUST_003114,2021-11-04,2026-06-30,55,Germany,Finance,Small,Business,Annual,251.64,1
CUST_003115,2024-08-14,2026-06-30,22,United States,Technology,Small,Basic,Monthly,47.71,1
CUST_003116,2023-12-20,2026-06-30,30,India,Technology,Small,Basic,Monthly,48.6,1
CUST_003117,2023-04-29,2026-06-30,38,United Kingdom,Finance,Small,Pro,Monthly,96.32,0
CUST_003118,2023-04-03,2026-06-30,38,United States,Technology,Mid-Market,Business,Annual,230.41,1
CUST_003119,2026-04-19,2026-06-30,2,United States,Finance,Small,Basic,Monthly,51.87,0
CUST_003120,2022-02-25,2026-06-30,52,Germany,Manufacturing,Mid-Market,Business,Annual,238.02,0
CUST_003121,2023-05-08,2026-06-30,37,United States,Retail,Mid-Market,Business,Annual,268.93,1
CUST_003122,2021-07-04,2026-06-30,59,United Kingdom,Finance,Small,Basic,Monthly,47.13,1
CUST_003123,2024-02-05,2026-06-30,28,Germany,Healthcare,Small,Pro,Annual,92.28,1
CUST_003124,2023-05-26,2026-06-30,37,United States,Technology,Mid-Market,Business,Annual,273.1,1
CUST_003125,2024-03-31,2026-06-30,26,India,Healthcare,Small,Basic,Annual,45.37,1
CUST_003126,2022-01-15,2026-06-30,53,United States,Healthcare,Mid-Market,Enterprise,Annual,531.17,1
CUST_003127,2022-04-28,2026-06-30,50,Canada,Finance,Mid-Market,Enterprise,Annual,555.68,1
CUST_003128,2021-12-13,2026-06-30,54,Germany,Finance,Small,Basic,Monthly,48.66,1
CUST_003129,2023-12-08,2026-06-30,30,United Kingdom,Professional Services,Small,Basic,Annual,45.72,1
CUST_003130,2022-07-11,2026-06-30,47,Canada,Healthcare,Mid-Market,Enterprise,Annual,582.15,1
CUST_003131,2024-08-25,2026-06-30,22,United Kingdom,Retail,Mid-Market,Business,Annual,223.68,1
CUST_003132,2024-02-24,2026-06-30,28,India,Technology,Small,Basic,Annual,51.66,1
CUST_003133,2022-09-05,2026-06-30,45,Australia,Technology,Mid-Market,Business,Monthly,254.23,1
CUST_003134,2026-01-06,2026-06-30,5,Australia,Finance,Small,Pro,Monthly,92.73,0
CUST_003135,2022-12-03,2026-06-30,42,United States,Professional Services,Enterprise,Business,Annual,220.17,1
CUST_003136,2026-05-03,2026-06-30,1,Canada,Technology,Mid-Market,Pro,Monthly,94.53,1
CUST_003137,2023-07-24,2026-06-30,35,United Kingdom,Finance,Small,Pro,Annual,102.22,1
CUST_003138,2024-01-26,2026-06-30,29,United States,Professional Services,Small,Business,Monthly,262.41,0
CUST_003139,2024-02-10,2026-06-30,28,Germany,Healthcare,Small,Basic,Monthly,48.42,1
CUST_003140,2023-12-26,2026-06-30,30,United States,Finance,Mid-Market,Pro,Monthly,96.52,0
CUST_003141,2023-12-30,2026-06-30,29,United States,Retail,Small,Basic,Monthly,47.58,0
CUST_003142,2024-05-30,2026-06-30,25,United States,Healthcare,Small,Basic,Monthly,49.75,1
CUST_003143,2024-03-12,2026-06-30,27,United States,Professional Services,Mid-Market,Pro,Monthly,103.36,0
CUST_003144,2023-08-16,2026-06-30,34,United States,Technology,Small,Pro,Annual,98.29,1
CUST_003145,2022-08-30,2026-06-30,45,United Kingdom,Manufacturing,Small,Basic,Monthly,48.08,0
CUST_003146,2023-09-13,2026-06-30,33,United Kingdom,Finance,Mid-Market,Business,Annual,258.72,0
CUST_003147,2023-04-04,2026-06-30,38,United States,Manufacturing,Small,Pro,Annual,106.4,1
CUST_003148,2022-04-21,2026-06-30,50,United States,Professional Services,Mid-Market,Business,Monthly,245.43,0
CUST_003149,2021-07-20,2026-06-30,59,Australia,Professional Services,Small,Basic,Monthly,49.21,0
CUST_003150,2025-11-17,2026-06-30,7,United States,Professional Services,Small,Pro,Monthly,95.28,0
CUST_003151,2022-11-29,2026-06-30,43,Canada,Manufacturing,Small,Basic,Monthly,49.2,1
CUST_003152,2025-04-22,2026-06-30,14,United Kingdom,Technology,Small,Basic,Monthly,46.73,0
CUST_003153,2025-06-12,2026-06-30,12,United Kingdom,Technology,Enterprise,Enterprise,Annual,641.58,1
CUST_003154,2022-07-08,2026-06-30,47,India,Finance,Small,Pro,Annual,103.39,1
CUST_003155,2026-01-28,2026-06-30,5,United Kingdom,Healthcare,Small,Pro,Annual,107.6,1
CUST_003156,2022-04-01,2026-06-30,50,India,Finance,Enterprise,Business,Monthly,242.03,1
CUST_003157,2022-08-17,2026-06-30,46,India,Manufacturing,Small,Pro,Annual,109.25,0
CUST_003158,2021-07-11,2026-06-30,59,United States,Manufacturing,Enterprise,Business,Monthly,252.04,0
CUST_003159,2023-02-18,2026-06-30,40,United States,Professional Services,Small,Pro,Monthly,98.34,1
CUST_003160,2022-02-15,2026-06-30,52,United States,Healthcare,Small,Basic,Monthly,52.08,1
CUST_003161,2025-10-31,2026-06-30,7,United States,Manufacturing,Small,Pro,Monthly,93.95,1
CUST_003162,2022-01-15,2026-06-30,53,United Kingdom,Manufacturing,Small,Business,Annual,249.42,1
CUST_003163,2025-08-17,2026-06-30,10,United States,Professional Services,Enterprise,Business,Annual,247.05,1
CUST_003164,2024-11-13,2026-06-30,19,United States,Manufacturing,Enterprise,Enterprise,Annual,611.51,1
CUST_003165,2025-10-13,2026-06-30,8,United States,Finance,Mid-Market,Business,Annual,243.48,1
CUST_003166,2024-06-10,2026-06-30,24,Germany,Technology,Small,Basic,Monthly,47.68,1
CUST_003167,2022-09-25,2026-06-30,45,Germany,Professional Services,Small,Basic,Monthly,48.07,1
CUST_003168,2025-02-04,2026-06-30,16,India,Manufacturing,Small,Basic,Monthly,48.29,1
CUST_003169,2022-05-17,2026-06-30,49,United States,Manufacturing,Small,Basic,Monthly,49.19,0
CUST_003170,2023-06-08,2026-06-30,36,United States,Manufacturing,Small,Basic,Monthly,52.16,1
CUST_003171,2023-04-29,2026-06-30,38,India,Manufacturing,Small,Pro,Monthly,88.33,1
CUST_003172,2021-10-19,2026-06-30,56,Germany,Manufacturing,Small,Basic,Monthly,50.88,0
CUST_003173,2024-04-16,2026-06-30,26,United Kingdom,Professional Services,Mid-Market,Business,Annual,243.12,1
CUST_003174,2024-09-20,2026-06-30,21,United Kingdom,Professional Services,Small,Pro,Annual,98.11,1
CUST_003175,2021-07-11,2026-06-30,59,United States,Finance,Small,Pro,Monthly,93.62,0
CUST_003176,2023-09-05,2026-06-30,33,India,Technology,Small,Basic,Monthly,49.11,1
CUST_003177,2023-05-24,2026-06-30,37,United Kingdom,Technology,Mid-Market,Business,Annual,244.13,1
CUST_003178,2024-12-16,2026-06-30,18,United Kingdom,Healthcare,Mid-Market,Pro,Monthly,97.89,1
CUST_003179,2025-05-10,2026-06-30,13,United Kingdom,Professional Services,Small,Pro,Monthly,101.89,1
CUST_003180,2025-07-31,2026-06-30,10,United States,Professional Services,Enterprise,Pro,Monthly,102.15,1
CUST_003181,2025-04-25,2026-06-30,14,United States,Healthcare,Mid-Market,Pro,Annual,106.03,1
CUST_003182,2025-06-15,2026-06-30,12,Germany,Finance,Small,Business,Annual,241.63,1
CUST_003183,2022-09-29,2026-06-30,45,Canada,Healthcare,Small,Basic,Monthly,50.67,0
CUST_003184,2026-02-16,2026-06-30,4,United States,Professional Services,Enterprise,Business,Annual,256.89,0
CUST_003185,2023-04-28,2026-06-30,38,United States,Retail,Small,Basic,Annual,49.22,1
CUST_003186,2021-10-01,2026-06-30,56,India,Technology,Small,Basic,Monthly,53.13,1
CUST_003187,2022-08-26,2026-06-30,46,United States,Finance,Small,Pro,Monthly,95.84,0
CUST_003188,2024-06-07,2026-06-30,24,Canada,Retail,Small,Basic,Annual,49.37,1
CUST_003189,2026-02-14,2026-06-30,4,United Kingdom,Healthcare,Mid-Market,Basic,Annual,49.75,1
CUST_003190,2022-04-25,2026-06-30,50,Australia,Professional Services,Mid-Market,Business,Annual,234.09,1
CUST_003191,2026-05-26,2026-06-30,1,United Kingdom,Professional Services,Mid-Market,Pro,Monthly,105.26,0
CUST_003192,2023-01-25,2026-06-30,41,India,Technology,Mid-Market,Basic,Monthly,48.74,0
CUST_003193,2023-02-12,2026-06-30,40,United States,Technology,Mid-Market,Basic,Annual,50.07,1
CUST_003194,2025-06-21,2026-06-30,12,India,Finance,Small,Pro,Annual,106.82,1
CUST_003195,2022-10-11,2026-06-30,44,India,Finance,Enterprise,Enterprise,Annual,605.44,1
CUST_003196,2025-07-21,2026-06-30,11,Canada,Healthcare,Small,Pro,Monthly,99.2,1
CUST_003197,2025-04-21,2026-06-30,14,United Kingdom,Technology,Small,Pro,Monthly,99.33,1
CUST_003198,2022-06-04,2026-06-30,48,United States,Technology,Enterprise,Enterprise,Annual,568.9,1
CUST_003199,2021-08-08,2026-06-30,58,Canada,Professional Services,Enterprise,Enterprise,Annual,587.6,1
CUST_003200,2025-02-10,2026-06-30,16,United States,Technology,Small,Business,Annual,247.11,1
CUST_003201,2021-11-20,2026-06-30,55,United States,Professional Services,Small,Pro,Monthly,99.49,1
CUST_003202,2021-12-04,2026-06-30,54,India,Finance,Small,Pro,Annual,105.82,1
CUST_003203,2022-08-19,2026-06-30,46,United States,Finance,Mid-Market,Basic,Monthly,51.28,1
CUST_003204,2025-09-22,2026-06-30,9,United Kingdom,Technology,Small,Basic,Monthly,47.56,0
CUST_003205,2024-12-10,2026-06-30,18,United States,Technology,Small,Pro,Annual,98.88,1
CUST_003206,2023-01-31,2026-06-30,40,United States,Finance,Small,Basic,Monthly,52.43,1
CUST_003207,2021-07-03,2026-06-30,59,United States,Professional Services,Enterprise,Business,Annual,227.54,1
CUST_003208,2022-05-31,2026-06-30,48,United States,Professional Services,Enterprise,Business,Monthly,246.17,0
CUST_003209,2024-05-07,2026-06-30,25,United Kingdom,Technology,Enterprise,Business,Annual,232.74,1
CUST_003210,2025-04-04,2026-06-30,14,India,Technology,Mid-Market,Business,Annual,279.42,1
CUST_003211,2021-09-11,2026-06-30,57,Canada,Technology,Small,Basic,Monthly,50.89,0
CUST_003212,2025-01-21,2026-06-30,17,India,Manufacturing,Small,Pro,Monthly,96.54,0
CUST_003213,2024-09-24,2026-06-30,21,United Kingdom,Technology,Small,Basic,Monthly,48.91,1
CUST_003214,2021-09-03,2026-06-30,57,United Kingdom,Technology,Small,Basic,Monthly,46.99,0
CUST_003215,2023-08-27,2026-06-30,34,United States,Professional Services,Mid-Market,Pro,Monthly,108.86,0
CUST_003216,2025-02-11,2026-06-30,16,United States,Professional Services,Small,Basic,Monthly,43.38,1
CUST_003217,2026-05-22,2026-06-30,1,India,Retail,Enterprise,Enterprise,Annual,608.81,1
CUST_003218,2024-04-20,2026-06-30,26,United Kingdom,Technology,Small,Basic,Monthly,48.83,0
CUST_003219,2021-07-27,2026-06-30,59,Canada,Finance,Small,Basic,Monthly,46.48,1
CUST_003220,2024-04-15,2026-06-30,26,Australia,Technology,Mid-Market,Business,Monthly,245.87,1
CUST_003221,2022-12-23,2026-06-30,42,United States,Retail,Mid-Market,Enterprise,Annual,550.46,0
CUST_003222,2025-03-03,2026-06-30,15,Australia,Manufacturing,Small,Pro,Monthly,106.77,0
CUST_003223,2022-08-08,2026-06-30,46,United States,Technology,Mid-Market,Business,Annual,249.32,1
CUST_003224,2022-08-08,2026-06-30,46,India,Professional Services,Mid-Market,Business,Annual,260.39,1
CUST_003225,2023-06-05,2026-06-30,36,United States,Healthcare,Small,Basic,Monthly,47.81,0
CUST_003226,2022-08-15,2026-06-30,46,United States,Manufacturing,Small,Basic,Annual,52.29,1
CUST_003227,2023-07-28,2026-06-30,35,Germany,Technology,Enterprise,Enterprise,Annual,600.04,1
CUST_003228,2024-07-21,2026-06-30,23,United States,Finance,Small,Basic,Monthly,51.63,1
CUST_003229,2022-10-15,2026-06-30,44,India,Technology,Small,Pro,Annual,101.81,1
CUST_003230,2022-04-23,2026-06-30,50,United Kingdom,Manufacturing,Small,Basic,Monthly,48.92,1
CUST_003231,2022-04-13,2026-06-30,50,United States,Technology,Small,Basic,Monthly,51.45,0
CUST_003232,2025-05-14,2026-06-30,13,United States,Finance,Enterprise,Enterprise,Annual,724.35,0
CUST_003233,2023-02-02,2026-06-30,40,India,Manufacturing,Small,Pro,Annual,93.4,1
CUST_003234,2026-05-24,2026-06-30,1,United Kingdom,Manufacturing,Mid-Market,Business,Annual,247.5,0
CUST_003235,2023-08-09,2026-06-30,34,India,Retail,Mid-Market,Pro,Monthly,92.6,0
CUST_003236,2023-08-10,2026-06-30,34,United States,Retail,Small,Pro,Annual,101.05,0
CUST_003237,2024-08-17,2026-06-30,22,India,Retail,Mid-Market,Enterprise,Annual,605.76,0
CUST_003238,2021-07-12,2026-06-30,59,United Kingdom,Retail,Enterprise,Business,Annual,273.19,1
CUST_003239,2022-01-28,2026-06-30,53,United Kingdom,Finance,Enterprise,Enterprise,Annual,591.31,1
CUST_003240,2026-03-23,2026-06-30,3,United States,Technology,Mid-Market,Pro,Annual,103.71,1
CUST_003241,2025-05-22,2026-06-30,13,United States,Healthcare,Small,Pro,Annual,88.71,1
CUST_003242,2025-05-23,2026-06-30,13,India,Technology,Small,Basic,Monthly,49.37,0
CUST_003243,2022-01-01,2026-06-30,53,India,Healthcare,Small,Pro,Monthly,94.69,0
CUST_003244,2023-11-12,2026-06-30,31,United States,Healthcare,Mid-Market,Pro,Annual,101.93,1
CUST_003245,2022-10-31,2026-06-30,43,India,Technology,Small,Basic,Monthly,51.82,1
CUST_003246,2022-06-08,2026-06-30,48,United States,Manufacturing,Mid-Market,Pro,Monthly,96.03,0
CUST_003247,2022-08-23,2026-06-30,46,United States,Manufacturing,Mid-Market,Pro,Monthly,101.68,1
CUST_003248,2025-12-23,2026-06-30,6,United States,Retail,Small,Pro,Monthly,97.23,1
CUST_003249,2025-09-22,2026-06-30,9,United States,Professional Services,Enterprise,Business,Annual,249.59,1
CUST_003250,2024-06-21,2026-06-30,24,United States,Finance,Small,Basic,Monthly,50.01,0
CUST_003251,2024-10-01,2026-06-30,20,United States,Finance,Small,Pro,Monthly,94.03,1
CUST_003252,2022-09-28,2026-06-30,45,United States,Technology,Mid-Market,Pro,Annual,94.05,1
CUST_003253,2025-08-24,2026-06-30,10,Germany,Healthcare,Small,Basic,Monthly,51.12,1
CUST_003254,2024-08-03,2026-06-30,22,Australia,Technology,Small,Basic,Monthly,47.34,1
CUST_003255,2025-04-02,2026-06-30,14,Germany,Professional Services,Enterprise,Enterprise,Annual,637.33,0
CUST_003256,2025-06-27,2026-06-30,12,United States,Finance,Enterprise,Enterprise,Annual,545.84,1
CUST_003257,2025-07-25,2026-06-30,11,Germany,Healthcare,Mid-Market,Basic,Annual,51.29,1
CUST_003258,2025-06-15,2026-06-30,12,United States,Healthcare,Small,Pro,Annual,99.04,1
CUST_003259,2023-08-22,2026-06-30,34,Germany,Finance,Small,Basic,Monthly,48.77,1
CUST_003260,2024-05-25,2026-06-30,25,United Kingdom,Manufacturing,Small,Basic,Monthly,49.36,1
CUST_003261,2024-04-10,2026-06-30,26,United States,Retail,Small,Basic,Monthly,45.46,1
CUST_003262,2024-01-22,2026-06-30,29,United States,Manufacturing,Enterprise,Enterprise,Annual,632.61,1
CUST_003263,2022-10-09,2026-06-30,44,Australia,Retail,Small,Pro,Annual,96.87,1
CUST_003264,2022-03-07,2026-06-30,51,India,Healthcare,Mid-Market,Pro,Monthly,94.87,0
CUST_003265,2023-10-30,2026-06-30,31,United Kingdom,Healthcare,Small,Pro,Monthly,109.71,1
CUST_003266,2023-04-05,2026-06-30,38,India,Manufacturing,Small,Basic,Monthly,48.15,0
CUST_003267,2022-10-14,2026-06-30,44,India,Finance,Small,Pro,Monthly,94.72,1
CUST_003268,2023-01-08,2026-06-30,41,United States,Healthcare,Small,Basic,Monthly,50.99,1
CUST_003269,2025-10-02,2026-06-30,8,Germany,Technology,Small,Basic,Monthly,49.65,1
CUST_003270,2021-08-01,2026-06-30,58,United States,Retail,Enterprise,Enterprise,Annual,629.25,1
CUST_003271,2025-08-09,2026-06-30,10,Canada,Technology,Mid-Market,Business,Annual,250.04,1
CUST_003272,2024-05-22,2026-06-30,25,United States,Professional Services,Mid-Market,Business,Annual,260.89,1
CUST_003273,2023-03-17,2026-06-30,39,India,Technology,Small,Basic,Monthly,54.03,1
CUST_003274,2024-06-06,2026-06-30,24,Germany,Finance,Mid-Market,Business,Annual,239.56,0
CUST_003275,2025-03-21,2026-06-30,15,United States,Technology,Mid-Market,Enterprise,Annual,585.26,1
CUST_003276,2021-11-16,2026-06-30,55,United States,Finance,Small,Business,Annual,229.05,1
CUST_003277,2026-01-23,2026-06-30,5,Canada,Finance,Mid-Market,Pro,Monthly,100.88,0
CUST_003278,2025-03-16,2026-06-30,15,Germany,Manufacturing,Enterprise,Pro,Annual,99.62,1
CUST_003279,2021-07-14,2026-06-30,59,India,Technology,Enterprise,Enterprise,Annual,636.82,1
CUST_003280,2022-10-29,2026-06-30,44,United States,Finance,Enterprise,Business,Annual,248.64,1
CUST_003281,2025-12-26,2026-06-30,6,Canada,Technology,Small,Pro,Monthly,98.58,0
CUST_003282,2022-09-15,2026-06-30,45,United Kingdom,Finance,Small,Basic,Monthly,49.48,1
CUST_003283,2021-08-25,2026-06-30,58,United States,Professional Services,Small,Pro,Monthly,97.84,1
CUST_003284,2025-12-07,2026-06-30,6,Canada,Finance,Small,Basic,Monthly,49.9,1
CUST_003285,2024-05-18,2026-06-30,25,United States,Manufacturing,Small,Pro,Annual,100.12,1
CUST_003286,2024-02-11,2026-06-30,28,United States,Healthcare,Small,Pro,Monthly,101.67,1
CUST_003287,2025-10-08,2026-06-30,8,Canada,Healthcare,Mid-Market,Pro,Monthly,97.87,1
CUST_003288,2025-06-05,2026-06-30,12,India,Professional Services,Small,Basic,Monthly,50.35,1
CUST_003289,2025-07-24,2026-06-30,11,United States,Technology,Mid-Market,Business,Annual,256.68,1
CUST_003290,2025-07-03,2026-06-30,11,United States,Professional Services,Enterprise,Enterprise,Monthly,589.23,1
CUST_003291,2024-06-06,2026-06-30,24,Germany,Healthcare,Small,Basic,Monthly,48.8,1
CUST_003292,2024-02-19,2026-06-30,28,India,Finance,Small,Basic,Monthly,48.57,0
CUST_003293,2025-03-30,2026-06-30,15,Canada,Professional Services,Mid-Market,Pro,Monthly,92.93,0
CUST_003294,2024-12-28,2026-06-30,18,United States,Finance,Small,Pro,Monthly,96.6,1
CUST_003295,2025-06-20,2026-06-30,12,Germany,Professional Services,Small,Basic,Annual,50.86,1
CUST_003296,2022-07-03,2026-06-30,47,Canada,Professional Services,Enterprise,Enterprise,Annual,624.34,1
CUST_003297,2025-05-16,2026-06-30,13,Germany,Finance,Small,Pro,Monthly,100.68,1
CUST_003298,2021-12-14,2026-06-30,54,United States,Finance,Mid-Market,Business,Annual,236.39,1
CUST_003299,2023-10-07,2026-06-30,32,United States,Manufacturing,Enterprise,Enterprise,Monthly,628.31,1
CUST_003300,2022-06-21,2026-06-30,48,United States,Technology,Small,Basic,Annual,53.54,1
CUST_003301,2023-04-15,2026-06-30,38,Germany,Manufacturing,Mid-Market,Pro,Monthly,101.94,0
CUST_003302,2025-02-08,2026-06-30,16,United States,Technology,Small,Basic,Annual,48.99,1
CUST_003303,2023-06-17,2026-06-30,36,United States,Technology,Small,Basic,Annual,46.88,0
CUST_003304,2025-01-24,2026-06-30,17,Canada,Healthcare,Small,Basic,Monthly,48.97,0
CUST_003305,2025-10-31,2026-06-30,7,Germany,Manufacturing,Mid-Market,Business,Annual,242.84,0
CUST_003306,2025-02-28,2026-06-30,15,United States,Manufacturing,Mid-Market,Business,Annual,246.52,1
CUST_003307,2025-01-22,2026-06-30,17,Germany,Retail,Enterprise,Enterprise,Annual,637.61,0
CUST_003308,2025-10-01,2026-06-30,8,United Kingdom,Finance,Mid-Market,Business,Annual,259.99,1
CUST_003309,2026-04-19,2026-06-30,2,United States,Healthcare,Small,Basic,Monthly,48.16,1
CUST_003310,2021-10-10,2026-06-30,56,India,Technology,Mid-Market,Pro,Monthly,99.43,0
CUST_003311,2023-11-22,2026-06-30,31,India,Finance,Small,Basic,Annual,48.99,1
CUST_003312,2024-06-09,2026-06-30,24,United States,Finance,Mid-Market,Business,Monthly,243.61,1
CUST_003313,2021-11-04,2026-06-30,55,United States,Retail,Small,Pro,Annual,92.35,1
CUST_003314,2025-04-23,2026-06-30,14,United States,Technology,Mid-Market,Pro,Annual,103.1,1
CUST_003315,2024-06-07,2026-06-30,24,United States,Technology,Enterprise,Enterprise,Annual,634.4,1
CUST_003316,2022-04-03,2026-06-30,50,United Kingdom,Retail,Small,Basic,Annual,47.51,1
CUST_003317,2023-04-23,2026-06-30,38,India,Technology,Small,Basic,Annual,47.4,1
CUST_003318,2024-06-14,2026-06-30,24,India,Professional Services,Small,Basic,Monthly,51.22,1
CUST_003319,2025-02-26,2026-06-30,16,United States,Finance,Small,Basic,Monthly,47.37,0
CUST_003320,2026-03-29,2026-06-30,3,Canada,Technology,Small,Pro,Monthly,92.14,1
CUST_003321,2025-12-30,2026-06-30,5,United States,Professional Services,Mid-Market,Business,Annual,243.47,1
CUST_003322,2025-08-14,2026-06-30,10,United Kingdom,Retail,Small,Pro,Monthly,105.71,1
CUST_003323,2022-07-20,2026-06-30,47,United States,Manufacturing,Small,Basic,Monthly,47.72,0
CUST_003324,2023-04-10,2026-06-30,38,India,Healthcare,Mid-Market,Pro,Monthly,95.79,0
CUST_003325,2024-04-13,2026-06-30,26,India,Finance,Mid-Market,Pro,Monthly,96.67,1
CUST_003326,2022-07-26,2026-06-30,47,United States,Retail,Small,Basic,Monthly,46.18,1
CUST_003327,2025-08-16,2026-06-30,10,Germany,Healthcare,Enterprise,Enterprise,Annual,559.54,1
CUST_003328,2025-05-18,2026-06-30,13,United Kingdom,Retail,Enterprise,Pro,Monthly,97.7,0
CUST_003329,2024-06-26,2026-06-30,24,Australia,Finance,Enterprise,Pro,Monthly,92.06,1
CUST_003330,2021-11-27,2026-06-30,55,Canada,Finance,Small,Basic,Monthly,48.02,1
CUST_003331,2023-05-25,2026-06-30,37,United States,Technology,Small,Basic,Monthly,49.65,0
CUST_003332,2022-03-26,2026-06-30,51,United Kingdom,Manufacturing,Small,Pro,Monthly,100.87,1
CUST_003333,2025-03-12,2026-06-30,15,United States,Finance,Enterprise,Enterprise,Annual,594.79,1
CUST_003334,2022-03-31,2026-06-30,50,United Kingdom,Professional Services,Enterprise,Enterprise,Annual,563.11,1
CUST_003335,2026-01-21,2026-06-30,5,United States,Finance,Mid-Market,Enterprise,Annual,586.68,1
CUST_003336,2025-04-18,2026-06-30,14,Germany,Healthcare,Small,Pro,Annual,100.71,1
CUST_003337,2023-11-05,2026-06-30,31,Australia,Finance,Small,Pro,Annual,102.07,1
CUST_003338,2026-03-02,2026-06-30,3,United States,Retail,Mid-Market,Business,Monthly,245.6,0
CUST_003339,2022-03-13,2026-06-30,51,Canada,Manufacturing,Small,Pro,Annual,95.52,1
CUST_003340,2022-02-24,2026-06-30,52,Germany,Healthcare,Small,Basic,Monthly,49.2,1
CUST_003341,2023-10-03,2026-06-30,32,United States,Finance,Mid-Market,Pro,Annual,97.25,0
CUST_003342,2024-11-29,2026-06-30,18,United Kingdom,Manufacturing,Mid-Market,Pro,Annual,93.96,1
CUST_003343,2025-12-05,2026-06-30,6,Germany,Technology,Small,Basic,Monthly,49.75,1
CUST_003344,2023-05-17,2026-06-30,37,United States,Retail,Mid-Market,Pro,Annual,99.09,1
CUST_003345,2023-10-09,2026-06-30,32,Australia,Manufacturing,Small,Business,Annual,235.21,1
CUST_003346,2022-09-05,2026-06-30,45,Canada,Finance,Small,Pro,Monthly,95.88,0
CUST_003347,2023-06-15,2026-06-30,36,United Kingdom,Retail,Small,Basic,Monthly,48.54,1
CUST_003348,2025-10-13,2026-06-30,8,United States,Manufacturing,Small,Basic,Annual,45.27,1
CUST_003349,2025-10-25,2026-06-30,8,United States,Technology,Small,Pro,Annual,95.4,1
CUST_003350,2022-07-30,2026-06-30,47,United States,Finance,Small,Pro,Annual,102.13,1
CUST_003351,2025-08-19,2026-06-30,10,India,Healthcare,Small,Pro,Monthly,96.58,1
CUST_003352,2021-10-20,2026-06-30,56,India,Manufacturing,Small,Basic,Monthly,47.04,0
CUST_003353,2025-11-22,2026-06-30,7,Australia,Retail,Small,Pro,Annual,104.36,1
CUST_003354,2022-11-01,2026-06-30,43,United States,Healthcare,Mid-Market,Enterprise,Monthly,609.47,0
CUST_003355,2021-08-15,2026-06-30,58,United Kingdom,Finance,Small,Pro,Monthly,102.44,1
CUST_003356,2024-03-31,2026-06-30,26,Australia,Technology,Small,Pro,Monthly,95.11,0
CUST_003357,2026-02-19,2026-06-30,4,Germany,Technology,Small,Basic,Monthly,48.3,0
CUST_003358,2022-02-08,2026-06-30,52,United States,Technology,Small,Business,Annual,248.87,1
CUST_003359,2025-06-29,2026-06-30,12,India,Technology,Mid-Market,Basic,Monthly,49.56,0
CUST_003360,2023-10-28,2026-06-30,32,United States,Technology,Enterprise,Business,Monthly,277.46,1
CUST_003361,2021-07-29,2026-06-30,59,United States,Retail,Small,Pro,Annual,99.42,1
CUST_003362,2022-10-03,2026-06-30,44,India,Retail,Small,Basic,Monthly,51.66,1
CUST_003363,2026-03-09,2026-06-30,3,Canada,Technology,Small,Pro,Annual,110.33,1
CUST_003364,2022-05-20,2026-06-30,49,United States,Retail,Small,Pro,Monthly,107.49,0
CUST_003365,2025-08-15,2026-06-30,10,United Kingdom,Technology,Enterprise,Basic,Annual,49.39,1
CUST_003366,2022-09-24,2026-06-30,45,India,Finance,Mid-Market,Business,Monthly,263.29,0
CUST_003367,2023-05-13,2026-06-30,37,United States,Professional Services,Mid-Market,Business,Monthly,250.59,1
CUST_003368,2024-12-31,2026-06-30,17,Germany,Healthcare,Enterprise,Enterprise,Annual,597.83,1
CUST_003369,2024-05-01,2026-06-30,25,United States,Technology,Mid-Market,Pro,Monthly,103.16,1
CUST_003370,2025-11-01,2026-06-30,7,United States,Finance,Small,Basic,Annual,51.16,0
CUST_003371,2021-07-25,2026-06-30,59,Canada,Retail,Mid-Market,Pro,Monthly,101.51,1
CUST_003372,2025-03-30,2026-06-30,15,United Kingdom,Technology,Mid-Market,Business,Annual,246.91,1
CUST_003373,2024-11-23,2026-06-30,19,United States,Professional Services,Small,Pro,Monthly,96.61,0
CUST_003374,2023-12-11,2026-06-30,30,Canada,Healthcare,Mid-Market,Business,Monthly,233.98,1
CUST_003375,2023-02-10,2026-06-30,40,United Kingdom,Technology,Small,Basic,Annual,49.4,0
CUST_003376,2023-12-07,2026-06-30,30,United Kingdom,Healthcare,Small,Pro,Annual,100.17,1
CUST_003377,2023-12-07,2026-06-30,30,Germany,Retail,Mid-Market,Business,Monthly,259.34,0
CUST_003378,2023-07-21,2026-06-30,35,Australia,Healthcare,Small,Basic,Monthly,45.43,0
CUST_003379,2022-03-14,2026-06-30,51,Canada,Professional Services,Small,Basic,Monthly,49.26,0
CUST_003380,2024-06-21,2026-06-30,24,Canada,Professional Services,Small,Basic,Monthly,48.5,0
CUST_003381,2022-04-29,2026-06-30,50,Canada,Technology,Mid-Market,Business,Annual,248.28,1
CUST_003382,2022-07-19,2026-06-30,47,United Kingdom,Technology,Enterprise,Enterprise,Annual,636.3,1
CUST_003383,2021-09-09,2026-06-30,57,United States,Finance,Mid-Market,Business,Annual,264.96,1
CUST_003384,2021-12-04,2026-06-30,54,United States,Retail,Mid-Market,Pro,Monthly,104.03,1
CUST_003385,2022-06-29,2026-06-30,48,United States,Retail,Small,Basic,Monthly,49.23,1
CUST_003386,2025-03-15,2026-06-30,15,United States,Finance,Mid-Market,Pro,Annual,98.06,1
CUST_003387,2022-08-11,2026-06-30,46,India,Professional Services,Small,Basic,Monthly,51.95,0
CUST_003388,2022-10-17,2026-06-30,44,United Kingdom,Finance,Small,Basic,Monthly,53.19,0
CUST_003389,2024-12-28,2026-06-30,18,Canada,Manufacturing,Mid-Market,Business,Annual,268.91,1
CUST_003390,2023-01-31,2026-06-30,40,United Kingdom,Professional Services,Small,Basic,Monthly,50.2,1
CUST_003391,2025-03-03,2026-06-30,15,United Kingdom,Technology,Enterprise,Enterprise,Annual,600.2,1
CUST_003392,2023-11-05,2026-06-30,31,Canada,Technology,Small,Basic,Annual,50.69,0
CUST_003393,2022-07-01,2026-06-30,47,Canada,Technology,Mid-Market,Pro,Annual,102.74,1
CUST_003394,2025-06-27,2026-06-30,12,Germany,Professional Services,Small,Basic,Monthly,48.02,1
CUST_003395,2024-10-04,2026-06-30,20,United States,Finance,Mid-Market,Pro,Monthly,98.05,0
CUST_003396,2022-07-04,2026-06-30,47,United Kingdom,Professional Services,Mid-Market,Business,Annual,286.94,1
CUST_003397,2024-03-08,2026-06-30,27,United Kingdom,Healthcare,Small,Pro,Monthly,97.02,0
CUST_003398,2021-09-10,2026-06-30,57,Germany,Healthcare,Enterprise,Enterprise,Annual,624.52,1
CUST_003399,2026-05-17,2026-06-30,1,India,Professional Services,Mid-Market,Business,Monthly,242.6,1
CUST_003400,2022-11-13,2026-06-30,43,Australia,Healthcare,Small,Basic,Annual,48.7,1
CUST_003401,2022-05-31,2026-06-30,48,Canada,Manufacturing,Mid-Market,Business,Annual,237.52,1
CUST_003402,2021-11-26,2026-06-30,55,United States,Healthcare,Small,Basic,Annual,46.75,1
CUST_003403,2025-08-23,2026-06-30,10,United Kingdom,Technology,Mid-Market,Pro,Monthly,102.06,0
CUST_003404,2021-07-30,2026-06-30,59,Australia,Technology,Small,Basic,Monthly,50.22,1
CUST_003405,2024-06-26,2026-06-30,24,India,Technology,Mid-Market,Business,Monthly,271.91,0
CUST_003406,2024-09-07,2026-06-30,21,Australia,Manufacturing,Small,Pro,Monthly,99.13,0
CUST_003407,2024-08-31,2026-06-30,21,United States,Finance,Mid-Market,Pro,Annual,99.77,1
CUST_003408,2023-04-12,2026-06-30,38,Germany,Healthcare,Enterprise,Business,Annual,248.47,1
CUST_003409,2023-03-05,2026-06-30,39,India,Technology,Enterprise,Enterprise,Annual,569.87,1
CUST_003410,2024-02-01,2026-06-30,28,Germany,Retail,Mid-Market,Business,Annual,256.34,1
CUST_003411,2026-01-24,2026-06-30,5,Germany,Manufacturing,Mid-Market,Business,Monthly,246.89,0
CUST_003412,2021-07-26,2026-06-30,59,Canada,Retail,Small,Basic,Monthly,45.48,0
CUST_003413,2025-04-28,2026-06-30,14,United Kingdom,Professional Services,Small,Basic,Annual,51.71,1
CUST_003414,2025-12-14,2026-06-30,6,United States,Technology,Mid-Market,Business,Annual,241.85,1
CUST_003415,2023-06-24,2026-06-30,36,United States,Technology,Mid-Market,Basic,Monthly,49.81,1
CUST_003416,2024-05-21,2026-06-30,25,Australia,Healthcare,Small,Basic,Annual,49.9,1
CUST_003417,2023-05-23,2026-06-30,37,India,Finance,Mid-Market,Basic,Monthly,49.51,0
CUST_003418,2022-02-10,2026-06-30,52,India,Retail,Small,Pro,Annual,94.03,1
CUST_003419,2025-12-08,2026-06-30,6,United States,Manufacturing,Mid-Market,Business,Annual,266.38,1
CUST_003420,2025-01-07,2026-06-30,17,United States,Technology,Small,Basic,Monthly,47.21,1
CUST_003421,2023-11-16,2026-06-30,31,United States,Professional Services,Enterprise,Business,Annual,218.42,1
CUST_003422,2022-07-17,2026-06-30,47,Australia,Technology,Small,Basic,Annual,51.08,1
CUST_003423,2023-06-18,2026-06-30,36,United Kingdom,Retail,Small,Pro,Annual,103.04,1
CUST_003424,2024-07-13,2026-06-30,23,India,Finance,Mid-Market,Enterprise,Annual,563.21,1
CUST_003425,2023-06-01,2026-06-30,36,United States,Retail,Small,Basic,Monthly,48.99,1
CUST_003426,2021-08-06,2026-06-30,58,United Kingdom,Technology,Small,Basic,Monthly,51.65,1
CUST_003427,2024-01-21,2026-06-30,29,Australia,Professional Services,Mid-Market,Business,Annual,266.58,1
CUST_003428,2022-01-27,2026-06-30,53,United States,Professional Services,Enterprise,Enterprise,Annual,617.34,1
CUST_003429,2022-07-31,2026-06-30,46,India,Healthcare,Mid-Market,Business,Annual,259.29,1
CUST_003430,2024-12-07,2026-06-30,18,United Kingdom,Healthcare,Small,Basic,Monthly,50.76,0
CUST_003431,2025-03-10,2026-06-30,15,United States,Retail,Small,Basic,Monthly,48.66,1
CUST_003432,2022-08-18,2026-06-30,46,United States,Retail,Mid-Market,Enterprise,Annual,566.39,1
CUST_003433,2025-05-24,2026-06-30,13,India,Healthcare,Mid-Market,Business,Monthly,245.75,1
CUST_003434,2024-10-04,2026-06-30,20,United Kingdom,Retail,Enterprise,Business,Annual,263.0,1
CUST_003435,2025-04-04,2026-06-30,14,Germany,Professional Services,Small,Pro,Monthly,104.52,0
CUST_003436,2023-06-08,2026-06-30,36,Australia,Retail,Small,Pro,Annual,100.01,0
CUST_003437,2024-12-20,2026-06-30,18,Canada,Technology,Enterprise,Pro,Annual,97.35,1
CUST_003438,2023-03-07,2026-06-30,39,Australia,Professional Services,Small,Business,Monthly,270.6,0
CUST_003439,2021-10-26,2026-06-30,56,India,Technology,Enterprise,Enterprise,Annual,602.71,0
CUST_003440,2022-05-03,2026-06-30,49,United States,Technology,Small,Basic,Monthly,50.56,1
CUST_003441,2021-10-03,2026-06-30,56,Germany,Professional Services,Mid-Market,Basic,Monthly,46.04,0
CUST_003442,2026-04-18,2026-06-30,2,United States,Technology,Small,Basic,Monthly,48.86,0
CUST_003443,2024-03-05,2026-06-30,27,United States,Technology,Mid-Market,Business,Annual,262.52,1
CUST_003444,2025-05-01,2026-06-30,13,Canada,Retail,Enterprise,Pro,Monthly,92.22,1
CUST_003445,2021-11-26,2026-06-30,55,India,Professional Services,Small,Basic,Monthly,48.91,1
CUST_003446,2022-12-01,2026-06-30,42,United States,Technology,Mid-Market,Pro,Monthly,101.02,1
CUST_003447,2024-11-03,2026-06-30,19,Canada,Healthcare,Small,Basic,Annual,52.5,1
CUST_003448,2023-08-24,2026-06-30,34,Germany,Technology,Small,Business,Monthly,261.15,0
CUST_003449,2023-06-10,2026-06-30,36,United States,Healthcare,Mid-Market,Pro,Monthly,107.38,1
CUST_003450,2023-12-24,2026-06-30,30,Australia,Finance,Mid-Market,Business,Annual,259.36,1
CUST_003451,2024-01-31,2026-06-30,28,India,Technology,Small,Basic,Monthly,51.18,0
CUST_003452,2026-02-21,2026-06-30,4,United States,Professional Services,Small,Basic,Annual,46.66,1
CUST_003453,2024-03-10,2026-06-30,27,United States,Retail,Small,Basic,Annual,46.59,1
CUST_003454,2024-09-13,2026-06-30,21,India,Professional Services,Small,Business,Annual,269.92,0
CUST_003455,2022-05-24,2026-06-30,49,United States,Professional Services,Small,Basic,Annual,47.89,1
CUST_003456,2022-03-01,2026-06-30,51,United States,Professional Services,Small,Basic,Monthly,47.67,1
CUST_003457,2022-09-23,2026-06-30,45,India,Manufacturing,Mid-Market,Pro,Annual,87.58,1
CUST_003458,2026-04-06,2026-06-30,2,India,Finance,Small,Pro,Monthly,104.25,1
CUST_003459,2022-04-12,2026-06-30,50,United Kingdom,Professional Services,Enterprise,Business,Monthly,235.07,1
CUST_003460,2024-06-19,2026-06-30,24,United Kingdom,Healthcare,Small,Basic,Monthly,46.99,1
CUST_003461,2024-05-14,2026-06-30,25,India,Finance,Small,Basic,Monthly,51.68,0
CUST_003462,2021-10-08,2026-06-30,56,United Kingdom,Finance,Small,Pro,Monthly,88.07,0
CUST_003463,2022-02-25,2026-06-30,52,United Kingdom,Finance,Small,Pro,Monthly,105.73,1
CUST_003464,2026-03-01,2026-06-30,3,Australia,Healthcare,Mid-Market,Enterprise,Annual,574.16,1
CUST_003465,2024-08-24,2026-06-30,22,United Kingdom,Manufacturing,Small,Basic,Monthly,48.64,0
CUST_003466,2022-09-24,2026-06-30,45,Canada,Healthcare,Small,Basic,Monthly,47.1,1
CUST_003467,2023-10-07,2026-06-30,32,United States,Finance,Small,Basic,Annual,45.74,1
CUST_003468,2025-02-23,2026-06-30,16,Canada,Technology,Mid-Market,Business,Annual,239.55,0
CUST_003469,2023-11-02,2026-06-30,31,United Kingdom,Professional Services,Small,Pro,Monthly,94.9,1
CUST_003470,2022-02-26,2026-06-30,52,United States,Healthcare,Small,Pro,Monthly,92.91,0
CUST_003471,2025-04-26,2026-06-30,14,Canada,Healthcare,Small,Basic,Monthly,52.78,1
CUST_003472,2022-09-30,2026-06-30,44,Australia,Manufacturing,Mid-Market,Business,Annual,236.93,1
CUST_003473,2022-10-21,2026-06-30,44,Canada,Professional Services,Enterprise,Enterprise,Annual,542.48,1
CUST_003474,2022-01-23,2026-06-30,53,United States,Healthcare,Small,Basic,Monthly,43.94,0
CUST_003475,2024-12-13,2026-06-30,18,United States,Retail,Small,Basic,Monthly,50.07,0
CUST_003476,2025-05-09,2026-06-30,13,United States,Technology,Small,Basic,Annual,44.75,1
CUST_003477,2023-09-21,2026-06-30,33,Australia,Professional Services,Enterprise,Business,Annual,246.78,1
CUST_003478,2023-10-21,2026-06-30,32,Canada,Retail,Small,Basic,Monthly,53.83,0
CUST_003479,2024-05-26,2026-06-30,25,United States,Manufacturing,Mid-Market,Enterprise,Annual,604.45,1
CUST_003480,2022-08-02,2026-06-30,46,Australia,Technology,Mid-Market,Enterprise,Annual,608.71,1
CUST_003481,2022-06-27,2026-06-30,48,United States,Retail,Small,Pro,Monthly,96.38,1
CUST_003482,2025-03-16,2026-06-30,15,United States,Finance,Mid-Market,Business,Annual,248.83,1
CUST_003483,2022-07-04,2026-06-30,47,Australia,Healthcare,Mid-Market,Pro,Annual,97.93,1
CUST_003484,2025-04-12,2026-06-30,14,United Kingdom,Retail,Small,Basic,Annual,49.76,1
CUST_003485,2024-05-30,2026-06-30,25,Australia,Manufacturing,Small,Basic,Annual,53.06,1
CUST_003486,2026-04-13,2026-06-30,2,Australia,Finance,Small,Basic,Monthly,47.95,0
CUST_003487,2024-09-27,2026-06-30,21,India,Professional Services,Small,Pro,Monthly,95.1,0
CUST_003488,2021-09-14,2026-06-30,57,United States,Technology,Mid-Market,Basic,Monthly,48.81,1
CUST_003489,2024-03-28,2026-06-30,27,Australia,Retail,Mid-Market,Enterprise,Annual,627.76,1
CUST_003490,2022-12-04,2026-06-30,42,Germany,Technology,Mid-Market,Business,Annual,244.79,1
CUST_003491,2025-11-19,2026-06-30,7,United States,Finance,Small,Basic,Monthly,49.65,0
CUST_003492,2023-04-17,2026-06-30,38,India,Professional Services,Small,Pro,Annual,101.53,1
CUST_003493,2024-08-03,2026-06-30,22,Canada,Technology,Small,Pro,Monthly,109.66,0
CUST_003494,2022-10-04,2026-06-30,44,India,Professional Services,Mid-Market,Business,Annual,260.49,0
CUST_003495,2021-11-08,2026-06-30,55,United Kingdom,Finance,Small,Basic,Annual,46.86,1
CUST_003496,2023-10-20,2026-06-30,32,United Kingdom,Retail,Small,Basic,Monthly,43.63,0
CUST_003497,2025-11-28,2026-06-30,7,United States,Technology,Mid-Market,Business,Annual,250.87,1
CUST_003498,2024-01-28,2026-06-30,29,India,Retail,Mid-Market,Business,Monthly,240.22,0
CUST_003499,2025-10-23,2026-06-30,8,United Kingdom,Professional Services,Small,Basic,Monthly,47.81,0
CUST_003500,2024-03-16,2026-06-30,27,United States,Retail,Mid-Market,Business,Monthly,236.6,0
CUST_003501,2026-02-11,2026-06-30,4,United States,Finance,Small,Basic,Monthly,47.76,0
CUST_003502,2023-04-08,2026-06-30,38,Australia,Manufacturing,Mid-Market,Enterprise,Annual,583.27,1
CUST_003503,2024-11-20,2026-06-30,19,United States,Manufacturing,Mid-Market,Pro,Monthly,98.43,1
CUST_003504,2025-06-04,2026-06-30,12,United Kingdom,Technology,Mid-Market,Business,Annual,240.62,1
CUST_003505,2026-04-30,2026-06-30,2,Germany,Retail,Small,Basic,Monthly,47.24,1
CUST_003506,2022-01-18,2026-06-30,53,United States,Retail,Mid-Market,Business,Monthly,255.6,0
CUST_003507,2022-04-20,2026-06-30,50,United Kingdom,Manufacturing,Small,Pro,Monthly,98.99,1
CUST_003508,2022-06-04,2026-06-30,48,United States,Finance,Small,Basic,Monthly,49.01,0
CUST_003509,2026-02-16,2026-06-30,4,India,Healthcare,Enterprise,Business,Monthly,248.39,1
CUST_003510,2024-09-11,2026-06-30,21,India,Professional Services,Small,Enterprise,Annual,572.19,0
CUST_003511,2021-08-22,2026-06-30,58,United States,Retail,Mid-Market,Enterprise,Annual,642.03,1
CUST_003512,2023-07-28,2026-06-30,35,United Kingdom,Healthcare,Small,Pro,Annual,109.06,1
CUST_003513,2025-10-13,2026-06-30,8,Canada,Professional Services,Small,Basic,Annual,52.03,1
CUST_003514,2025-09-20,2026-06-30,9,India,Technology,Small,Basic,Monthly,44.68,1
CUST_003515,2025-02-13,2026-06-30,16,United States,Finance,Small,Basic,Monthly,47.38,0
CUST_003516,2021-08-20,2026-06-30,58,United Kingdom,Manufacturing,Mid-Market,Business,Annual,257.81,1
CUST_003517,2025-07-31,2026-06-30,10,India,Manufacturing,Enterprise,Business,Annual,239.66,1
CUST_003518,2021-12-23,2026-06-30,54,United States,Professional Services,Mid-Market,Basic,Annual,47.28,1
CUST_003519,2023-01-30,2026-06-30,40,United Kingdom,Retail,Enterprise,Enterprise,Annual,557.93,1
CUST_003520,2021-11-19,2026-06-30,55,United States,Finance,Small,Pro,Annual,97.21,0
CUST_003521,2022-05-10,2026-06-30,49,United Kingdom,Finance,Enterprise,Enterprise,Annual,574.39,1
CUST_003522,2024-10-12,2026-06-30,20,United States,Technology,Small,Business,Annual,219.23,1
CUST_003523,2022-05-06,2026-06-30,49,India,Professional Services,Small,Basic,Monthly,51.82,1
CUST_003524,2025-08-01,2026-06-30,10,Canada,Technology,Small,Basic,Monthly,50.02,1
CUST_003525,2024-12-25,2026-06-30,18,United States,Healthcare,Small,Business,Monthly,232.37,1
CUST_003526,2025-05-16,2026-06-30,13,Australia,Healthcare,Mid-Market,Enterprise,Annual,624.99,1
CUST_003527,2025-10-04,2026-06-30,8,Australia,Technology,Small,Basic,Monthly,49.31,1
CUST_003528,2025-12-21,2026-06-30,6,Germany,Finance,Small,Basic,Monthly,51.84,0
CUST_003529,2025-06-29,2026-06-30,12,Germany,Retail,Small,Basic,Monthly,50.8,1
CUST_003530,2025-10-28,2026-06-30,8,United States,Technology,Small,Basic,Monthly,47.1,0
CUST_003531,2024-07-18,2026-06-30,23,United Kingdom,Professional Services,Enterprise,Business,Annual,257.33,1
CUST_003532,2026-01-24,2026-06-30,5,United States,Professional Services,Small,Basic,Monthly,50.74,0
CUST_003533,2026-02-11,2026-06-30,4,United States,Technology,Small,Pro,Annual,104.22,1
CUST_003534,2021-07-20,2026-06-30,59,India,Professional Services,Mid-Market,Pro,Annual,103.94,1
CUST_003535,2025-12-25,2026-06-30,6,Germany,Finance,Enterprise,Enterprise,Annual,661.24,1
CUST_003536,2026-01-19,2026-06-30,5,United States,Technology,Small,Basic,Monthly,51.33,0
CUST_003537,2026-04-07,2026-06-30,2,United States,Finance,Small,Basic,Monthly,47.08,1
CUST_003538,2025-10-06,2026-06-30,8,India,Manufacturing,Enterprise,Enterprise,Annual,604.31,0
CUST_003539,2023-10-27,2026-06-30,32,United States,Retail,Small,Pro,Annual,93.81,1
CUST_003540,2022-05-08,2026-06-30,49,United States,Technology,Small,Pro,Monthly,104.99,1
CUST_003541,2022-10-20,2026-06-30,44,United States,Manufacturing,Small,Pro,Monthly,94.76,0
CUST_003542,2023-07-25,2026-06-30,35,United States,Manufacturing,Small,Pro,Annual,110.04,1
CUST_003543,2025-12-30,2026-06-30,5,United States,Manufacturing,Enterprise,Enterprise,Annual,590.24,1
CUST_003544,2022-08-10,2026-06-30,46,India,Healthcare,Enterprise,Enterprise,Annual,597.68,1
CUST_003545,2026-03-26,2026-06-30,3,United States,Manufacturing,Small,Basic,Monthly,47.86,1
CUST_003546,2023-04-25,2026-06-30,38,Canada,Retail,Mid-Market,Business,Monthly,240.07,1
CUST_003547,2024-05-27,2026-06-30,25,Germany,Technology,Mid-Market,Business,Monthly,242.4,0
CUST_003548,2022-01-29,2026-06-30,52,United Kingdom,Manufacturing,Mid-Market,Enterprise,Annual,605.94,1
CUST_003549,2024-11-25,2026-06-30,19,Germany,Finance,Mid-Market,Business,Annual,249.22,1
CUST_003550,2023-04-11,2026-06-30,38,United Kingdom,Manufacturing,Enterprise,Business,Annual,243.68,0
CUST_003551,2024-04-02,2026-06-30,26,United Kingdom,Retail,Small,Basic,Monthly,49.75,1
CUST_003552,2023-11-06,2026-06-30,31,United Kingdom,Finance,Small,Basic,Monthly,47.67,1
CUST_003553,2021-10-19,2026-06-30,56,Australia,Technology,Mid-Market,Business,Annual,248.94,1
CUST_003554,2022-11-29,2026-06-30,43,Germany,Retail,Mid-Market,Business,Annual,270.98,0
CUST_003555,2024-05-17,2026-06-30,25,Australia,Professional Services,Small,Business,Annual,241.87,1
CUST_003556,2024-03-19,2026-06-30,27,United States,Professional Services,Small,Basic,Monthly,48.26,0
CUST_003557,2022-12-14,2026-06-30,42,Germany,Retail,Mid-Market,Enterprise,Annual,564.41,1
CUST_003558,2024-09-17,2026-06-30,21,Germany,Technology,Small,Pro,Monthly,97.33,0
CUST_003559,2025-08-03,2026-06-30,10,United States,Finance,Enterprise,Business,Annual,253.66,1
CUST_003560,2024-02-12,2026-06-30,28,India,Manufacturing,Mid-Market,Pro,Monthly,96.38,0
CUST_003561,2026-01-29,2026-06-30,4,United States,Healthcare,Small,Business,Monthly,234.88,1
CUST_003562,2025-07-31,2026-06-30,10,United States,Manufacturing,Mid-Market,Business,Annual,253.5,1
CUST_003563,2024-05-06,2026-06-30,25,India,Finance,Mid-Market,Pro,Annual,101.31,1
CUST_003564,2022-07-02,2026-06-30,47,United States,Technology,Small,Basic,Monthly,50.5,1
CUST_003565,2022-07-29,2026-06-30,47,Canada,Retail,Small,Basic,Monthly,45.96,1
CUST_003566,2025-02-18,2026-06-30,16,United States,Retail,Small,Pro,Monthly,105.78,1
CUST_003567,2024-05-04,2026-06-30,25,India,Retail,Enterprise,Business,Annual,242.93,1
CUST_003568,2025-08-29,2026-06-30,10,Canada,Finance,Enterprise,Business,Annual,236.45,1
CUST_003569,2022-09-14,2026-06-30,45,Germany,Manufacturing,Small,Basic,Monthly,51.51,1
CUST_003570,2025-03-15,2026-06-30,15,Australia,Healthcare,Mid-Market,Business,Monthly,265.62,0
CUST_003571,2022-06-26,2026-06-30,48,United Kingdom,Manufacturing,Mid-Market,Pro,Monthly,97.44,0
CUST_003572,2022-04-11,2026-06-30,50,India,Retail,Small,Pro,Annual,94.88,0
CUST_003573,2023-01-11,2026-06-30,41,Australia,Healthcare,Small,Pro,Monthly,101.19,1
CUST_003574,2024-10-16,2026-06-30,20,Canada,Retail,Enterprise,Enterprise,Annual,559.09,1
CUST_003575,2021-09-24,2026-06-30,57,India,Retail,Small,Business,Annual,280.77,1
CUST_003576,2023-01-16,2026-06-30,41,United Kingdom,Healthcare,Mid-Market,Business,Annual,236.15,1
CUST_003577,2023-03-29,2026-06-30,39,United States,Retail,Mid-Market,Basic,Annual,49.87,1
CUST_003578,2022-03-16,2026-06-30,51,United States,Technology,Mid-Market,Basic,Monthly,48.61,1
CUST_003579,2022-01-30,2026-06-30,52,United Kingdom,Professional Services,Small,Pro,Monthly,94.45,1
CUST_003580,2026-01-12,2026-06-30,5,United States,Finance,Small,Pro,Monthly,94.37,1
CUST_003581,2022-01-30,2026-06-30,52,United Kingdom,Technology,Enterprise,Enterprise,Annual,632.78,1
CUST_003582,2022-08-27,2026-06-30,46,United States,Manufacturing,Small,Basic,Annual,49.9,1
CUST_003583,2025-05-26,2026-06-30,13,United Kingdom,Technology,Small,Basic,Monthly,47.29,0
CUST_003584,2024-11-25,2026-06-30,19,United States,Professional Services,Small,Pro,Monthly,96.23,0
CUST_003585,2022-09-18,2026-06-30,45,Australia,Healthcare,Mid-Market,Business,Annual,238.87,1
CUST_003586,2025-05-08,2026-06-30,13,United States,Finance,Small,Basic,Monthly,51.16,0
CUST_003587,2024-03-10,2026-06-30,27,United States,Technology,Mid-Market,Business,Monthly,260.48,0
CUST_003588,2023-01-11,2026-06-30,41,Canada,Technology,Small,Pro,Annual,101.61,1
CUST_003589,2023-03-21,2026-06-30,39,Canada,Technology,Mid-Market,Business,Annual,252.16,1
CUST_003590,2021-12-10,2026-06-30,54,United Kingdom,Technology,Enterprise,Enterprise,Annual,617.77,1
CUST_003591,2025-11-12,2026-06-30,7,United Kingdom,Finance,Small,Business,Annual,228.47,1
CUST_003592,2024-12-18,2026-06-30,18,United States,Finance,Mid-Market,Pro,Annual,100.36,0
CUST_003593,2021-07-29,2026-06-30,59,India,Healthcare,Mid-Market,Pro,Monthly,104.29,1
CUST_003594,2023-08-14,2026-06-30,34,Canada,Technology,Mid-Market,Enterprise,Annual,605.92,1
CUST_003595,2025-03-11,2026-06-30,15,United States,Technology,Small,Basic,Monthly,49.13,1
CUST_003596,2024-12-27,2026-06-30,18,Australia,Technology,Mid-Market,Basic,Annual,47.44,1
CUST_003597,2024-09-30,2026-06-30,20,United Kingdom,Technology,Small,Basic,Monthly,47.6,0
CUST_003598,2023-09-10,2026-06-30,33,United Kingdom,Finance,Small,Pro,Annual,96.41,1
CUST_003599,2025-01-06,2026-06-30,17,Canada,Technology,Small,Basic,Annual,49.55,1
CUST_003600,2023-05-11,2026-06-30,37,Canada,Finance,Small,Pro,Monthly,96.6,1
CUST_003601,2024-03-23,2026-06-30,27,United Kingdom,Professional Services,Small,Basic,Monthly,44.53,0
CUST_003602,2023-06-01,2026-06-30,36,United States,Finance,Mid-Market,Pro,Monthly,102.95,1
CUST_003603,2025-08-26,2026-06-30,10,United States,Technology,Mid-Market,Pro,Monthly,101.58,0
CUST_003604,2023-05-08,2026-06-30,37,India,Retail,Small,Basic,Monthly,49.87,1
CUST_003605,2021-11-14,2026-06-30,55,United Kingdom,Healthcare,Small,Pro,Monthly,94.36,1
CUST_003606,2025-10-01,2026-06-30,8,Canada,Technology,Mid-Market,Business,Monthly,242.87,1
CUST_003607,2024-10-21,2026-06-30,20,United States,Manufacturing,Small,Pro,Monthly,101.57,1
CUST_003608,2023-01-03,2026-06-30,41,Germany,Manufacturing,Mid-Market,Basic,Monthly,49.06,0
CUST_003609,2023-05-19,2026-06-30,37,United States,Professional Services,Small,Basic,Monthly,47.29,0
CUST_003610,2023-02-05,2026-06-30,40,United States,Professional Services,Mid-Market,Pro,Monthly,105.43,1
CUST_003611,2023-08-31,2026-06-30,33,United States,Retail,Small,Pro,Annual,94.81,1
CUST_003612,2023-01-22,2026-06-30,41,Germany,Retail,Mid-Market,Business,Annual,211.84,1
CUST_003613,2023-06-03,2026-06-30,36,United Kingdom,Healthcare,Small,Pro,Annual,99.43,1
CUST_003614,2026-01-19,2026-06-30,5,United States,Professional Services,Small,Basic,Annual,49.32,1
CUST_003615,2022-09-21,2026-06-30,45,United States,Retail,Enterprise,Enterprise,Annual,600.74,1
CUST_003616,2024-03-20,2026-06-30,27,United Kingdom,Finance,Enterprise,Enterprise,Annual,611.03,1
CUST_003617,2026-02-28,2026-06-30,4,United Kingdom,Technology,Small,Business,Annual,242.07,1
CUST_003618,2024-05-27,2026-06-30,25,Germany,Retail,Small,Basic,Monthly,51.51,1
CUST_003619,2024-04-10,2026-06-30,26,United States,Healthcare,Enterprise,Basic,Monthly,45.65,0
CUST_003620,2025-12-27,2026-06-30,6,Germany,Manufacturing,Small,Pro,Monthly,98.89,1
CUST_003621,2021-07-09,2026-06-30,59,India,Technology,Enterprise,Enterprise,Annual,580.26,1
CUST_003622,2025-04-27,2026-06-30,14,United Kingdom,Manufacturing,Small,Pro,Annual,103.98,1
CUST_003623,2024-10-15,2026-06-30,20,United States,Technology,Small,Basic,Monthly,47.05,1
CUST_003624,2024-03-31,2026-06-30,26,Germany,Retail,Small,Basic,Monthly,49.17,0
CUST_003625,2022-04-28,2026-06-30,50,United States,Finance,Small,Basic,Monthly,49.21,1
CUST_003626,2022-10-06,2026-06-30,44,United States,Finance,Small,Basic,Monthly,49.48,1
CUST_003627,2022-08-17,2026-06-30,46,United States,Healthcare,Small,Basic,Monthly,47.21,0
CUST_003628,2025-04-01,2026-06-30,14,India,Technology,Enterprise,Enterprise,Annual,609.95,1
CUST_003629,2022-04-05,2026-06-30,50,Canada,Technology,Small,Basic,Monthly,49.07,1
CUST_003630,2022-05-03,2026-06-30,49,India,Manufacturing,Mid-Market,Business,Annual,253.28,1
CUST_003631,2024-02-19,2026-06-30,28,Canada,Technology,Small,Basic,Monthly,52.86,1
CUST_003632,2023-09-25,2026-06-30,33,Canada,Manufacturing,Mid-Market,Pro,Monthly,99.57,0
CUST_003633,2026-03-26,2026-06-30,3,United States,Manufacturing,Small,Basic,Annual,46.56,0
CUST_003634,2022-09-05,2026-06-30,45,United Kingdom,Technology,Mid-Market,Basic,Monthly,53.8,0
CUST_003635,2021-09-10,2026-06-30,57,United States,Professional Services,Mid-Market,Business,Annual,261.19,1
CUST_003636,2024-02-03,2026-06-30,28,Canada,Manufacturing,Enterprise,Business,Annual,257.14,0
CUST_003637,2023-10-04,2026-06-30,32,United States,Manufacturing,Enterprise,Enterprise,Annual,593.53,1
CUST_003638,2023-12-17,2026-06-30,30,United States,Manufacturing,Small,Pro,Monthly,102.66,1
CUST_003639,2026-01-03,2026-06-30,5,United Kingdom,Retail,Small,Pro,Monthly,88.82,1
CUST_003640,2023-05-15,2026-06-30,37,United States,Professional Services,Small,Basic,Monthly,52.79,0
CUST_003641,2022-11-14,2026-06-30,43,United States,Technology,Mid-Market,Business,Annual,260.16,1
CUST_003642,2021-11-08,2026-06-30,55,India,Technology,Small,Basic,Monthly,48.57,0
CUST_003643,2021-11-05,2026-06-30,55,United States,Manufacturing,Mid-Market,Pro,Monthly,103.31,0
CUST_003644,2023-12-31,2026-06-30,29,United States,Finance,Enterprise,Enterprise,Annual,617.53,1
CUST_003645,2021-09-13,2026-06-30,57,United States,Retail,Small,Basic,Monthly,46.53,0
CUST_003646,2023-10-26,2026-06-30,32,United States,Finance,Small,Basic,Monthly,49.44,0
CUST_003647,2023-04-05,2026-06-30,38,Germany,Finance,Small,Pro,Annual,100.86,1
CUST_003648,2023-06-16,2026-06-30,36,United States,Professional Services,Small,Basic,Annual,48.67,1
CUST_003649,2021-07-04,2026-06-30,59,Canada,Technology,Small,Basic,Monthly,48.46,1
CUST_003650,2022-10-16,2026-06-30,44,United Kingdom,Technology,Small,Business,Annual,260.22,1
CUST_003651,2025-10-28,2026-06-30,8,United States,Retail,Enterprise,Business,Annual,251.19,1
CUST_003652,2026-01-23,2026-06-30,5,India,Manufacturing,Mid-Market,Business,Annual,272.38,0
CUST_003653,2024-05-26,2026-06-30,25,India,Professional Services,Small,Basic,Annual,47.4,1
CUST_003654,2023-11-18,2026-06-30,31,United States,Technology,Small,Business,Annual,254.1,1
CUST_003655,2023-02-16,2026-06-30,40,United States,Professional Services,Mid-Market,Business,Annual,237.54,1
CUST_003656,2024-01-18,2026-06-30,29,United States,Retail,Small,Basic,Monthly,50.66,0
CUST_003657,2023-11-20,2026-06-30,31,United States,Professional Services,Enterprise,Enterprise,Annual,565.62,1
CUST_003658,2021-11-19,2026-06-30,55,Canada,Technology,Small,Basic,Monthly,49.71,1
CUST_003659,2024-10-07,2026-06-30,20,United Kingdom,Finance,Enterprise,Enterprise,Annual,634.36,1
CUST_003660,2023-12-28,2026-06-30,30,Canada,Healthcare,Mid-Market,Business,Annual,249.65,1
CUST_003661,2023-09-04,2026-06-30,33,United States,Retail,Enterprise,Business,Annual,236.67,1
CUST_003662,2024-02-11,2026-06-30,28,United States,Technology,Mid-Market,Business,Annual,260.77,1
CUST_003663,2021-08-28,2026-06-30,58,India,Healthcare,Mid-Market,Basic,Monthly,49.88,1
CUST_003664,2021-09-07,2026-06-30,57,India,Retail,Small,Basic,Monthly,48.79,1
CUST_003665,2023-11-22,2026-06-30,31,United States,Finance,Mid-Market,Business,Annual,236.95,1
CUST_003666,2024-03-14,2026-06-30,27,United Kingdom,Healthcare,Mid-Market,Pro,Monthly,91.03,0
CUST_003667,2023-07-09,2026-06-30,35,Canada,Finance,Small,Pro,Annual,110.15,1
CUST_003668,2025-07-11,2026-06-30,11,Germany,Professional Services,Mid-Market,Enterprise,Annual,581.83,1
CUST_003669,2024-04-27,2026-06-30,26,United Kingdom,Retail,Small,Basic,Monthly,46.57,0
CUST_003670,2025-05-07,2026-06-30,13,India,Retail,Small,Pro,Annual,100.56,1
CUST_003671,2025-09-15,2026-06-30,9,United States,Professional Services,Small,Basic,Annual,46.51,0
CUST_003672,2025-12-12,2026-06-30,6,United States,Retail,Small,Enterprise,Annual,613.92,1
CUST_003673,2023-07-13,2026-06-30,35,India,Finance,Small,Pro,Monthly,105.69,0
CUST_003674,2026-05-30,2026-06-30,1,United States,Retail,Enterprise,Enterprise,Annual,567.32,1
CUST_003675,2023-03-29,2026-06-30,39,United States,Professional Services,Small,Pro,Monthly,97.52,1
CUST_003676,2024-04-16,2026-06-30,26,Germany,Technology,Enterprise,Business,Annual,254.36,1
CUST_003677,2024-08-12,2026-06-30,22,Australia,Retail,Enterprise,Business,Annual,233.83,1
CUST_003678,2022-08-20,2026-06-30,46,Germany,Technology,Small,Basic,Monthly,46.77,0
CUST_003679,2023-10-07,2026-06-30,32,Australia,Manufacturing,Mid-Market,Basic,Monthly,48.71,1
CUST_003680,2022-10-23,2026-06-30,44,Germany,Retail,Small,Basic,Annual,53.8,1
CUST_003681,2022-12-05,2026-06-30,42,United States,Professional Services,Enterprise,Business,Monthly,238.38,1
CUST_003682,2026-04-04,2026-06-30,2,United Kingdom,Retail,Small,Pro,Monthly,97.6,1
CUST_003683,2025-05-10,2026-06-30,13,Australia,Technology,Small,Pro,Monthly,111.27,1
CUST_003684,2023-08-12,2026-06-30,34,India,Healthcare,Small,Basic,Monthly,50.95,1
CUST_003685,2021-08-14,2026-06-30,58,United States,Professional Services,Mid-Market,Business,Annual,227.91,1
CUST_003686,2025-08-28,2026-06-30,10,United States,Technology,Small,Basic,Monthly,48.43,0
CUST_003687,2025-11-23,2026-06-30,7,Australia,Technology,Small,Basic,Annual,50.43,0
CUST_003688,2021-10-15,2026-06-30,56,United States,Manufacturing,Enterprise,Business,Annual,267.01,1
CUST_003689,2021-08-30,2026-06-30,57,United States,Healthcare,Small,Basic,Monthly,52.41,0
CUST_003690,2025-08-04,2026-06-30,10,Australia,Technology,Mid-Market,Pro,Monthly,101.77,0
CUST_003691,2024-06-09,2026-06-30,24,Canada,Finance,Mid-Market,Pro,Annual,102.55,1
CUST_003692,2023-05-03,2026-06-30,37,United States,Finance,Small,Basic,Monthly,45.82,0
CUST_003693,2025-06-15,2026-06-30,12,United States,Retail,Small,Basic,Annual,47.3,1
CUST_003694,2024-10-23,2026-06-30,20,United States,Healthcare,Small,Basic,Monthly,45.82,1
CUST_003695,2024-06-21,2026-06-30,24,Australia,Healthcare,Enterprise,Enterprise,Annual,629.86,1
CUST_003696,2023-04-06,2026-06-30,38,Canada,Manufacturing,Mid-Market,Pro,Annual,100.86,1
CUST_003697,2024-11-25,2026-06-30,19,United States,Finance,Small,Basic,Monthly,49.26,1
CUST_003698,2024-05-21,2026-06-30,25,United States,Retail,Mid-Market,Basic,Monthly,52.78,0
CUST_003699,2024-12-28,2026-06-30,18,United States,Finance,Small,Basic,Monthly,50.32,0
CUST_003700,2022-09-06,2026-06-30,45,United States,Healthcare,Small,Basic,Monthly,51.79,0
CUST_003701,2025-08-30,2026-06-30,9,United States,Retail,Small,Basic,Monthly,50.85,0
CUST_003702,2025-04-12,2026-06-30,14,United Kingdom,Retail,Mid-Market,Business,Monthly,259.63,0
CUST_003703,2025-03-09,2026-06-30,15,United States,Professional Services,Small,Pro,Monthly,93.84,1
CUST_003704,2021-12-18,2026-06-30,54,United States,Finance,Mid-Market,Enterprise,Annual,628.18,0
CUST_003705,2021-10-09,2026-06-30,56,Canada,Technology,Small,Business,Monthly,254.89,1
CUST_003706,2023-12-16,2026-06-30,30,Canada,Healthcare,Mid-Market,Pro,Annual,96.98,1
CUST_003707,2025-08-24,2026-06-30,10,United States,Healthcare,Mid-Market,Pro,Monthly,102.39,1
CUST_003708,2022-09-12,2026-06-30,45,United States,Technology,Small,Basic,Monthly,52.15,1
CUST_003709,2023-12-30,2026-06-30,29,United States,Professional Services,Small,Basic,Monthly,48.76,1
CUST_003710,2022-03-28,2026-06-30,51,United States,Manufacturing,Mid-Market,Business,Annual,239.67,1
CUST_003711,2024-08-23,2026-06-30,22,Germany,Healthcare,Small,Basic,Monthly,47.28,0
CUST_003712,2021-07-04,2026-06-30,59,United States,Healthcare,Small,Business,Monthly,231.63,0
CUST_003713,2022-06-13,2026-06-30,48,Australia,Technology,Mid-Market,Business,Monthly,246.9,1
CUST_003714,2025-04-25,2026-06-30,14,Germany,Healthcare,Small,Business,Annual,256.35,1
CUST_003715,2022-11-06,2026-06-30,43,United States,Retail,Mid-Market,Enterprise,Annual,650.92,1
CUST_003716,2025-01-02,2026-06-30,17,United States,Professional Services,Small,Basic,Monthly,47.03,1
CUST_003717,2024-09-11,2026-06-30,21,United States,Healthcare,Small,Basic,Annual,49.88,1
CUST_003718,2025-03-08,2026-06-30,15,United States,Technology,Mid-Market,Pro,Annual,99.11,1
CUST_003719,2023-01-23,2026-06-30,41,United Kingdom,Technology,Mid-Market,Pro,Monthly,98.96,1
CUST_003720,2025-02-14,2026-06-30,16,United States,Technology,Small,Pro,Monthly,91.43,0
CUST_003721,2023-04-11,2026-06-30,38,Australia,Professional Services,Small,Business,Annual,236.41,1
CUST_003722,2023-07-21,2026-06-30,35,Canada,Manufacturing,Small,Basic,Monthly,53.45,0
CUST_003723,2022-09-22,2026-06-30,45,Germany,Professional Services,Small,Basic,Monthly,51.47,0
CUST_003724,2021-07-13,2026-06-30,59,Germany,Professional Services,Enterprise,Enterprise,Annual,607.47,1
CUST_003725,2026-05-16,2026-06-30,1,Canada,Technology,Small,Basic,Monthly,50.13,1
CUST_003726,2021-07-19,2026-06-30,59,India,Manufacturing,Mid-Market,Business,Annual,258.26,1
CUST_003727,2025-11-16,2026-06-30,7,India,Manufacturing,Small,Basic,Monthly,47.9,0
CUST_003728,2023-10-29,2026-06-30,32,United States,Technology,Small,Basic,Annual,48.0,1
CUST_003729,2024-09-27,2026-06-30,21,United States,Healthcare,Mid-Market,Pro,Annual,95.95,0
CUST_003730,2023-04-10,2026-06-30,38,United States,Retail,Mid-Market,Basic,Annual,49.41,1
CUST_003731,2022-11-13,2026-06-30,43,United States,Professional Services,Small,Basic,Monthly,46.18,1
CUST_003732,2022-03-10,2026-06-30,51,United Kingdom,Technology,Small,Basic,Monthly,47.37,0
CUST_003733,2024-06-09,2026-06-30,24,United States,Professional Services,Small,Basic,Monthly,50.24,0
CUST_003734,2021-10-30,2026-06-30,55,Canada,Professional Services,Small,Pro,Monthly,97.25,0
CUST_003735,2024-10-30,2026-06-30,19,Germany,Professional Services,Mid-Market,Basic,Monthly,44.71,1
CUST_003736,2025-05-31,2026-06-30,12,United States,Technology,Small,Pro,Monthly,97.12,0
CUST_003737,2024-07-20,2026-06-30,23,United Kingdom,Technology,Small,Basic,Monthly,50.34,0
CUST_003738,2023-10-26,2026-06-30,32,United States,Retail,Small,Pro,Annual,99.57,1
CUST_003739,2023-02-17,2026-06-30,40,Australia,Finance,Enterprise,Business,Monthly,227.96,1
CUST_003740,2022-04-28,2026-06-30,50,United Kingdom,Technology,Small,Pro,Monthly,104.11,0
CUST_003741,2025-04-23,2026-06-30,14,United States,Manufacturing,Mid-Market,Basic,Annual,48.4,1
CUST_003742,2024-12-03,2026-06-30,18,United Kingdom,Technology,Small,Basic,Monthly,49.83,1
CUST_003743,2021-10-20,2026-06-30,56,United States,Healthcare,Small,Business,Annual,262.01,1
CUST_003744,2024-04-02,2026-06-30,26,Germany,Professional Services,Small,Basic,Monthly,48.7,1
CUST_003745,2025-03-24,2026-06-30,15,United Kingdom,Healthcare,Mid-Market,Business,Monthly,225.23,0
CUST_003746,2021-07-27,2026-06-30,59,Canada,Professional Services,Small,Pro,Monthly,107.69,1
CUST_003747,2024-03-17,2026-06-30,27,Germany,Healthcare,Enterprise,Business,Monthly,221.51,0
CUST_003748,2021-07-28,2026-06-30,59,India,Finance,Small,Basic,Monthly,48.19,1
CUST_003749,2021-11-23,2026-06-30,55,Australia,Technology,Mid-Market,Business,Annual,265.13,1
CUST_003750,2021-12-17,2026-06-30,54,United Kingdom,Finance,Small,Business,Annual,240.32,1
CUST_003751,2023-07-22,2026-06-30,35,Germany,Finance,Small,Basic,Monthly,47.44,0
CUST_003752,2022-06-28,2026-06-30,48,Canada,Professional Services,Mid-Market,Business,Monthly,246.3,0
CUST_003753,2021-09-10,2026-06-30,57,Australia,Professional Services,Small,Pro,Annual,98.11,1
CUST_003754,2025-02-02,2026-06-30,16,Australia,Technology,Small,Basic,Monthly,46.89,0
CUST_003755,2026-03-25,2026-06-30,3,United States,Technology,Mid-Market,Business,Monthly,241.08,1
CUST_003756,2024-11-02,2026-06-30,19,United States,Retail,Mid-Market,Basic,Annual,51.63,1
CUST_003757,2023-04-14,2026-06-30,38,United States,Healthcare,Mid-Market,Business,Annual,242.39,1
CUST_003758,2023-09-22,2026-06-30,33,United States,Finance,Small,Business,Monthly,255.26,1
CUST_003759,2026-01-07,2026-06-30,5,United States,Finance,Mid-Market,Business,Monthly,237.64,1
CUST_003760,2023-08-29,2026-06-30,34,United States,Technology,Mid-Market,Pro,Monthly,105.85,1
CUST_003761,2025-07-22,2026-06-30,11,United Kingdom,Healthcare,Mid-Market,Business,Annual,260.67,1
CUST_003762,2023-12-06,2026-06-30,30,United States,Technology,Mid-Market,Pro,Annual,98.56,1
CUST_003763,2023-08-02,2026-06-30,34,United States,Manufacturing,Mid-Market,Pro,Monthly,102.17,1
CUST_003764,2023-04-15,2026-06-30,38,United Kingdom,Finance,Mid-Market,Pro,Monthly,106.53,1
CUST_003765,2024-05-21,2026-06-30,25,United States,Healthcare,Small,Basic,Monthly,46.55,1
CUST_003766,2024-05-29,2026-06-30,25,Canada,Healthcare,Small,Basic,Monthly,46.41,0
CUST_003767,2023-01-29,2026-06-30,40,Australia,Technology,Small,Basic,Monthly,49.92,1
CUST_003768,2022-09-25,2026-06-30,45,India,Professional Services,Small,Pro,Monthly,92.6,0
CUST_003769,2022-06-12,2026-06-30,48,United Kingdom,Retail,Mid-Market,Business,Annual,229.67,1
CUST_003770,2024-10-10,2026-06-30,20,United States,Professional Services,Small,Basic,Monthly,45.07,0
CUST_003771,2024-04-30,2026-06-30,25,United States,Healthcare,Small,Basic,Monthly,49.36,1
CUST_003772,2024-10-15,2026-06-30,20,India,Healthcare,Enterprise,Enterprise,Monthly,538.04,0
CUST_003773,2023-10-28,2026-06-30,32,Germany,Technology,Enterprise,Pro,Annual,97.0,1
CUST_003774,2025-10-15,2026-06-30,8,Germany,Healthcare,Small,Basic,Monthly,40.6,1
CUST_003775,2024-04-19,2026-06-30,26,Germany,Retail,Small,Basic,Monthly,50.07,1
CUST_003776,2025-06-27,2026-06-30,12,United States,Healthcare,Small,Business,Monthly,255.29,1
CUST_003777,2023-10-19,2026-06-30,32,Canada,Technology,Small,Basic,Monthly,48.48,0
CUST_003778,2022-03-27,2026-06-30,51,Australia,Finance,Small,Business,Monthly,263.71,1
CUST_003779,2021-07-28,2026-06-30,59,India,Technology,Small,Business,Annual,258.9,1
CUST_003780,2024-03-21,2026-06-30,27,United States,Finance,Mid-Market,Enterprise,Annual,575.3,1
CUST_003781,2026-02-19,2026-06-30,4,United Kingdom,Retail,Small,Pro,Annual,94.66,1
CUST_003782,2025-04-17,2026-06-30,14,United States,Professional Services,Small,Pro,Annual,103.37,1
CUST_003783,2025-11-24,2026-06-30,7,India,Technology,Mid-Market,Enterprise,Annual,619.51,1
CUST_003784,2022-09-06,2026-06-30,45,United States,Technology,Small,Basic,Monthly,48.34,1
CUST_003785,2021-07-29,2026-06-30,59,Germany,Finance,Small,Pro,Monthly,90.29,1
CUST_003786,2023-09-10,2026-06-30,33,United States,Technology,Small,Basic,Monthly,51.28,0
CUST_003787,2025-07-18,2026-06-30,11,United Kingdom,Retail,Small,Basic,Monthly,49.16,0
CUST_003788,2026-04-24,2026-06-30,2,United Kingdom,Technology,Small,Basic,Monthly,48.86,1
CUST_003789,2021-08-13,2026-06-30,58,United States,Professional Services,Small,Enterprise,Annual,513.97,1
CUST_003790,2024-11-10,2026-06-30,19,Australia,Professional Services,Small,Basic,Monthly,50.31,1
CUST_003791,2025-11-11,2026-06-30,7,India,Healthcare,Mid-Market,Business,Monthly,248.24,1
CUST_003792,2025-07-18,2026-06-30,11,India,Professional Services,Mid-Market,Business,Annual,242.28,1
CUST_003793,2025-02-27,2026-06-30,16,United States,Retail,Small,Pro,Annual,94.86,1
CUST_003794,2023-03-11,2026-06-30,39,Germany,Professional Services,Mid-Market,Pro,Annual,99.55,1
CUST_003795,2022-01-12,2026-06-30,53,United Kingdom,Finance,Small,Basic,Annual,50.15,1
CUST_003796,2025-01-23,2026-06-30,17,United Kingdom,Professional Services,Small,Pro,Annual,97.11,1
CUST_003797,2023-01-14,2026-06-30,41,Canada,Technology,Small,Business,Annual,255.96,1
CUST_003798,2026-02-04,2026-06-30,4,United Kingdom,Finance,Small,Business,Annual,234.65,1
CUST_003799,2026-05-13,2026-06-30,1,United States,Professional Services,Small,Basic,Monthly,47.4,1
CUST_003800,2026-02-22,2026-06-30,4,Canada,Finance,Enterprise,Business,Annual,257.54,1
CUST_003801,2021-11-16,2026-06-30,55,United States,Technology,Small,Pro,Annual,97.0,1
CUST_003802,2023-07-22,2026-06-30,35,United States,Technology,Small,Basic,Monthly,53.21,0
CUST_003803,2022-06-16,2026-06-30,48,United States,Technology,Small,Pro,Monthly,100.37,1
CUST_003804,2026-04-23,2026-06-30,2,United States,Finance,Enterprise,Enterprise,Annual,564.02,1
CUST_003805,2026-04-22,2026-06-30,2,Australia,Healthcare,Small,Basic,Monthly,45.16,1
CUST_003806,2022-03-30,2026-06-30,51,United Kingdom,Healthcare,Enterprise,Enterprise,Annual,622.49,1
CUST_003807,2025-11-28,2026-06-30,7,United States,Manufacturing,Small,Basic,Annual,47.51,1
CUST_003808,2025-08-26,2026-06-30,10,Australia,Technology,Mid-Market,Enterprise,Annual,626.46,1
CUST_003809,2023-11-12,2026-06-30,31,India,Professional Services,Small,Basic,Annual,47.68,1
CUST_003810,2023-06-08,2026-06-30,36,India,Retail,Small,Pro,Monthly,100.2,1
CUST_003811,2025-04-16,2026-06-30,14,Australia,Manufacturing,Small,Basic,Annual,48.18,1
CUST_003812,2024-03-24,2026-06-30,27,India,Manufacturing,Small,Basic,Monthly,49.63,1
CUST_003813,2023-02-05,2026-06-30,40,United Kingdom,Professional Services,Small,Basic,Monthly,50.79,0
CUST_003814,2024-03-28,2026-06-30,27,India,Technology,Small,Pro,Monthly,99.09,0
CUST_003815,2024-07-14,2026-06-30,23,India,Retail,Mid-Market,Enterprise,Annual,618.8,1
CUST_003816,2026-01-23,2026-06-30,5,United States,Professional Services,Mid-Market,Business,Annual,227.85,1
CUST_003817,2024-03-11,2026-06-30,27,India,Manufacturing,Small,Pro,Monthly,101.06,1
CUST_003818,2022-06-21,2026-06-30,48,Australia,Technology,Mid-Market,Pro,Annual,99.11,0
CUST_003819,2023-05-02,2026-06-30,37,Australia,Retail,Mid-Market,Enterprise,Annual,591.15,1
CUST_003820,2022-01-09,2026-06-30,53,India,Manufacturing,Enterprise,Business,Annual,219.23,1
CUST_003821,2025-10-17,2026-06-30,8,United States,Finance,Small,Pro,Monthly,90.74,0
CUST_003822,2026-05-12,2026-06-30,1,Canada,Retail,Small,Basic,Annual,49.56,1
CUST_003823,2023-09-21,2026-06-30,33,United Kingdom,Professional Services,Enterprise,Enterprise,Annual,609.59,1
CUST_003824,2025-07-15,2026-06-30,11,Germany,Healthcare,Enterprise,Business,Annual,254.1,1
CUST_003825,2023-06-30,2026-06-30,36,India,Technology,Enterprise,Business,Annual,248.91,1
CUST_003826,2021-12-21,2026-06-30,54,India,Healthcare,Mid-Market,Basic,Annual,46.06,1
CUST_003827,2024-10-03,2026-06-30,20,Germany,Retail,Mid-Market,Business,Monthly,236.2,1
CUST_003828,2023-09-18,2026-06-30,33,India,Healthcare,Enterprise,Business,Monthly,222.74,1
CUST_003829,2023-01-24,2026-06-30,41,United States,Retail,Small,Business,Annual,250.55,1
CUST_003830,2025-09-04,2026-06-30,9,India,Healthcare,Small,Pro,Annual,108.43,1
CUST_003831,2022-01-02,2026-06-30,53,United States,Professional Services,Enterprise,Enterprise,Annual,596.25,1
CUST_003832,2025-06-01,2026-06-30,12,United Kingdom,Manufacturing,Mid-Market,Pro,Monthly,95.24,0
CUST_003833,2022-06-11,2026-06-30,48,United States,Manufacturing,Small,Pro,Annual,99.13,0
CUST_003834,2023-03-04,2026-06-30,39,United Kingdom,Healthcare,Small,Basic,Monthly,48.67,0
CUST_003835,2025-09-20,2026-06-30,9,United States,Technology,Enterprise,Enterprise,Annual,547.0,0
CUST_003836,2022-11-07,2026-06-30,43,United States,Manufacturing,Small,Basic,Monthly,49.62,1
CUST_003837,2025-06-13,2026-06-30,12,United Kingdom,Technology,Mid-Market,Pro,Monthly,98.46,1
CUST_003838,2023-06-21,2026-06-30,36,Germany,Healthcare,Small,Basic,Monthly,48.58,0
CUST_003839,2021-09-12,2026-06-30,57,United States,Technology,Small,Basic,Monthly,53.87,1
CUST_003840,2021-09-24,2026-06-30,57,Germany,Healthcare,Mid-Market,Business,Monthly,247.74,0
CUST_003841,2022-02-18,2026-06-30,52,United States,Retail,Enterprise,Business,Annual,271.69,1
CUST_003842,2023-12-27,2026-06-30,30,United States,Healthcare,Small,Pro,Monthly,94.91,1
CUST_003843,2023-08-31,2026-06-30,33,United States,Healthcare,Small,Basic,Annual,45.3,1
CUST_003844,2024-12-09,2026-06-30,18,United Kingdom,Technology,Small,Basic,Monthly,47.02,0
CUST_003845,2021-11-20,2026-06-30,55,Australia,Finance,Small,Business,Monthly,263.61,0
CUST_003846,2024-01-26,2026-06-30,29,United Kingdom,Healthcare,Enterprise,Enterprise,Annual,576.28,1
CUST_003847,2022-08-15,2026-06-30,46,Australia,Professional Services,Small,Business,Monthly,231.25,0
CUST_003848,2024-08-24,2026-06-30,22,United Kingdom,Professional Services,Enterprise,Business,Annual,253.24,1
CUST_003849,2022-10-10,2026-06-30,44,Australia,Professional Services,Enterprise,Enterprise,Annual,587.51,1
CUST_003850,2025-04-24,2026-06-30,14,India,Technology,Small,Pro,Monthly,101.84,1
CUST_003851,2022-10-22,2026-06-30,44,United States,Finance,Small,Pro,Monthly,95.68,1
CUST_003852,2026-03-10,2026-06-30,3,United States,Healthcare,Enterprise,Pro,Annual,94.43,1
CUST_003853,2025-11-24,2026-06-30,7,United States,Retail,Small,Basic,Monthly,53.07,1
CUST_003854,2024-09-06,2026-06-30,21,United Kingdom,Manufacturing,Enterprise,Business,Annual,238.63,1
CUST_003855,2024-01-17,2026-06-30,29,United Kingdom,Manufacturing,Small,Pro,Monthly,94.86,0
CUST_003856,2022-12-02,2026-06-30,42,United States,Healthcare,Small,Pro,Monthly,101.29,0
CUST_003857,2024-08-25,2026-06-30,22,India,Retail,Small,Pro,Annual,85.21,1
CUST_003858,2026-04-28,2026-06-30,2,India,Professional Services,Small,Basic,Monthly,50.8,1
CUST_003859,2024-10-24,2026-06-30,20,United States,Technology,Mid-Market,Business,Annual,271.27,1
CUST_003860,2024-04-03,2026-06-30,26,United States,Manufacturing,Mid-Market,Pro,Monthly,103.28,1
CUST_003861,2023-09-29,2026-06-30,33,United States,Manufacturing,Small,Pro,Annual,93.85,1
CUST_003862,2023-04-02,2026-06-30,38,United States,Technology,Small,Basic,Annual,47.23,1
CUST_003863,2025-03-13,2026-06-30,15,India,Professional Services,Small,Pro,Annual,99.32,1
CUST_003864,2023-06-01,2026-06-30,36,United Kingdom,Professional Services,Enterprise,Business,Annual,253.55,1
CUST_003865,2023-04-24,2026-06-30,38,United States,Manufacturing,Enterprise,Business,Annual,269.09,1
CUST_003866,2022-08-06,2026-06-30,46,Canada,Technology,Mid-Market,Business,Annual,268.53,1
CUST_003867,2023-11-06,2026-06-30,31,United States,Technology,Enterprise,Enterprise,Annual,592.55,1
CUST_003868,2022-06-07,2026-06-30,48,Canada,Retail,Small,Basic,Monthly,47.7,1
CUST_003869,2025-04-29,2026-06-30,14,Canada,Technology,Small,Basic,Monthly,47.09,1
CUST_003870,2022-12-01,2026-06-30,42,United Kingdom,Technology,Small,Basic,Monthly,50.58,1
CUST_003871,2026-03-10,2026-06-30,3,United Kingdom,Healthcare,Mid-Market,Enterprise,Annual,631.34,1
CUST_003872,2025-11-28,2026-06-30,7,India,Technology,Small,Basic,Monthly,49.17,1
CUST_003873,2022-03-01,2026-06-30,51,United States,Manufacturing,Enterprise,Business,Annual,248.98,1
CUST_003874,2024-01-30,2026-06-30,28,Australia,Healthcare,Small,Basic,Monthly,54.18,1
CUST_003875,2023-05-13,2026-06-30,37,United States,Technology,Small,Pro,Annual,102.37,0
CUST_003876,2023-06-13,2026-06-30,36,United States,Healthcare,Small,Basic,Monthly,43.97,0
CUST_003877,2022-12-31,2026-06-30,41,India,Technology,Mid-Market,Business,Annual,248.57,1
CUST_003878,2025-03-17,2026-06-30,15,Germany,Technology,Small,Business,Monthly,251.51,1
CUST_003879,2025-07-16,2026-06-30,11,United States,Healthcare,Mid-Market,Pro,Annual,97.67,1
CUST_003880,2026-03-16,2026-06-30,3,Canada,Healthcare,Mid-Market,Basic,Monthly,52.09,0
CUST_003881,2022-03-01,2026-06-30,51,Germany,Finance,Small,Basic,Monthly,48.19,0
CUST_003882,2025-04-25,2026-06-30,14,India,Retail,Mid-Market,Enterprise,Annual,569.51,1
CUST_003883,2023-08-03,2026-06-30,34,United Kingdom,Finance,Small,Basic,Monthly,47.26,1
CUST_003884,2024-03-06,2026-06-30,27,United States,Retail,Mid-Market,Basic,Monthly,50.65,0
CUST_003885,2025-08-13,2026-06-30,10,Canada,Finance,Small,Business,Monthly,232.13,1
CUST_003886,2024-05-18,2026-06-30,25,United States,Manufacturing,Mid-Market,Business,Annual,242.86,1
CUST_003887,2026-01-02,2026-06-30,5,United States,Retail,Small,Basic,Monthly,51.08,0
CUST_003888,2025-07-18,2026-06-30,11,United Kingdom,Technology,Small,Basic,Monthly,45.67,0
CUST_003889,2025-09-23,2026-06-30,9,Australia,Retail,Mid-Market,Business,Annual,236.09,1
CUST_003890,2022-05-13,2026-06-30,49,United States,Manufacturing,Small,Pro,Monthly,90.61,0
CUST_003891,2023-08-17,2026-06-30,34,Australia,Technology,Mid-Market,Pro,Monthly,94.57,1
CUST_003892,2021-11-12,2026-06-30,55,Germany,Retail,Small,Basic,Monthly,47.72,1
CUST_003893,2024-04-09,2026-06-30,26,Germany,Manufacturing,Small,Business,Annual,246.05,1
CUST_003894,2025-06-04,2026-06-30,12,United States,Technology,Small,Pro,Monthly,94.46,0
CUST_003895,2023-06-04,2026-06-30,36,United States,Professional Services,Mid-Market,Pro,Monthly,97.11,1
CUST_003896,2021-11-05,2026-06-30,55,United States,Healthcare,Small,Business,Monthly,261.2,0
CUST_003897,2023-10-18,2026-06-30,32,United States,Manufacturing,Small,Pro,Monthly,100.65,0
CUST_003898,2026-04-29,2026-06-30,2,United States,Professional Services,Small,Business,Annual,275.57,1
CUST_003899,2024-12-02,2026-06-30,18,United States,Professional Services,Small,Basic,Annual,47.35,1
CUST_003900,2021-11-13,2026-06-30,55,United States,Retail,Mid-Market,Pro,Annual,96.78,1
CUST_003901,2023-11-13,2026-06-30,31,United States,Manufacturing,Enterprise,Enterprise,Annual,603.62,1
CUST_003902,2021-09-26,2026-06-30,57,India,Finance,Mid-Market,Pro,Monthly,96.45,0
CUST_003903,2023-11-29,2026-06-30,31,Australia,Finance,Small,Basic,Monthly,48.93,1
CUST_003904,2026-05-10,2026-06-30,1,United States,Professional Services,Small,Pro,Monthly,89.51,0
CUST_003905,2022-02-14,2026-06-30,52,India,Finance,Mid-Market,Business,Annual,244.38,1
CUST_003906,2022-08-31,2026-06-30,45,United States,Professional Services,Mid-Market,Pro,Monthly,103.34,1
CUST_003907,2022-11-25,2026-06-30,43,Canada,Technology,Small,Basic,Monthly,53.66,0
CUST_003908,2021-08-24,2026-06-30,58,Australia,Technology,Mid-Market,Business,Annual,267.04,1
CUST_003909,2025-06-13,2026-06-30,12,Canada,Technology,Small,Pro,Annual,99.62,1
CUST_003910,2021-12-17,2026-06-30,54,United States,Healthcare,Small,Basic,Monthly,50.18,1
CUST_003911,2025-04-09,2026-06-30,14,United States,Technology,Small,Basic,Monthly,49.81,1
CUST_003912,2021-08-23,2026-06-30,58,Canada,Finance,Small,Basic,Monthly,47.64,1
CUST_003913,2025-06-22,2026-06-30,12,United Kingdom,Professional Services,Small,Pro,Monthly,94.25,0
CUST_003914,2023-09-17,2026-06-30,33,Canada,Manufacturing,Small,Pro,Annual,100.23,1
CUST_003915,2022-07-15,2026-06-30,47,Canada,Manufacturing,Small,Pro,Annual,98.45,1
CUST_003916,2026-01-11,2026-06-30,5,United States,Technology,Small,Basic,Annual,51.06,1
CUST_003917,2026-02-01,2026-06-30,4,United Kingdom,Finance,Small,Basic,Annual,43.17,1
CUST_003918,2022-03-28,2026-06-30,51,United States,Retail,Small,Basic,Monthly,48.57,1
CUST_003919,2026-02-12,2026-06-30,4,India,Technology,Mid-Market,Business,Annual,264.05,0
CUST_003920,2023-05-26,2026-06-30,37,Germany,Healthcare,Mid-Market,Business,Annual,256.18,1
CUST_003921,2021-10-20,2026-06-30,56,Canada,Professional Services,Small,Basic,Annual,46.59,1
CUST_003922,2023-05-24,2026-06-30,37,Germany,Technology,Small,Basic,Monthly,45.79,0
CUST_003923,2024-01-19,2026-06-30,29,United States,Professional Services,Small,Business,Monthly,248.43,1
CUST_003924,2024-05-13,2026-06-30,25,United States,Technology,Small,Basic,Monthly,50.92,1
CUST_003925,2023-04-12,2026-06-30,38,Canada,Technology,Small,Pro,Annual,101.56,1
CUST_003926,2023-08-09,2026-06-30,34,Canada,Technology,Small,Pro,Annual,99.57,1
CUST_003927,2023-12-13,2026-06-30,30,Germany,Professional Services,Small,Pro,Monthly,102.18,1
CUST_003928,2025-08-29,2026-06-30,10,India,Retail,Mid-Market,Pro,Monthly,100.27,0
CUST_003929,2023-02-27,2026-06-30,40,United States,Manufacturing,Small,Basic,Annual,50.47,1
CUST_003930,2022-10-12,2026-06-30,44,United States,Finance,Small,Pro,Monthly,103.64,0
CUST_003931,2022-12-06,2026-06-30,42,United Kingdom,Professional Services,Small,Basic,Monthly,47.91,1
CUST_003932,2026-01-17,2026-06-30,5,United States,Retail,Enterprise,Pro,Annual,94.62,0
CUST_003933,2022-12-17,2026-06-30,42,United States,Retail,Mid-Market,Business,Annual,258.07,1
CUST_003934,2022-10-30,2026-06-30,43,India,Manufacturing,Mid-Market,Pro,Monthly,96.47,0
CUST_003935,2025-07-06,2026-06-30,11,Australia,Manufacturing,Enterprise,Business,Monthly,224.77,1
CUST_003936,2022-03-30,2026-06-30,51,India,Retail,Small,Business,Annual,266.77,1
CUST_003937,2023-11-03,2026-06-30,31,United States,Technology,Small,Basic,Monthly,49.62,0
CUST_003938,2024-02-03,2026-06-30,28,United States,Professional Services,Mid-Market,Pro,Annual,100.04,1
CUST_003939,2022-11-11,2026-06-30,43,Canada,Finance,Small,Basic,Monthly,48.55,0
CUST_003940,2023-11-28,2026-06-30,31,India,Professional Services,Mid-Market,Enterprise,Monthly,624.07,1
CUST_003941,2023-09-27,2026-06-30,33,United States,Finance,Small,Business,Annual,233.02,1
CUST_003942,2024-11-17,2026-06-30,19,United States,Technology,Small,Basic,Monthly,49.01,1
CUST_003943,2021-11-08,2026-06-30,55,United States,Finance,Small,Basic,Monthly,49.69,1
CUST_003944,2021-08-25,2026-06-30,58,Germany,Retail,Small,Pro,Monthly,101.73,0
CUST_003945,2025-10-09,2026-06-30,8,Australia,Finance,Mid-Market,Pro,Monthly,90.54,1
CUST_003946,2022-10-24,2026-06-30,44,Germany,Professional Services,Small,Basic,Monthly,50.45,1
CUST_003947,2026-04-20,2026-06-30,2,United States,Retail,Small,Basic,Monthly,47.97,1
CUST_003948,2024-08-07,2026-06-30,22,Germany,Technology,Small,Basic,Annual,47.4,1
CUST_003949,2021-08-24,2026-06-30,58,Canada,Healthcare,Mid-Market,Business,Annual,229.56,1
CUST_003950,2025-07-22,2026-06-30,11,United States,Manufacturing,Mid-Market,Pro,Monthly,110.05,1
CUST_003951,2024-07-24,2026-06-30,23,United States,Professional Services,Mid-Market,Business,Annual,247.4,1
CUST_003952,2025-05-02,2026-06-30,13,Canada,Finance,Small,Basic,Monthly,49.6,1
CUST_003953,2022-11-01,2026-06-30,43,United States,Professional Services,Small,Basic,Monthly,46.42,0
CUST_003954,2024-02-19,2026-06-30,28,India,Technology,Small,Business,Monthly,229.96,0
CUST_003955,2023-07-02,2026-06-30,35,Canada,Retail,Small,Basic,Monthly,51.0,0
CUST_003956,2021-10-13,2026-06-30,56,United States,Manufacturing,Small,Basic,Monthly,45.69,1
CUST_003957,2023-11-08,2026-06-30,31,Germany,Healthcare,Enterprise,Enterprise,Annual,638.04,1
CUST_003958,2022-10-22,2026-06-30,44,United Kingdom,Technology,Small,Pro,Monthly,107.91,1
CUST_003959,2025-12-07,2026-06-30,6,United States,Retail,Small,Pro,Monthly,95.16,0
CUST_003960,2025-05-10,2026-06-30,13,United Kingdom,Finance,Small,Basic,Monthly,47.87,0
CUST_003961,2021-10-05,2026-06-30,56,United States,Technology,Small,Basic,Monthly,42.77,1
CUST_003962,2022-03-11,2026-06-30,51,United States,Technology,Small,Basic,Monthly,44.73,0
CUST_003963,2023-03-10,2026-06-30,39,Germany,Manufacturing,Mid-Market,Business,Annual,256.87,0
CUST_003964,2024-07-22,2026-06-30,23,United Kingdom,Technology,Mid-Market,Pro,Monthly,105.21,0
CUST_003965,2025-06-07,2026-06-30,12,United States,Healthcare,Mid-Market,Business,Annual,239.27,1
CUST_003966,2022-03-25,2026-06-30,51,United States,Professional Services,Enterprise,Enterprise,Annual,580.12,1
CUST_003967,2022-07-22,2026-06-30,47,Canada,Manufacturing,Small,Basic,Monthly,45.13,1
CUST_003968,2025-03-24,2026-06-30,15,United States,Healthcare,Mid-Market,Business,Annual,234.93,1
CUST_003969,2023-07-08,2026-06-30,35,India,Healthcare,Enterprise,Business,Annual,265.54,1
CUST_003970,2023-05-17,2026-06-30,37,United Kingdom,Technology,Small,Pro,Monthly,100.53,1
CUST_003971,2024-01-25,2026-06-30,29,India,Healthcare,Mid-Market,Business,Monthly,226.65,1
CUST_003972,2021-11-10,2026-06-30,55,United States,Technology,Enterprise,Enterprise,Annual,615.97,1
CUST_003973,2025-10-21,2026-06-30,8,Australia,Technology,Mid-Market,Business,Annual,278.52,1
CUST_003974,2025-02-23,2026-06-30,16,United States,Technology,Small,Basic,Monthly,48.03,0
CUST_003975,2025-12-12,2026-06-30,6,United States,Retail,Small,Pro,Annual,95.7,0
CUST_003976,2023-01-04,2026-06-30,41,United States,Technology,Mid-Market,Business,Monthly,256.24,0
CUST_003977,2023-04-02,2026-06-30,38,United States,Technology,Enterprise,Business,Monthly,261.53,0
CUST_003978,2021-07-24,2026-06-30,59,India,Professional Services,Small,Basic,Monthly,51.01,1
CUST_003979,2023-10-01,2026-06-30,32,Germany,Technology,Small,Basic,Monthly,48.22,1
CUST_003980,2025-09-03,2026-06-30,9,United Kingdom,Manufacturing,Small,Pro,Annual,96.92,1
CUST_003981,2024-03-13,2026-06-30,27,United Kingdom,Healthcare,Small,Basic,Monthly,44.78,1
CUST_003982,2025-12-24,2026-06-30,6,United Kingdom,Retail,Mid-Market,Pro,Monthly,92.91,0
CUST_003983,2023-02-12,2026-06-30,40,United Kingdom,Technology,Small,Basic,Annual,49.88,1
CUST_003984,2023-02-06,2026-06-30,40,Australia,Technology,Small,Business,Annual,242.34,1
CUST_003985,2022-03-14,2026-06-30,51,United Kingdom,Manufacturing,Mid-Market,Basic,Annual,49.6,1
CUST_003986,2024-09-29,2026-06-30,20,Germany,Healthcare,Small,Basic,Monthly,48.42,0
CUST_003987,2024-11-21,2026-06-30,19,United States,Technology,Mid-Market,Enterprise,Annual,600.85,1
CUST_003988,2026-01-24,2026-06-30,5,India,Finance,Small,Business,Annual,249.24,1
CUST_003989,2024-05-16,2026-06-30,25,United States,Healthcare,Small,Basic,Monthly,50.83,0
CUST_003990,2024-01-29,2026-06-30,29,United States,Technology,Mid-Market,Pro,Annual,103.2,1
CUST_003991,2022-09-15,2026-06-30,45,India,Healthcare,Small,Basic,Monthly,48.96,0
CUST_003992,2022-09-16,2026-06-30,45,United States,Healthcare,Small,Basic,Monthly,48.5,1
CUST_003993,2025-09-22,2026-06-30,9,United States,Retail,Small,Basic,Monthly,48.91,0
CUST_003994,2025-01-05,2026-06-30,17,United States,Manufacturing,Mid-Market,Business,Annual,239.24,1
CUST_003995,2023-11-25,2026-06-30,31,Canada,Healthcare,Small,Pro,Monthly,104.38,0
CUST_003996,2024-10-07,2026-06-30,20,India,Professional Services,Small,Pro,Annual,96.22,1
CUST_003997,2026-04-16,2026-06-30,2,Australia,Healthcare,Small,Pro,Monthly,98.21,1
CUST_003998,2022-04-04,2026-06-30,50,Canada,Healthcare,Enterprise,Enterprise,Monthly,604.28,1
CUST_003999,2022-10-27,2026-06-30,44,India,Retail,Mid-Market,Business,Monthly,252.86,0
CUST_004000,2023-11-10,2026-06-30,31,United Kingdom,Retail,Mid-Market,Pro,Monthly,100.33,1
CUST_004001,2024-11-08,2026-06-30,19,India,Technology,Mid-Market,Business,Monthly,247.3,1
CUST_004002,2022-04-10,2026-06-30,50,United States,Professional Services,Mid-Market,Business,Monthly,269.48,0
CUST_004003,2026-03-29,2026-06-30,3,Canada,Professional Services,Small,Basic,Annual,49.18,1
CUST_004004,2024-03-21,2026-06-30,27,United States,Finance,Small,Basic,Annual,48.38,1
CUST_004005,2022-06-24,2026-06-30,48,United States,Retail,Enterprise,Enterprise,Annual,652.84,1
CUST_004006,2021-09-24,2026-06-30,57,Germany,Manufacturing,Enterprise,Pro,Monthly,95.15,1
CUST_004007,2025-03-06,2026-06-30,15,United States,Professional Services,Enterprise,Enterprise,Annual,652.76,0
CUST_004008,2023-03-20,2026-06-30,39,United Kingdom,Retail,Enterprise,Business,Annual,224.16,1
CUST_004009,2025-06-25,2026-06-30,12,Germany,Technology,Mid-Market,Business,Annual,244.0,1
CUST_004010,2025-11-04,2026-06-30,7,United States,Retail,Small,Basic,Annual,44.91,1
CUST_004011,2024-09-05,2026-06-30,21,Canada,Technology,Mid-Market,Business,Monthly,232.04,1
CUST_004012,2022-01-24,2026-06-30,53,Germany,Retail,Small,Pro,Monthly,101.24,1
CUST_004013,2023-01-10,2026-06-30,41,India,Retail,Mid-Market,Pro,Monthly,100.41,0
CUST_004014,2024-01-04,2026-06-30,29,United States,Retail,Mid-Market,Basic,Monthly,47.51,1
CUST_004015,2025-01-09,2026-06-30,17,India,Technology,Mid-Market,Basic,Annual,53.0,0
CUST_004016,2025-09-19,2026-06-30,9,Australia,Healthcare,Small,Basic,Monthly,51.78,1
CUST_004017,2025-01-30,2026-06-30,16,United Kingdom,Retail,Mid-Market,Business,Annual,248.36,1
CUST_004018,2025-08-30,2026-06-30,9,United States,Finance,Enterprise,Pro,Annual,90.05,1
CUST_004019,2025-06-30,2026-06-30,11,Germany,Technology,Small,Basic,Monthly,51.35,1
CUST_004020,2023-01-13,2026-06-30,41,Australia,Technology,Small,Pro,Annual,96.61,1
CUST_004021,2025-10-05,2026-06-30,8,United States,Professional Services,Mid-Market,Business,Annual,252.64,1
CUST_004022,2026-03-07,2026-06-30,3,India,Healthcare,Mid-Market,Pro,Annual,102.95,1
CUST_004023,2023-10-01,2026-06-30,32,India,Retail,Mid-Market,Business,Annual,244.0,1
CUST_004024,2025-01-02,2026-06-30,17,Canada,Healthcare,Mid-Market,Enterprise,Annual,637.3,1
CUST_004025,2024-03-06,2026-06-30,27,Germany,Professional Services,Small,Pro,Monthly,97.12,0
CUST_004026,2025-09-23,2026-06-30,9,United Kingdom,Healthcare,Small,Pro,Monthly,101.67,1
CUST_004027,2025-05-20,2026-06-30,13,Germany,Technology,Enterprise,Enterprise,Annual,621.62,1
CUST_004028,2024-03-31,2026-06-30,26,Australia,Technology,Small,Basic,Annual,51.24,1
CUST_004029,2023-01-09,2026-06-30,41,United States,Technology,Small,Business,Monthly,270.72,1
CUST_004030,2024-05-18,2026-06-30,25,United States,Professional Services,Small,Business,Monthly,238.76,0
CUST_004031,2023-10-02,2026-06-30,32,United States,Retail,Small,Basic,Monthly,46.22,1
CUST_004032,2023-11-07,2026-06-30,31,India,Manufacturing,Small,Basic,Annual,48.21,1
CUST_004033,2025-02-03,2026-06-30,16,United States,Manufacturing,Mid-Market,Basic,Monthly,56.46,0
CUST_004034,2025-01-15,2026-06-30,17,India,Professional Services,Small,Basic,Monthly,52.31,1
CUST_004035,2024-04-27,2026-06-30,26,Canada,Professional Services,Mid-Market,Enterprise,Annual,582.52,1
CUST_004036,2026-04-04,2026-06-30,2,United States,Retail,Small,Basic,Monthly,48.15,0
CUST_004037,2023-01-17,2026-06-30,41,India,Finance,Enterprise,Enterprise,Annual,598.55,0
CUST_004038,2023-05-25,2026-06-30,37,United Kingdom,Technology,Small,Pro,Monthly,100.35,0
CUST_004039,2024-11-28,2026-06-30,19,United States,Retail,Small,Basic,Monthly,50.57,1
CUST_004040,2024-07-30,2026-06-30,22,United States,Manufacturing,Small,Pro,Monthly,102.38,0
CUST_004041,2024-10-18,2026-06-30,20,United States,Retail,Enterprise,Business,Monthly,263.9,1
CUST_004042,2023-03-19,2026-06-30,39,United States,Finance,Mid-Market,Basic,Monthly,53.91,0
CUST_004043,2022-09-06,2026-06-30,45,United States,Manufacturing,Mid-Market,Business,Monthly,247.34,1
CUST_004044,2025-11-17,2026-06-30,7,United Kingdom,Healthcare,Small,Basic,Monthly,48.48,1
CUST_004045,2024-05-20,2026-06-30,25,United States,Finance,Small,Pro,Monthly,97.2,1
CUST_004046,2026-05-07,2026-06-30,1,United States,Professional Services,Enterprise,Business,Annual,245.55,1
CUST_004047,2024-03-11,2026-06-30,27,United States,Retail,Small,Pro,Annual,100.83,1
CUST_004048,2025-03-12,2026-06-30,15,Canada,Finance,Mid-Market,Business,Annual,256.91,1
CUST_004049,2024-10-06,2026-06-30,20,India,Finance,Mid-Market,Enterprise,Annual,650.7,1
CUST_004050,2024-03-03,2026-06-30,27,United States,Retail,Mid-Market,Business,Monthly,240.17,0
CUST_004051,2024-10-27,2026-06-30,20,United States,Healthcare,Small,Pro,Annual,100.78,1
CUST_004052,2024-06-23,2026-06-30,24,United Kingdom,Technology,Small,Basic,Monthly,46.94,1
CUST_004053,2022-08-28,2026-06-30,46,India,Retail,Small,Basic,Annual,49.99,1
CUST_004054,2022-06-07,2026-06-30,48,Australia,Retail,Enterprise,Enterprise,Monthly,679.04,1
CUST_004055,2026-05-21,2026-06-30,1,Australia,Technology,Mid-Market,Business,Annual,247.3,1
CUST_004056,2024-07-22,2026-06-30,23,India,Healthcare,Small,Pro,Annual,111.14,1
CUST_004057,2022-04-02,2026-06-30,50,United Kingdom,Retail,Enterprise,Basic,Monthly,46.95,0
CUST_004058,2023-10-22,2026-06-30,32,India,Finance,Small,Basic,Monthly,47.87,1
CUST_004059,2025-05-28,2026-06-30,13,United States,Finance,Small,Basic,Monthly,48.16,0
CUST_004060,2023-07-01,2026-06-30,35,Australia,Finance,Small,Basic,Monthly,49.43,1
CUST_004061,2025-09-13,2026-06-30,9,India,Healthcare,Enterprise,Enterprise,Annual,594.38,1
CUST_004062,2026-04-22,2026-06-30,2,India,Manufacturing,Small,Basic,Annual,50.87,1
CUST_004063,2023-04-22,2026-06-30,38,Canada,Healthcare,Small,Basic,Monthly,42.27,1
CUST_004064,2023-11-19,2026-06-30,31,Australia,Professional Services,Small,Basic,Monthly,46.6,0
CUST_004065,2022-09-12,2026-06-30,45,United States,Finance,Small,Pro,Annual,108.38,1
CUST_004066,2024-09-20,2026-06-30,21,United Kingdom,Retail,Small,Basic,Monthly,45.55,0
CUST_004067,2022-03-20,2026-06-30,51,United States,Healthcare,Small,Basic,Monthly,48.13,1
CUST_004068,2024-05-05,2026-06-30,25,United Kingdom,Manufacturing,Mid-Market,Business,Monthly,256.63,0
CUST_004069,2022-10-15,2026-06-30,44,Germany,Professional Services,Enterprise,Enterprise,Annual,597.64,1
CUST_004070,2025-12-02,2026-06-30,6,United States,Healthcare,Small,Basic,Monthly,46.92,1
CUST_004071,2025-12-08,2026-06-30,6,United States,Healthcare,Enterprise,Pro,Monthly,101.2,1
CUST_004072,2022-07-26,2026-06-30,47,United States,Professional Services,Mid-Market,Pro,Monthly,103.14,0
CUST_004073,2022-04-25,2026-06-30,50,United Kingdom,Professional Services,Enterprise,Enterprise,Annual,581.12,1
CUST_004074,2021-10-13,2026-06-30,56,Germany,Professional Services,Small,Basic,Monthly,50.0,1
CUST_004075,2024-10-26,2026-06-30,20,Germany,Technology,Mid-Market,Business,Monthly,259.72,0
CUST_004076,2026-04-22,2026-06-30,2,United States,Technology,Mid-Market,Pro,Monthly,104.35,1
CUST_004077,2021-08-07,2026-06-30,58,Australia,Healthcare,Small,Basic,Monthly,49.91,0
CUST_004078,2023-06-17,2026-06-30,36,Germany,Manufacturing,Mid-Market,Business,Monthly,270.28,0
CUST_004079,2025-03-14,2026-06-30,15,United States,Technology,Small,Pro,Monthly,99.23,0
CUST_004080,2022-08-29,2026-06-30,46,United States,Finance,Mid-Market,Pro,Monthly,94.13,1
CUST_004081,2021-12-21,2026-06-30,54,Canada,Retail,Mid-Market,Basic,Monthly,48.46,1
CUST_004082,2025-01-05,2026-06-30,17,United States,Technology,Small,Basic,Monthly,51.97,0
CUST_004083,2022-08-19,2026-06-30,46,United States,Manufacturing,Small,Basic,Monthly,46.81,1
CUST_004084,2022-07-18,2026-06-30,47,United States,Technology,Enterprise,Business,Monthly,221.09,0
CUST_004085,2023-12-13,2026-06-30,30,United States,Professional Services,Small,Basic,Monthly,50.13,1
CUST_004086,2023-04-22,2026-06-30,38,United States,Finance,Mid-Market,Business,Annual,243.47,1
CUST_004087,2025-02-02,2026-06-30,16,United States,Retail,Mid-Market,Business,Annual,276.99,1
CUST_004088,2021-11-06,2026-06-30,55,Australia,Healthcare,Small,Pro,Monthly,100.32,0
CUST_004089,2021-08-01,2026-06-30,58,United Kingdom,Finance,Small,Basic,Annual,52.03,1
CUST_004090,2021-08-05,2026-06-30,58,Canada,Healthcare,Enterprise,Enterprise,Annual,584.31,1
CUST_004091,2022-10-16,2026-06-30,44,United Kingdom,Professional Services,Enterprise,Enterprise,Annual,616.79,1
CUST_004092,2026-03-16,2026-06-30,3,United Kingdom,Healthcare,Small,Pro,Annual,100.84,1
CUST_004093,2024-08-12,2026-06-30,22,United States,Technology,Small,Basic,Monthly,52.38,0
CUST_004094,2024-03-24,2026-06-30,27,United States,Manufacturing,Small,Pro,Annual,99.95,1
CUST_004095,2021-09-12,2026-06-30,57,United States,Technology,Mid-Market,Pro,Monthly,96.41,0
CUST_004096,2023-09-23,2026-06-30,33,United Kingdom,Healthcare,Small,Basic,Annual,51.54,1
CUST_004097,2023-10-12,2026-06-30,32,Canada,Healthcare,Small,Basic,Monthly,47.25,0
CUST_004098,2025-09-10,2026-06-30,9,United States,Healthcare,Small,Basic,Monthly,47.0,0
CUST_004099,2022-07-07,2026-06-30,47,United Kingdom,Technology,Enterprise,Enterprise,Annual,597.68,1
CUST_004100,2024-10-05,2026-06-30,20,India,Finance,Small,Pro,Monthly,97.39,0
CUST_004101,2025-12-18,2026-06-30,6,United States,Technology,Mid-Market,Business,Monthly,249.21,1
CUST_004102,2021-07-24,2026-06-30,59,United Kingdom,Healthcare,Small,Business,Monthly,240.68,1
CUST_004103,2025-06-24,2026-06-30,12,Canada,Retail,Mid-Market,Business,Annual,262.94,1
CUST_004104,2026-05-02,2026-06-30,1,Germany,Retail,Mid-Market,Business,Annual,262.76,1
CUST_004105,2026-01-12,2026-06-30,5,Germany,Technology,Enterprise,Enterprise,Annual,623.88,1
CUST_004106,2024-03-10,2026-06-30,27,Germany,Technology,Mid-Market,Pro,Monthly,102.62,1
CUST_004107,2025-11-28,2026-06-30,7,United States,Retail,Small,Basic,Monthly,44.47,1
CUST_004108,2022-04-10,2026-06-30,50,Canada,Healthcare,Small,Basic,Monthly,49.28,1
CUST_004109,2023-11-24,2026-06-30,31,Australia,Professional Services,Small,Pro,Monthly,103.25,1
CUST_004110,2024-10-27,2026-06-30,20,United States,Technology,Small,Pro,Monthly,105.64,1
CUST_004111,2026-05-26,2026-06-30,1,India,Technology,Enterprise,Business,Annual,246.46,1
CUST_004112,2024-01-21,2026-06-30,29,United States,Finance,Small,Pro,Monthly,105.45,0
CUST_004113,2025-09-02,2026-06-30,9,Canada,Retail,Enterprise,Enterprise,Annual,608.21,1
CUST_004114,2021-08-10,2026-06-30,58,Canada,Healthcare,Small,Basic,Annual,42.67,1
CUST_004115,2024-12-25,2026-06-30,18,Canada,Technology,Enterprise,Enterprise,Annual,596.03,1
CUST_004116,2024-01-30,2026-06-30,28,Australia,Technology,Enterprise,Enterprise,Annual,573.84,1
CUST_004117,2026-04-28,2026-06-30,2,United States,Retail,Mid-Market,Pro,Annual,95.97,1
CUST_004118,2025-10-08,2026-06-30,8,United Kingdom,Finance,Small,Basic,Monthly,51.58,1
CUST_004119,2025-05-24,2026-06-30,13,United Kingdom,Retail,Enterprise,Enterprise,Annual,607.91,1
CUST_004120,2026-02-28,2026-06-30,4,India,Finance,Enterprise,Business,Annual,242.55,1
CUST_004121,2022-11-05,2026-06-30,43,United Kingdom,Finance,Small,Basic,Annual,47.34,1
CUST_004122,2021-10-07,2026-06-30,56,India,Technology,Enterprise,Enterprise,Annual,612.12,1
CUST_004123,2021-07-28,2026-06-30,59,India,Professional Services,Enterprise,Business,Monthly,246.7,0
CUST_004124,2025-02-08,2026-06-30,16,United States,Technology,Small,Basic,Monthly,50.71,0
CUST_004125,2022-07-16,2026-06-30,47,India,Technology,Small,Pro,Monthly,94.91,1
CUST_004126,2023-12-09,2026-06-30,30,India,Professional Services,Small,Pro,Monthly,97.12,1
CUST_004127,2026-03-10,2026-06-30,3,United States,Technology,Small,Basic,Monthly,46.26,0
CUST_004128,2025-12-20,2026-06-30,6,United Kingdom,Finance,Enterprise,Business,Monthly,242.11,1
CUST_004129,2023-09-21,2026-06-30,33,United States,Finance,Enterprise,Business,Annual,276.11,1
CUST_004130,2024-05-01,2026-06-30,25,United Kingdom,Retail,Small,Basic,Annual,47.2,1
CUST_004131,2026-05-16,2026-06-30,1,United States,Healthcare,Mid-Market,Enterprise,Annual,584.82,1
CUST_004132,2021-11-04,2026-06-30,55,Germany,Professional Services,Small,Basic,Monthly,46.98,1
CUST_004133,2022-10-29,2026-06-30,44,Canada,Manufacturing,Small,Basic,Annual,48.55,0
CUST_004134,2023-12-12,2026-06-30,30,United Kingdom,Healthcare,Mid-Market,Business,Monthly,248.1,1
CUST_004135,2021-07-25,2026-06-30,59,United States,Technology,Mid-Market,Business,Annual,264.17,1
CUST_004136,2021-08-22,2026-06-30,58,Germany,Manufacturing,Small,Pro,Annual,96.99,1
CUST_004137,2021-08-17,2026-06-30,58,Canada,Professional Services,Small,Basic,Monthly,49.28,1
CUST_004138,2025-02-21,2026-06-30,16,United Kingdom,Professional Services,Enterprise,Business,Annual,225.67,1
CUST_004139,2022-01-31,2026-06-30,52,United States,Technology,Small,Business,Annual,238.23,1
CUST_004140,2023-12-08,2026-06-30,30,United States,Retail,Small,Pro,Annual,104.37,1
CUST_004141,2022-11-05,2026-06-30,43,Canada,Manufacturing,Enterprise,Enterprise,Annual,573.37,0
CUST_004142,2022-03-11,2026-06-30,51,India,Professional Services,Enterprise,Business,Annual,258.56,0
CUST_004143,2025-08-11,2026-06-30,10,United States,Finance,Mid-Market,Business,Annual,237.48,1
CUST_004144,2024-03-18,2026-06-30,27,Germany,Manufacturing,Small,Business,Annual,246.85,1
CUST_004145,2025-10-12,2026-06-30,8,United States,Retail,Mid-Market,Pro,Annual,107.49,1
CUST_004146,2025-01-15,2026-06-30,17,Germany,Professional Services,Mid-Market,Pro,Monthly,102.69,1
CUST_004147,2024-05-19,2026-06-30,25,United States,Retail,Small,Basic,Monthly,44.22,1
CUST_004148,2022-03-18,2026-06-30,51,Canada,Professional Services,Small,Pro,Annual,114.95,1
CUST_004149,2022-03-05,2026-06-30,51,United States,Finance,Small,Basic,Monthly,46.46,0
CUST_004150,2024-07-01,2026-06-30,23,United States,Technology,Small,Basic,Monthly,53.57,1
CUST_004151,2024-10-18,2026-06-30,20,United States,Finance,Enterprise,Enterprise,Annual,585.64,1
CUST_004152,2023-10-22,2026-06-30,32,United States,Manufacturing,Mid-Market,Business,Annual,233.7,1
CUST_004153,2021-12-07,2026-06-30,54,United Kingdom,Technology,Small,Basic,Monthly,47.89,0
CUST_004154,2021-08-13,2026-06-30,58,India,Retail,Small,Business,Annual,240.87,1
CUST_004155,2025-04-19,2026-06-30,14,Canada,Professional Services,Small,Basic,Monthly,47.66,0
CUST_004156,2025-07-01,2026-06-30,11,India,Professional Services,Small,Basic,Monthly,49.15,1
CUST_004157,2022-12-10,2026-06-30,42,Canada,Retail,Small,Pro,Monthly,101.37,1
CUST_004158,2024-12-06,2026-06-30,18,United States,Manufacturing,Enterprise,Enterprise,Annual,641.54,1
CUST_004159,2025-06-07,2026-06-30,12,United States,Technology,Enterprise,Enterprise,Monthly,605.42,1
CUST_004160,2026-04-06,2026-06-30,2,Canada,Healthcare,Enterprise,Enterprise,Annual,601.32,1
CUST_004161,2024-06-07,2026-06-30,24,United States,Healthcare,Small,Pro,Monthly,95.42,1
CUST_004162,2024-06-27,2026-06-30,24,India,Manufacturing,Mid-Market,Business,Annual,245.51,1
CUST_004163,2023-08-25,2026-06-30,34,Germany,Finance,Mid-Market,Enterprise,Annual,583.9,1
CUST_004164,2025-06-06,2026-06-30,12,United Kingdom,Technology,Small,Business,Annual,231.9,1
CUST_004165,2022-11-26,2026-06-30,43,Canada,Retail,Small,Basic,Monthly,55.25,0
CUST_004166,2023-01-27,2026-06-30,41,United States,Healthcare,Small,Pro,Monthly,100.2,1
CUST_004167,2024-02-22,2026-06-30,28,United Kingdom,Professional Services,Small,Basic,Annual,49.62,1
CUST_004168,2025-07-10,2026-06-30,11,United States,Healthcare,Enterprise,Enterprise,Annual,635.47,1
CUST_004169,2023-12-04,2026-06-30,30,United States,Professional Services,Mid-Market,Basic,Monthly,42.68,0
CUST_004170,2023-02-05,2026-06-30,40,United States,Healthcare,Enterprise,Business,Monthly,276.87,1
CUST_004171,2024-07-31,2026-06-30,22,United States,Manufacturing,Mid-Market,Enterprise,Annual,573.28,1
CUST_004172,2025-02-13,2026-06-30,16,Germany,Manufacturing,Small,Pro,Annual,94.63,1
CUST_004173,2023-12-04,2026-06-30,30,United States,Finance,Small,Basic,Annual,47.67,1
CUST_004174,2024-09-01,2026-06-30,21,United States,Finance,Small,Basic,Monthly,51.41,1
CUST_004175,2024-06-12,2026-06-30,24,India,Professional Services,Enterprise,Business,Annual,275.7,1
CUST_004176,2024-09-12,2026-06-30,21,India,Technology,Small,Pro,Annual,107.12,1
CUST_004177,2024-12-03,2026-06-30,18,Canada,Retail,Small,Basic,Monthly,47.82,1
CUST_004178,2022-11-22,2026-06-30,43,Canada,Technology,Small,Pro,Monthly,90.1,1
CUST_004179,2024-02-25,2026-06-30,28,Australia,Manufacturing,Mid-Market,Business,Annual,243.84,1
CUST_004180,2024-02-14,2026-06-30,28,United States,Technology,Small,Basic,Annual,47.43,1
CUST_004181,2023-03-16,2026-06-30,39,Canada,Retail,Small,Basic,Monthly,44.97,1
CUST_004182,2024-08-21,2026-06-30,22,United States,Retail,Mid-Market,Business,Annual,256.26,1
CUST_004183,2025-12-01,2026-06-30,6,Canada,Technology,Small,Pro,Annual,99.02,1
CUST_004184,2022-03-23,2026-06-30,51,India,Healthcare,Mid-Market,Pro,Annual,101.48,1
CUST_004185,2026-02-21,2026-06-30,4,Germany,Professional Services,Mid-Market,Pro,Monthly,102.62,0
CUST_004186,2023-08-09,2026-06-30,34,India,Retail,Small,Pro,Annual,102.39,1
CUST_004187,2025-02-08,2026-06-30,16,Germany,Professional Services,Small,Basic,Monthly,48.84,0
CUST_004188,2025-05-13,2026-06-30,13,United Kingdom,Manufacturing,Small,Basic,Monthly,53.02,0
CUST_004189,2026-03-17,2026-06-30,3,Germany,Retail,Small,Basic,Monthly,47.8,1
CUST_004190,2021-12-28,2026-06-30,54,United Kingdom,Retail,Mid-Market,Business,Monthly,241.05,0
CUST_004191,2024-04-21,2026-06-30,26,Canada,Professional Services,Small,Pro,Monthly,97.85,1
CUST_004192,2024-09-23,2026-06-30,21,United States,Healthcare,Small,Business,Annual,255.7,1
CUST_004193,2022-10-09,2026-06-30,44,United Kingdom,Healthcare,Mid-Market,Business,Annual,257.49,1
CUST_004194,2026-03-23,2026-06-30,3,United States,Professional Services,Mid-Market,Basic,Monthly,48.17,1
CUST_004195,2023-08-22,2026-06-30,34,Canada,Professional Services,Enterprise,Business,Annual,245.02,1
CUST_004196,2023-12-26,2026-06-30,30,United States,Healthcare,Enterprise,Business,Annual,265.24,0
CUST_004197,2023-09-11,2026-06-30,33,United Kingdom,Technology,Small,Pro,Monthly,92.53,1
CUST_004198,2025-10-21,2026-06-30,8,United States,Retail,Small,Basic,Monthly,55.73,0
CUST_004199,2021-09-25,2026-06-30,57,United States,Manufacturing,Mid-Market,Enterprise,Annual,590.0,1
CUST_004200,2025-03-29,2026-06-30,15,Canada,Finance,Mid-Market,Pro,Monthly,97.99,1
CUST_004201,2023-01-30,2026-06-30,40,United States,Manufacturing,Small,Basic,Monthly,49.91,0
CUST_004202,2022-09-28,2026-06-30,45,India,Healthcare,Enterprise,Enterprise,Annual,614.93,0
CUST_004203,2024-09-21,2026-06-30,21,Canada,Finance,Mid-Market,Pro,Annual,95.76,1
CUST_004204,2025-10-09,2026-06-30,8,United States,Retail,Small,Basic,Monthly,49.83,1
CUST_004205,2024-12-15,2026-06-30,18,United States,Finance,Mid-Market,Pro,Annual,94.38,0
CUST_004206,2022-06-13,2026-06-30,48,Australia,Manufacturing,Small,Basic,Annual,47.53,1
CUST_004207,2021-12-16,2026-06-30,54,United Kingdom,Technology,Enterprise,Business,Annual,229.02,1
CUST_004208,2021-10-23,2026-06-30,56,Canada,Manufacturing,Small,Basic,Monthly,49.34,1
CUST_004209,2025-04-20,2026-06-30,14,United States,Finance,Mid-Market,Business,Monthly,246.8,0
CUST_004210,2023-06-08,2026-06-30,36,Germany,Professional Services,Mid-Market,Business,Annual,223.93,1
CUST_004211,2025-09-02,2026-06-30,9,India,Manufacturing,Small,Basic,Monthly,47.33,1
CUST_004212,2022-12-03,2026-06-30,42,United States,Technology,Mid-Market,Pro,Monthly,98.86,1
CUST_004213,2024-05-15,2026-06-30,25,United States,Professional Services,Small,Pro,Monthly,103.25,1
CUST_004214,2022-11-28,2026-06-30,43,United States,Healthcare,Small,Business,Monthly,233.04,1
CUST_004215,2023-01-18,2026-06-30,41,United States,Healthcare,Small,Pro,Monthly,97.51,0
CUST_004216,2021-07-14,2026-06-30,59,Germany,Professional Services,Mid-Market,Business,Annual,235.3,0
CUST_004217,2024-01-05,2026-06-30,29,India,Professional Services,Enterprise,Enterprise,Annual,620.72,1
CUST_004218,2024-09-25,2026-06-30,21,India,Retail,Small,Pro,Monthly,95.69,1
CUST_004219,2023-10-29,2026-06-30,32,Australia,Professional Services,Mid-Market,Pro,Monthly,101.57,1
CUST_004220,2025-08-12,2026-06-30,10,United States,Finance,Enterprise,Pro,Monthly,97.23,1
CUST_004221,2025-11-12,2026-06-30,7,India,Technology,Small,Business,Annual,227.79,1
CUST_004222,2023-11-12,2026-06-30,31,United States,Technology,Enterprise,Enterprise,Annual,596.9,1
CUST_004223,2022-05-11,2026-06-30,49,United States,Finance,Small,Basic,Annual,46.1,1
CUST_004224,2023-10-17,2026-06-30,32,Germany,Retail,Mid-Market,Business,Annual,262.94,1
CUST_004225,2022-07-28,2026-06-30,47,United States,Finance,Mid-Market,Pro,Annual,108.0,1
CUST_004226,2025-07-16,2026-06-30,11,Australia,Retail,Enterprise,Enterprise,Annual,618.1,1
CUST_004227,2024-03-16,2026-06-30,27,India,Technology,Small,Basic,Monthly,47.43,0
CUST_004228,2023-05-27,2026-06-30,37,Australia,Finance,Small,Basic,Monthly,49.05,0
CUST_004229,2024-09-14,2026-06-30,21,Australia,Manufacturing,Mid-Market,Pro,Annual,100.44,1
CUST_004230,2026-05-06,2026-06-30,1,United States,Technology,Mid-Market,Business,Annual,262.5,1
CUST_004231,2026-01-20,2026-06-30,5,United States,Manufacturing,Mid-Market,Enterprise,Annual,593.36,1
CUST_004232,2021-11-08,2026-06-30,55,Australia,Manufacturing,Mid-Market,Business,Monthly,254.08,0
CUST_004233,2023-06-10,2026-06-30,36,United Kingdom,Retail,Mid-Market,Pro,Monthly,90.69,1
CUST_004234,2025-02-11,2026-06-30,16,India,Professional Services,Small,Basic,Monthly,49.59,0
CUST_004235,2025-02-21,2026-06-30,16,United States,Professional Services,Small,Basic,Annual,46.89,1
CUST_004236,2026-03-21,2026-06-30,3,United States,Technology,Small,Basic,Monthly,49.1,1
CUST_004237,2021-10-09,2026-06-30,56,United States,Retail,Small,Basic,Monthly,46.46,0
CUST_004238,2025-11-18,2026-06-30,7,Germany,Technology,Mid-Market,Business,Annual,254.12,1
CUST_004239,2022-09-06,2026-06-30,45,Australia,Healthcare,Small,Basic,Monthly,50.56,1
CUST_004240,2025-03-26,2026-06-30,15,India,Retail,Small,Enterprise,Annual,592.02,1
CUST_004241,2024-10-06,2026-06-30,20,United States,Manufacturing,Small,Pro,Monthly,94.71,0
CUST_004242,2025-01-25,2026-06-30,17,Canada,Professional Services,Enterprise,Business,Annual,256.15,1
CUST_004243,2022-05-12,2026-06-30,49,United States,Manufacturing,Small,Pro,Monthly,106.71,1
CUST_004244,2026-04-03,2026-06-30,2,United States,Manufacturing,Small,Basic,Monthly,53.71,0
CUST_004245,2024-09-06,2026-06-30,21,United States,Retail,Mid-Market,Business,Annual,253.93,0
CUST_004246,2025-01-15,2026-06-30,17,United Kingdom,Technology,Small,Basic,Monthly,49.68,0
CUST_004247,2025-01-27,2026-06-30,17,Canada,Technology,Mid-Market,Pro,Annual,92.49,1
CUST_004248,2025-06-19,2026-06-30,12,United States,Healthcare,Small,Basic,Monthly,52.22,1
CUST_004249,2021-12-06,2026-06-30,54,United Kingdom,Manufacturing,Mid-Market,Enterprise,Annual,529.43,1
CUST_004250,2024-07-21,2026-06-30,23,Australia,Technology,Small,Pro,Annual,104.9,0
CUST_004251,2024-05-11,2026-06-30,25,United States,Healthcare,Small,Pro,Monthly,99.13,0
CUST_004252,2024-07-09,2026-06-30,23,United States,Finance,Small,Pro,Monthly,86.96,1
CUST_004253,2021-08-06,2026-06-30,58,Germany,Retail,Mid-Market,Business,Annual,253.19,1
CUST_004254,2024-09-30,2026-06-30,20,Australia,Finance,Mid-Market,Business,Annual,247.05,1
CUST_004255,2024-09-25,2026-06-30,21,Australia,Technology,Small,Basic,Monthly,47.9,0
CUST_004256,2024-10-20,2026-06-30,20,United States,Technology,Mid-Market,Pro,Monthly,97.66,1
CUST_004257,2024-10-22,2026-06-30,20,United Kingdom,Finance,Small,Pro,Annual,98.91,1
CUST_004258,2025-12-21,2026-06-30,6,India,Healthcare,Mid-Market,Enterprise,Annual,598.34,1
CUST_004259,2023-06-12,2026-06-30,36,United States,Professional Services,Enterprise,Enterprise,Monthly,554.8,1
CUST_004260,2026-04-16,2026-06-30,2,Canada,Technology,Small,Business,Annual,254.02,0
CUST_004261,2025-04-21,2026-06-30,14,India,Healthcare,Small,Pro,Monthly,97.12,1
CUST_004262,2025-06-03,2026-06-30,12,United States,Retail,Mid-Market,Basic,Monthly,52.89,0
CUST_004263,2024-12-24,2026-06-30,18,Germany,Retail,Enterprise,Enterprise,Annual,624.76,1
CUST_004264,2022-09-11,2026-06-30,45,India,Finance,Mid-Market,Business,Monthly,261.11,1
CUST_004265,2023-06-20,2026-06-30,36,United States,Technology,Small,Basic,Monthly,53.56,1
CUST_004266,2021-07-18,2026-06-30,59,Germany,Professional Services,Mid-Market,Business,Annual,258.16,1
CUST_004267,2024-09-08,2026-06-30,21,Canada,Professional Services,Small,Basic,Monthly,48.64,0
CUST_004268,2021-11-07,2026-06-30,55,India,Healthcare,Enterprise,Enterprise,Annual,522.37,1
CUST_004269,2026-03-12,2026-06-30,3,India,Retail,Mid-Market,Pro,Annual,100.19,1
CUST_004270,2023-12-08,2026-06-30,30,India,Technology,Enterprise,Enterprise,Annual,650.84,1
CUST_004271,2022-06-28,2026-06-30,48,United States,Technology,Enterprise,Enterprise,Annual,625.79,1
CUST_004272,2023-10-20,2026-06-30,32,Germany,Technology,Enterprise,Pro,Monthly,96.49,1
CUST_004273,2021-10-29,2026-06-30,56,India,Manufacturing,Small,Basic,Monthly,49.15,1
CUST_004274,2024-11-13,2026-06-30,19,United Kingdom,Technology,Enterprise,Pro,Monthly,96.25,1
CUST_004275,2026-04-02,2026-06-30,2,United Kingdom,Technology,Small,Basic,Monthly,49.75,0
CUST_004276,2022-08-11,2026-06-30,46,United States,Technology,Small,Basic,Monthly,47.75,1
CUST_004277,2026-01-29,2026-06-30,4,India,Technology,Small,Basic,Monthly,52.53,0
CUST_004278,2022-08-28,2026-06-30,46,United States,Healthcare,Small,Basic,Annual,49.29,1
CUST_004279,2022-10-23,2026-06-30,44,United States,Healthcare,Small,Basic,Monthly,49.63,0
CUST_004280,2022-04-07,2026-06-30,50,India,Retail,Small,Pro,Monthly,94.9,1
CUST_004281,2024-01-23,2026-06-30,29,India,Healthcare,Small,Pro,Monthly,96.93,1
CUST_004282,2022-01-05,2026-06-30,53,India,Healthcare,Small,Pro,Annual,93.28,1
CUST_004283,2025-07-31,2026-06-30,10,Canada,Manufacturing,Small,Basic,Monthly,52.47,1
CUST_004284,2024-04-12,2026-06-30,26,United States,Finance,Mid-Market,Business,Annual,242.61,1
CUST_004285,2025-10-25,2026-06-30,8,Canada,Technology,Mid-Market,Business,Annual,250.99,1
CUST_004286,2022-08-24,2026-06-30,46,United States,Professional Services,Mid-Market,Business,Annual,229.72,1
CUST_004287,2022-11-26,2026-06-30,43,India,Retail,Mid-Market,Basic,Annual,45.98,1
CUST_004288,2022-06-14,2026-06-30,48,United Kingdom,Healthcare,Mid-Market,Business,Annual,245.88,1
CUST_004289,2022-08-29,2026-06-30,46,Canada,Finance,Small,Business,Monthly,245.12,1
CUST_004290,2024-11-24,2026-06-30,19,United States,Technology,Small,Pro,Monthly,100.21,1
CUST_004291,2026-01-29,2026-06-30,4,Canada,Technology,Small,Pro,Monthly,108.96,0
CUST_004292,2021-11-06,2026-06-30,55,India,Professional Services,Small,Basic,Monthly,44.06,0
CUST_004293,2023-12-29,2026-06-30,30,Germany,Retail,Enterprise,Enterprise,Annual,628.3,1
CUST_004294,2025-12-13,2026-06-30,6,United States,Technology,Small,Basic,Monthly,50.22,1
CUST_004295,2021-11-09,2026-06-30,55,United States,Technology,Enterprise,Enterprise,Annual,580.49,1
CUST_004296,2021-07-12,2026-06-30,59,United States,Finance,Small,Pro,Annual,96.85,1
CUST_004297,2024-03-23,2026-06-30,27,United States,Finance,Mid-Market,Business,Monthly,262.94,1
CUST_004298,2022-08-18,2026-06-30,46,India,Healthcare,Small,Enterprise,Annual,597.13,1
CUST_004299,2026-03-27,2026-06-30,3,United Kingdom,Finance,Enterprise,Enterprise,Annual,589.36,1
CUST_004300,2025-12-15,2026-06-30,6,United States,Professional Services,Mid-Market,Pro,Monthly,93.81,1
CUST_004301,2025-01-20,2026-06-30,17,Australia,Manufacturing,Small,Business,Monthly,238.59,1
CUST_004302,2023-03-11,2026-06-30,39,United States,Professional Services,Small,Pro,Monthly,92.98,0
CUST_004303,2025-10-04,2026-06-30,8,United States,Professional Services,Mid-Market,Business,Annual,260.01,1
CUST_004304,2026-03-31,2026-06-30,2,United Kingdom,Professional Services,Small,Basic,Annual,47.08,1
CUST_004305,2023-02-16,2026-06-30,40,United States,Professional Services,Small,Basic,Monthly,46.07,0
CUST_004306,2022-08-18,2026-06-30,46,Canada,Finance,Enterprise,Business,Annual,251.17,1
CUST_004307,2022-10-13,2026-06-30,44,Australia,Technology,Mid-Market,Basic,Monthly,47.0,0
CUST_004308,2022-06-27,2026-06-30,48,India,Technology,Small,Basic,Monthly,52.79,0
CUST_004309,2022-06-20,2026-06-30,48,United States,Retail,Small,Basic,Monthly,49.1,1
CUST_004310,2023-06-15,2026-06-30,36,United Kingdom,Retail,Small,Basic,Monthly,49.5,0
CUST_004311,2023-11-11,2026-06-30,31,United States,Technology,Mid-Market,Business,Annual,251.59,1
CUST_004312,2022-03-15,2026-06-30,51,United Kingdom,Professional Services,Small,Basic,Monthly,50.4,1
CUST_004313,2024-09-14,2026-06-30,21,United States,Manufacturing,Small,Pro,Annual,102.52,1
CUST_004314,2025-12-07,2026-06-30,6,United Kingdom,Retail,Small,Basic,Monthly,49.07,1
CUST_004315,2022-09-20,2026-06-30,45,United States,Healthcare,Enterprise,Business,Annual,236.35,1
CUST_004316,2025-01-21,2026-06-30,17,India,Technology,Small,Basic,Monthly,48.62,1
CUST_004317,2021-08-08,2026-06-30,58,India,Healthcare,Mid-Market,Business,Annual,249.74,1
CUST_004318,2024-05-18,2026-06-30,25,United States,Technology,Small,Basic,Monthly,45.0,0
CUST_004319,2022-03-25,2026-06-30,51,Australia,Retail,Mid-Market,Business,Annual,222.8,1
CUST_004320,2026-03-16,2026-06-30,3,United States,Finance,Small,Basic,Annual,46.03,1
CUST_004321,2023-03-05,2026-06-30,39,Germany,Technology,Enterprise,Business,Annual,224.71,1
CUST_004322,2024-03-18,2026-06-30,27,United States,Healthcare,Enterprise,Enterprise,Annual,584.43,1
CUST_004323,2024-02-21,2026-06-30,28,United States,Retail,Small,Basic,Monthly,47.11,0
CUST_004324,2025-02-09,2026-06-30,16,Germany,Finance,Small,Business,Annual,250.1,1
CUST_004325,2021-08-22,2026-06-30,58,Canada,Professional Services,Enterprise,Enterprise,Annual,620.24,1
CUST_004326,2024-06-26,2026-06-30,24,United Kingdom,Technology,Small,Basic,Monthly,49.71,1
CUST_004327,2022-03-27,2026-06-30,51,United Kingdom,Professional Services,Mid-Market,Business,Monthly,254.41,1
CUST_004328,2024-04-28,2026-06-30,26,United States,Technology,Mid-Market,Business,Annual,260.78,1
CUST_004329,2026-03-06,2026-06-30,3,United States,Technology,Small,Basic,Monthly,48.2,1
CUST_004330,2022-02-03,2026-06-30,52,United Kingdom,Professional Services,Small,Business,Monthly,216.55,0
CUST_004331,2025-07-03,2026-06-30,11,United Kingdom,Manufacturing,Small,Basic,Monthly,44.73,0
CUST_004332,2025-01-31,2026-06-30,16,United States,Retail,Mid-Market,Pro,Monthly,101.47,0
CUST_004333,2022-03-08,2026-06-30,51,United States,Manufacturing,Small,Pro,Annual,99.97,1
CUST_004334,2022-01-08,2026-06-30,53,United Kingdom,Healthcare,Mid-Market,Enterprise,Monthly,619.82,1
CUST_004335,2021-11-28,2026-06-30,55,United Kingdom,Manufacturing,Small,Basic,Monthly,55.96,0
CUST_004336,2024-04-27,2026-06-30,26,Australia,Technology,Mid-Market,Basic,Monthly,49.54,0
CUST_004337,2022-09-11,2026-06-30,45,Canada,Manufacturing,Small,Pro,Annual,98.53,1
CUST_004338,2024-10-20,2026-06-30,20,United Kingdom,Professional Services,Small,Pro,Monthly,100.71,1
CUST_004339,2022-10-10,2026-06-30,44,United Kingdom,Professional Services,Small,Basic,Monthly,46.08,1
CUST_004340,2023-12-11,2026-06-30,30,United States,Manufacturing,Small,Business,Monthly,258.4,1
CUST_004341,2026-02-27,2026-06-30,4,United States,Retail,Small,Basic,Annual,48.58,1
CUST_004342,2024-05-12,2026-06-30,25,United States,Healthcare,Enterprise,Enterprise,Annual,649.4,1
CUST_004343,2024-02-12,2026-06-30,28,Australia,Finance,Small,Pro,Monthly,91.08,1
CUST_004344,2025-02-24,2026-06-30,16,United States,Professional Services,Small,Basic,Annual,49.01,1
CUST_004345,2024-07-28,2026-06-30,23,United Kingdom,Retail,Mid-Market,Business,Monthly,241.19,0
CUST_004346,2023-12-11,2026-06-30,30,United Kingdom,Healthcare,Mid-Market,Basic,Annual,46.39,1
CUST_004347,2026-03-03,2026-06-30,3,United States,Manufacturing,Small,Pro,Annual,102.08,1
CUST_004348,2025-09-01,2026-06-30,9,Australia,Technology,Small,Basic,Monthly,48.22,0
CUST_004349,2022-08-24,2026-06-30,46,Germany,Manufacturing,Small,Pro,Annual,105.59,1
CUST_004350,2024-09-07,2026-06-30,21,United States,Manufacturing,Small,Basic,Monthly,47.7,0
CUST_004351,2023-06-04,2026-06-30,36,Australia,Technology,Small,Basic,Annual,48.04,1
CUST_004352,2023-08-20,2026-06-30,34,Canada,Technology,Small,Basic,Monthly,53.94,1
CUST_004353,2023-09-15,2026-06-30,33,United States,Manufacturing,Mid-Market,Basic,Monthly,45.69,0
CUST_004354,2024-05-19,2026-06-30,25,Germany,Technology,Enterprise,Enterprise,Annual,575.53,1
CUST_004355,2024-01-15,2026-06-30,29,Germany,Professional Services,Small,Business,Annual,210.53,1
CUST_004356,2022-05-14,2026-06-30,49,United States,Technology,Small,Pro,Monthly,96.79,0
CUST_004357,2021-09-02,2026-06-30,57,India,Technology,Enterprise,Business,Monthly,257.6,1
CUST_004358,2025-02-25,2026-06-30,16,United Kingdom,Technology,Mid-Market,Enterprise,Monthly,611.27,0
CUST_004359,2023-02-15,2026-06-30,40,United Kingdom,Manufacturing,Mid-Market,Pro,Monthly,99.71,1
CUST_004360,2021-08-25,2026-06-30,58,United States,Retail,Enterprise,Enterprise,Annual,572.76,1
CUST_004361,2026-05-18,2026-06-30,1,United States,Professional Services,Mid-Market,Pro,Annual,98.06,0
CUST_004362,2022-07-23,2026-06-30,47,Canada,Professional Services,Mid-Market,Pro,Annual,97.03,1
CUST_004363,2023-12-22,2026-06-30,30,United Kingdom,Retail,Small,Pro,Annual,98.97,1
CUST_004364,2021-08-29,2026-06-30,58,Canada,Technology,Enterprise,Enterprise,Annual,604.22,1
CUST_004365,2023-07-29,2026-06-30,35,Germany,Technology,Mid-Market,Business,Monthly,244.63,1
CUST_004366,2022-04-18,2026-06-30,50,United States,Professional Services,Small,Pro,Monthly,99.12,1
CUST_004367,2025-08-07,2026-06-30,10,Germany,Technology,Mid-Market,Pro,Annual,98.52,1
CUST_004368,2025-09-18,2026-06-30,9,Australia,Professional Services,Small,Basic,Monthly,47.35,0
CUST_004369,2021-11-10,2026-06-30,55,Germany,Professional Services,Small,Basic,Monthly,49.19,0
CUST_004370,2023-10-30,2026-06-30,31,Australia,Retail,Small,Basic,Monthly,45.87,0
CUST_004371,2023-09-02,2026-06-30,33,India,Retail,Mid-Market,Pro,Monthly,99.9,0
CUST_004372,2025-07-30,2026-06-30,11,United States,Professional Services,Small,Basic,Monthly,46.28,1
CUST_004373,2025-04-20,2026-06-30,14,Germany,Manufacturing,Mid-Market,Pro,Annual,98.87,1
CUST_004374,2022-05-24,2026-06-30,49,India,Retail,Mid-Market,Business,Annual,254.79,1
CUST_004375,2024-12-03,2026-06-30,18,United Kingdom,Healthcare,Small,Basic,Monthly,46.73,0
CUST_004376,2023-07-18,2026-06-30,35,United States,Healthcare,Small,Basic,Monthly,51.53,0
CUST_004377,2024-11-09,2026-06-30,19,India,Finance,Small,Basic,Monthly,53.38,0
CUST_004378,2025-02-13,2026-06-30,16,United States,Professional Services,Mid-Market,Business,Annual,240.91,1
CUST_004379,2025-08-06,2026-06-30,10,United States,Retail,Enterprise,Enterprise,Annual,594.66,1
CUST_004380,2021-11-05,2026-06-30,55,United States,Manufacturing,Small,Basic,Monthly,51.97,1
CUST_004381,2021-10-17,2026-06-30,56,Canada,Technology,Mid-Market,Business,Monthly,226.61,0
CUST_004382,2025-11-06,2026-06-30,7,Canada,Professional Services,Enterprise,Enterprise,Annual,600.0,1
CUST_004383,2024-09-04,2026-06-30,21,Canada,Healthcare,Mid-Market,Business,Annual,245.24,1
CUST_004384,2023-08-23,2026-06-30,34,India,Manufacturing,Small,Basic,Monthly,51.21,1
CUST_004385,2024-07-13,2026-06-30,23,Canada,Technology,Small,Basic,Monthly,48.4,0
CUST_004386,2022-11-14,2026-06-30,43,Canada,Professional Services,Enterprise,Enterprise,Annual,612.54,1
CUST_004387,2025-02-18,2026-06-30,16,India,Retail,Small,Basic,Annual,46.98,1
CUST_004388,2026-02-15,2026-06-30,4,Australia,Healthcare,Small,Pro,Monthly,103.71,0
CUST_004389,2024-10-04,2026-06-30,20,United States,Finance,Small,Basic,Annual,46.25,1
CUST_004390,2023-06-23,2026-06-30,36,United States,Finance,Small,Basic,Monthly,51.13,1
CUST_004391,2025-07-11,2026-06-30,11,United Kingdom,Finance,Mid-Market,Business,Monthly,249.95,1
CUST_004392,2022-05-28,2026-06-30,49,Australia,Technology,Enterprise,Business,Annual,219.69,1
CUST_004393,2026-05-10,2026-06-30,1,United Kingdom,Healthcare,Enterprise,Pro,Monthly,99.31,1
CUST_004394,2026-01-30,2026-06-30,4,United States,Healthcare,Mid-Market,Business,Annual,256.56,1
CUST_004395,2023-11-30,2026-06-30,30,Germany,Healthcare,Enterprise,Business,Monthly,233.69,0
CUST_004396,2023-11-24,2026-06-30,31,United Kingdom,Manufacturing,Mid-Market,Enterprise,Annual,573.63,1
CUST_004397,2024-12-18,2026-06-30,18,United Kingdom,Healthcare,Enterprise,Enterprise,Annual,601.66,1
CUST_004398,2025-02-21,2026-06-30,16,India,Technology,Enterprise,Enterprise,Annual,583.68,1
CUST_004399,2026-01-26,2026-06-30,5,Australia,Professional Services,Enterprise,Enterprise,Annual,608.87,1
CUST_004400,2023-02-27,2026-06-30,40,United Kingdom,Healthcare,Small,Basic,Monthly,48.49,0
CUST_004401,2024-07-20,2026-06-30,23,United Kingdom,Retail,Small,Pro,Monthly,92.47,1
CUST_004402,2025-10-30,2026-06-30,7,United Kingdom,Professional Services,Small,Business,Annual,277.99,1
CUST_004403,2024-06-13,2026-06-30,24,United Kingdom,Manufacturing,Mid-Market,Business,Annual,244.77,1
CUST_004404,2021-10-22,2026-06-30,56,Canada,Healthcare,Enterprise,Enterprise,Annual,602.72,1
CUST_004405,2025-02-17,2026-06-30,16,Germany,Healthcare,Enterprise,Business,Annual,271.07,1
CUST_004406,2022-01-06,2026-06-30,53,United Kingdom,Professional Services,Enterprise,Pro,Annual,103.27,1
CUST_004407,2025-02-21,2026-06-30,16,Canada,Professional Services,Mid-Market,Pro,Annual,101.71,1
CUST_004408,2025-07-02,2026-06-30,11,United States,Technology,Small,Basic,Monthly,51.59,0
CUST_004409,2025-02-18,2026-06-30,16,Germany,Retail,Small,Basic,Monthly,50.35,0
CUST_004410,2024-10-28,2026-06-30,20,United Kingdom,Professional Services,Mid-Market,Business,Annual,255.87,1
CUST_004411,2025-10-27,2026-06-30,8,United States,Manufacturing,Small,Basic,Monthly,50.39,0
CUST_004412,2023-07-12,2026-06-30,35,United States,Technology,Mid-Market,Pro,Monthly,98.16,0
CUST_004413,2024-10-10,2026-06-30,20,United States,Healthcare,Mid-Market,Basic,Monthly,51.63,0
CUST_004414,2022-11-20,2026-06-30,43,India,Healthcare,Small,Business,Monthly,257.4,0
CUST_004415,2024-01-01,2026-06-30,29,India,Finance,Mid-Market,Business,Annual,220.37,1
CUST_004416,2024-03-28,2026-06-30,27,United Kingdom,Retail,Mid-Market,Basic,Monthly,51.08,1
CUST_004417,2024-02-06,2026-06-30,28,Canada,Healthcare,Mid-Market,Business,Annual,239.12,1
CUST_004418,2025-08-24,2026-06-30,10,Germany,Finance,Mid-Market,Business,Annual,252.02,1
CUST_004419,2022-11-29,2026-06-30,43,United Kingdom,Finance,Small,Pro,Annual,90.72,1
CUST_004420,2025-11-26,2026-06-30,7,India,Professional Services,Mid-Market,Business,Monthly,241.74,1
CUST_004421,2022-11-13,2026-06-30,43,United States,Professional Services,Small,Basic,Monthly,48.11,1
CUST_004422,2021-07-02,2026-06-30,59,United States,Manufacturing,Small,Basic,Monthly,50.31,1
CUST_004423,2022-08-29,2026-06-30,46,United Kingdom,Professional Services,Small,Pro,Annual,96.09,1
CUST_004424,2024-03-05,2026-06-30,27,United States,Professional Services,Mid-Market,Business,Monthly,222.03,1
CUST_004425,2024-11-13,2026-06-30,19,United Kingdom,Healthcare,Enterprise,Business,Annual,242.9,1
CUST_004426,2022-02-15,2026-06-30,52,Australia,Technology,Small,Basic,Monthly,48.07,1
CUST_004427,2025-02-24,2026-06-30,16,United States,Manufacturing,Mid-Market,Business,Monthly,256.88,1
CUST_004428,2024-01-17,2026-06-30,29,Canada,Retail,Enterprise,Enterprise,Annual,603.43,1
CUST_004429,2022-08-17,2026-06-30,46,Germany,Finance,Enterprise,Enterprise,Annual,576.04,1
CUST_004430,2021-11-18,2026-06-30,55,Australia,Professional Services,Small,Basic,Monthly,49.68,1
CUST_004431,2021-11-20,2026-06-30,55,Canada,Finance,Small,Basic,Monthly,53.49,1
CUST_004432,2025-12-25,2026-06-30,6,United States,Professional Services,Small,Basic,Monthly,51.87,0
CUST_004433,2021-12-31,2026-06-30,53,United Kingdom,Retail,Enterprise,Basic,Monthly,44.32,1
CUST_004434,2025-11-08,2026-06-30,7,Canada,Technology,Small,Basic,Monthly,55.06,1
CUST_004435,2023-07-17,2026-06-30,35,Australia,Professional Services,Small,Basic,Monthly,51.9,0
CUST_004436,2021-11-05,2026-06-30,55,United Kingdom,Manufacturing,Enterprise,Business,Monthly,268.74,0
CUST_004437,2023-03-13,2026-06-30,39,United States,Retail,Small,Basic,Monthly,45.28,1
CUST_004438,2021-10-04,2026-06-30,56,Germany,Retail,Mid-Market,Business,Annual,243.84,0
CUST_004439,2024-09-20,2026-06-30,21,Canada,Technology,Enterprise,Business,Annual,256.33,1
CUST_004440,2024-11-13,2026-06-30,19,United States,Technology,Small,Basic,Monthly,46.25,1
CUST_004441,2024-10-23,2026-06-30,20,United Kingdom,Technology,Small,Pro,Monthly,101.61,1
CUST_004442,2024-09-01,2026-06-30,21,India,Technology,Small,Pro,Annual,107.08,0
CUST_004443,2023-01-22,2026-06-30,41,Germany,Finance,Mid-Market,Business,Monthly,244.85,1
CUST_004444,2024-03-10,2026-06-30,27,United States,Healthcare,Small,Pro,Monthly,107.43,1
CUST_004445,2022-10-16,2026-06-30,44,Germany,Technology,Small,Basic,Annual,50.72,1
CUST_004446,2024-05-14,2026-06-30,25,United States,Retail,Small,Basic,Monthly,44.45,1
CUST_004447,2024-11-25,2026-06-30,19,United Kingdom,Finance,Small,Basic,Monthly,46.87,0
CUST_004448,2025-06-24,2026-06-30,12,United Kingdom,Finance,Mid-Market,Business,Annual,262.8,1
CUST_004449,2023-09-15,2026-06-30,33,United States,Professional Services,Small,Pro,Monthly,93.89,0
CUST_004450,2021-12-31,2026-06-30,53,United States,Professional Services,Mid-Market,Business,Annual,262.44,1
CUST_004451,2022-03-12,2026-06-30,51,India,Manufacturing,Enterprise,Enterprise,Annual,617.32,1
CUST_004452,2025-03-03,2026-06-30,15,United States,Technology,Mid-Market,Pro,Annual,100.55,1
CUST_004453,2024-01-25,2026-06-30,29,Australia,Manufacturing,Mid-Market,Enterprise,Annual,581.71,1
CUST_004454,2022-12-13,2026-06-30,42,United Kingdom,Technology,Small,Pro,Annual,100.49,1
CUST_004455,2023-05-28,2026-06-30,37,United Kingdom,Retail,Small,Basic,Monthly,53.12,1
CUST_004456,2026-01-31,2026-06-30,4,United States,Professional Services,Small,Basic,Monthly,48.04,0
CUST_004457,2023-07-06,2026-06-30,35,United States,Finance,Small,Basic,Annual,50.49,1
CUST_004458,2026-03-23,2026-06-30,3,United States,Professional Services,Enterprise,Pro,Annual,108.93,1
CUST_004459,2025-11-03,2026-06-30,7,United Kingdom,Manufacturing,Small,Basic,Monthly,49.64,0
CUST_004460,2023-03-15,2026-06-30,39,India,Finance,Small,Basic,Annual,47.8,1
CUST_004461,2025-11-28,2026-06-30,7,India,Technology,Mid-Market,Pro,Annual,96.52,1
CUST_004462,2024-09-30,2026-06-30,20,United States,Manufacturing,Enterprise,Pro,Monthly,88.69,0
CUST_004463,2023-07-10,2026-06-30,35,United States,Healthcare,Mid-Market,Basic,Monthly,46.03,1
CUST_004464,2023-03-12,2026-06-30,39,United States,Technology,Small,Business,Annual,253.21,1
CUST_004465,2024-03-22,2026-06-30,27,India,Technology,Mid-Market,Pro,Monthly,103.8,1
CUST_004466,2025-12-14,2026-06-30,6,United States,Professional Services,Small,Business,Annual,243.7,1
CUST_004467,2022-06-27,2026-06-30,48,United States,Technology,Mid-Market,Business,Monthly,260.91,1
CUST_004468,2021-09-30,2026-06-30,56,United Kingdom,Professional Services,Mid-Market,Pro,Monthly,103.43,1
CUST_004469,2022-01-17,2026-06-30,53,United Kingdom,Retail,Mid-Market,Pro,Annual,95.18,1
CUST_004470,2022-09-26,2026-06-30,45,United States,Finance,Small,Basic,Annual,47.54,1
CUST_004471,2024-06-09,2026-06-30,24,Germany,Finance,Enterprise,Business,Monthly,232.24,0
CUST_004472,2022-02-09,2026-06-30,52,United States,Manufacturing,Small,Basic,Annual,50.82,0
CUST_004473,2024-01-06,2026-06-30,29,United States,Healthcare,Small,Pro,Annual,99.02,0
CUST_004474,2025-09-29,2026-06-30,9,United States,Technology,Mid-Market,Pro,Annual,103.39,0
CUST_004475,2022-03-27,2026-06-30,51,United States,Technology,Small,Basic,Monthly,48.85,0
CUST_004476,2024-11-03,2026-06-30,19,India,Professional Services,Small,Basic,Annual,46.7,1
CUST_004477,2021-10-20,2026-06-30,56,United Kingdom,Retail,Small,Pro,Annual,102.86,1
CUST_004478,2024-08-08,2026-06-30,22,Germany,Healthcare,Small,Enterprise,Annual,539.65,1
CUST_004479,2022-02-21,2026-06-30,52,United States,Technology,Small,Basic,Monthly,48.17,0
CUST_004480,2023-10-10,2026-06-30,32,Germany,Healthcare,Mid-Market,Pro,Monthly,95.17,0
CUST_004481,2024-02-13,2026-06-30,28,India,Manufacturing,Small,Business,Monthly,267.99,1
CUST_004482,2024-12-15,2026-06-30,18,United States,Technology,Enterprise,Enterprise,Monthly,651.41,0
CUST_004483,2022-04-22,2026-06-30,50,India,Professional Services,Mid-Market,Business,Annual,254.27,1
CUST_004484,2026-02-12,2026-06-30,4,United Kingdom,Professional Services,Mid-Market,Business,Annual,241.79,1
CUST_004485,2024-02-10,2026-06-30,28,Germany,Finance,Enterprise,Business,Annual,270.43,1
CUST_004486,2024-08-07,2026-06-30,22,United States,Professional Services,Mid-Market,Business,Annual,240.31,1
CUST_004487,2023-09-29,2026-06-30,33,United Kingdom,Retail,Small,Basic,Monthly,45.61,1
CUST_004488,2025-03-01,2026-06-30,15,Canada,Retail,Enterprise,Enterprise,Annual,539.49,0
CUST_004489,2023-02-24,2026-06-30,40,India,Technology,Small,Pro,Annual,99.51,1
CUST_004490,2024-07-08,2026-06-30,23,India,Professional Services,Small,Basic,Monthly,44.8,1
CUST_004491,2025-06-28,2026-06-30,12,United States,Healthcare,Mid-Market,Business,Monthly,266.66,1
CUST_004492,2025-06-12,2026-06-30,12,India,Manufacturing,Small,Pro,Monthly,96.13,0
CUST_004493,2022-12-28,2026-06-30,42,India,Finance,Mid-Market,Pro,Monthly,92.63,0
CUST_004494,2025-02-15,2026-06-30,16,United Kingdom,Finance,Enterprise,Enterprise,Annual,632.41,1
CUST_004495,2024-11-26,2026-06-30,19,United States,Professional Services,Mid-Market,Business,Annual,259.9,1
CUST_004496,2023-05-02,2026-06-30,37,United States,Healthcare,Small,Basic,Monthly,53.08,0
CUST_004497,2024-10-17,2026-06-30,20,United States,Technology,Small,Basic,Monthly,44.84,1
CUST_004498,2024-07-04,2026-06-30,23,United States,Professional Services,Small,Basic,Annual,44.32,1
CUST_004499,2025-03-19,2026-06-30,15,India,Technology,Small,Basic,Monthly,52.82,0
CUST_004500,2024-09-19,2026-06-30,21,United States,Professional Services,Mid-Market,Business,Annual,214.06,1
CUST_004501,2023-01-04,2026-06-30,41,Germany,Professional Services,Mid-Market,Business,Annual,233.87,1
CUST_004502,2023-10-16,2026-06-30,32,United Kingdom,Technology,Mid-Market,Pro,Monthly,99.27,1
CUST_004503,2021-07-06,2026-06-30,59,United Kingdom,Retail,Mid-Market,Business,Monthly,232.45,1
CUST_004504,2022-08-15,2026-06-30,46,United States,Professional Services,Small,Basic,Monthly,49.52,1
CUST_004505,2026-05-01,2026-06-30,1,United Kingdom,Professional Services,Small,Pro,Monthly,93.31,0
CUST_004506,2024-07-20,2026-06-30,23,United Kingdom,Healthcare,Mid-Market,Pro,Monthly,105.39,1
CUST_004507,2024-12-27,2026-06-30,18,United Kingdom,Retail,Small,Pro,Monthly,102.55,1
CUST_004508,2023-07-12,2026-06-30,35,United States,Retail,Small,Basic,Monthly,49.67,1
CUST_004509,2025-02-09,2026-06-30,16,Germany,Technology,Mid-Market,Business,Annual,244.58,1
CUST_004510,2021-08-31,2026-06-30,57,United States,Retail,Small,Basic,Monthly,46.47,1
CUST_004511,2024-12-10,2026-06-30,18,United Kingdom,Finance,Small,Business,Annual,247.32,1
CUST_004512,2023-11-07,2026-06-30,31,Canada,Finance,Small,Basic,Monthly,45.98,0
CUST_004513,2025-10-23,2026-06-30,8,United States,Healthcare,Small,Pro,Monthly,108.49,1
CUST_004514,2021-12-10,2026-06-30,54,Australia,Professional Services,Mid-Market,Pro,Monthly,100.58,1
CUST_004515,2021-12-07,2026-06-30,54,United States,Technology,Small,Basic,Monthly,46.87,1
CUST_004516,2022-07-07,2026-06-30,47,India,Finance,Enterprise,Enterprise,Monthly,645.9,0
CUST_004517,2024-09-07,2026-06-30,21,India,Technology,Small,Basic,Monthly,48.89,1
CUST_004518,2026-02-15,2026-06-30,4,United States,Technology,Small,Pro,Annual,105.92,1
CUST_004519,2022-12-02,2026-06-30,42,United States,Professional Services,Small,Basic,Monthly,52.35,1
CUST_004520,2024-04-21,2026-06-30,26,United States,Healthcare,Enterprise,Enterprise,Annual,612.07,1
CUST_004521,2021-07-19,2026-06-30,59,India,Technology,Small,Basic,Monthly,45.89,0
CUST_004522,2022-12-25,2026-06-30,42,United Kingdom,Professional Services,Mid-Market,Business,Annual,241.77,1
CUST_004523,2023-10-08,2026-06-30,32,United States,Technology,Enterprise,Enterprise,Annual,706.49,1
CUST_004524,2021-07-25,2026-06-30,59,Canada,Healthcare,Small,Pro,Annual,96.27,0
CUST_004525,2022-06-25,2026-06-30,48,United States,Manufacturing,Small,Pro,Monthly,97.73,0
CUST_004526,2024-02-29,2026-06-30,27,United Kingdom,Manufacturing,Mid-Market,Business,Annual,243.13,0
CUST_004527,2026-04-28,2026-06-30,2,Canada,Technology,Mid-Market,Business,Annual,237.3,1
CUST_004528,2025-12-16,2026-06-30,6,United States,Manufacturing,Small,Pro,Annual,102.48,1
CUST_004529,2024-03-26,2026-06-30,27,Australia,Retail,Enterprise,Business,Annual,232.33,1
CUST_004530,2023-08-27,2026-06-30,34,United States,Retail,Mid-Market,Pro,Monthly,94.89,0
CUST_004531,2026-04-07,2026-06-30,2,United Kingdom,Finance,Enterprise,Enterprise,Annual,608.24,1
CUST_004532,2025-10-16,2026-06-30,8,United Kingdom,Manufacturing,Small,Basic,Monthly,48.39,1
CUST_004533,2022-12-14,2026-06-30,42,India,Retail,Small,Business,Monthly,251.03,1
CUST_004534,2022-09-21,2026-06-30,45,Canada,Manufacturing,Small,Business,Monthly,248.61,0
CUST_004535,2026-04-08,2026-06-30,2,India,Professional Services,Enterprise,Enterprise,Annual,563.89,1
CUST_004536,2023-12-02,2026-06-30,30,United States,Professional Services,Small,Basic,Monthly,52.59,0
CUST_004537,2026-01-06,2026-06-30,5,India,Manufacturing,Mid-Market,Business,Annual,263.23,1
CUST_004538,2022-11-10,2026-06-30,43,United States,Finance,Small,Basic,Annual,46.66,1
CUST_004539,2022-04-25,2026-06-30,50,Germany,Technology,Small,Basic,Monthly,50.17,0
CUST_004540,2022-02-21,2026-06-30,52,United States,Retail,Small,Pro,Monthly,96.57,0
CUST_004541,2023-06-23,2026-06-30,36,India,Technology,Mid-Market,Business,Annual,262.49,1
CUST_004542,2023-04-29,2026-06-30,38,India,Manufacturing,Small,Basic,Monthly,51.1,1
CUST_004543,2021-11-10,2026-06-30,55,Canada,Manufacturing,Mid-Market,Business,Annual,264.64,1
CUST_004544,2023-05-28,2026-06-30,37,United Kingdom,Retail,Mid-Market,Business,Annual,237.21,0
CUST_004545,2024-03-21,2026-06-30,27,United Kingdom,Technology,Enterprise,Business,Annual,232.13,1
CUST_004546,2022-09-15,2026-06-30,45,United States,Professional Services,Mid-Market,Basic,Annual,44.45,0
CUST_004547,2023-07-06,2026-06-30,35,Germany,Retail,Mid-Market,Business,Monthly,282.31,1
CUST_004548,2022-04-10,2026-06-30,50,Germany,Healthcare,Mid-Market,Basic,Monthly,51.22,1
CUST_004549,2023-11-02,2026-06-30,31,United Kingdom,Retail,Small,Basic,Annual,52.05,1
CUST_004550,2022-02-22,2026-06-30,52,United States,Technology,Small,Basic,Monthly,45.49,0
CUST_004551,2026-03-12,2026-06-30,3,India,Manufacturing,Enterprise,Enterprise,Annual,618.03,1
CUST_004552,2026-03-27,2026-06-30,3,United States,Technology,Small,Pro,Monthly,90.48,1
CUST_004553,2025-12-05,2026-06-30,6,United Kingdom,Retail,Small,Pro,Monthly,101.25,1
CUST_004554,2023-09-06,2026-06-30,33,United States,Technology,Mid-Market,Business,Annual,249.25,1
CUST_004555,2022-12-06,2026-06-30,42,United States,Technology,Mid-Market,Business,Monthly,245.29,0
CUST_004556,2025-05-08,2026-06-30,13,United States,Technology,Small,Pro,Annual,96.32,1
CUST_004557,2025-08-25,2026-06-30,10,United States,Technology,Enterprise,Business,Annual,263.64,1
CUST_004558,2022-03-09,2026-06-30,51,United Kingdom,Professional Services,Small,Basic,Monthly,47.72,1
CUST_004559,2022-09-22,2026-06-30,45,United Kingdom,Manufacturing,Small,Basic,Monthly,52.32,0
CUST_004560,2023-03-25,2026-06-30,39,Germany,Technology,Enterprise,Pro,Monthly,98.77,0
CUST_004561,2024-01-06,2026-06-30,29,Germany,Technology,Small,Basic,Monthly,49.92,1
CUST_004562,2024-05-07,2026-06-30,25,United States,Manufacturing,Mid-Market,Pro,Annual,101.72,1
CUST_004563,2026-04-25,2026-06-30,2,United States,Technology,Enterprise,Pro,Annual,101.28,1
CUST_004564,2025-06-28,2026-06-30,12,United Kingdom,Healthcare,Small,Basic,Monthly,49.56,1
CUST_004565,2022-01-02,2026-06-30,53,United Kingdom,Technology,Small,Basic,Annual,54.27,1
CUST_004566,2024-09-30,2026-06-30,20,United Kingdom,Retail,Enterprise,Business,Annual,263.05,0
CUST_004567,2022-12-14,2026-06-30,42,United States,Professional Services,Mid-Market,Business,Annual,217.17,0
CUST_004568,2022-12-15,2026-06-30,42,Australia,Technology,Enterprise,Enterprise,Annual,592.76,1
CUST_004569,2024-11-22,2026-06-30,19,United States,Professional Services,Enterprise,Enterprise,Annual,643.51,1
CUST_004570,2025-05-30,2026-06-30,13,United Kingdom,Professional Services,Mid-Market,Pro,Annual,94.98,1
CUST_004571,2023-01-06,2026-06-30,41,United States,Professional Services,Small,Pro,Monthly,99.02,0
CUST_004572,2025-12-15,2026-06-30,6,United Kingdom,Manufacturing,Small,Pro,Annual,99.39,1
CUST_004573,2023-12-25,2026-06-30,30,Canada,Professional Services,Small,Basic,Monthly,52.9,0
CUST_004574,2022-01-18,2026-06-30,53,Germany,Retail,Small,Basic,Monthly,46.44,1
CUST_004575,2022-12-02,2026-06-30,42,United States,Professional Services,Mid-Market,Pro,Monthly,94.53,1
CUST_004576,2022-08-29,2026-06-30,46,United Kingdom,Technology,Enterprise,Business,Annual,255.29,1
CUST_004577,2026-01-02,2026-06-30,5,United States,Manufacturing,Enterprise,Business,Annual,253.29,0
CUST_004578,2025-06-07,2026-06-30,12,Germany,Retail,Enterprise,Business,Annual,255.5,0
CUST_004579,2025-01-23,2026-06-30,17,United States,Technology,Small,Basic,Monthly,49.79,1
CUST_004580,2024-12-23,2026-06-30,18,United States,Finance,Small,Basic,Monthly,48.71,1
CUST_004581,2025-06-17,2026-06-30,12,Germany,Technology,Small,Basic,Monthly,50.37,1
CUST_004582,2021-08-21,2026-06-30,58,United States,Healthcare,Mid-Market,Enterprise,Annual,605.15,1
CUST_004583,2025-08-08,2026-06-30,10,United States,Technology,Enterprise,Pro,Annual,97.77,1
CUST_004584,2022-12-07,2026-06-30,42,Australia,Finance,Enterprise,Enterprise,Annual,597.1,1
CUST_004585,2023-07-13,2026-06-30,35,Australia,Finance,Enterprise,Business,Annual,242.28,1
CUST_004586,2023-06-01,2026-06-30,36,India,Retail,Small,Pro,Monthly,95.5,0
CUST_004587,2025-05-11,2026-06-30,13,United States,Technology,Small,Pro,Monthly,101.76,0
CUST_004588,2024-11-25,2026-06-30,19,United Kingdom,Technology,Small,Pro,Monthly,92.53,1
CUST_004589,2023-06-08,2026-06-30,36,Australia,Finance,Mid-Market,Business,Monthly,257.58,0
CUST_004590,2024-12-11,2026-06-30,18,United States,Healthcare,Small,Pro,Annual,97.69,1
CUST_004591,2023-01-02,2026-06-30,41,Germany,Technology,Mid-Market,Business,Annual,247.72,1
CUST_004592,2026-03-22,2026-06-30,3,United States,Professional Services,Small,Basic,Monthly,48.57,0
CUST_004593,2026-01-21,2026-06-30,5,India,Finance,Mid-Market,Pro,Monthly,101.49,1
CUST_004594,2022-11-01,2026-06-30,43,United Kingdom,Finance,Enterprise,Enterprise,Annual,643.33,1
CUST_004595,2023-05-20,2026-06-30,37,Canada,Retail,Small,Basic,Monthly,53.42,0
CUST_004596,2026-03-15,2026-06-30,3,Canada,Professional Services,Mid-Market,Pro,Annual,104.19,1
CUST_004597,2021-12-30,2026-06-30,53,United States,Healthcare,Mid-Market,Enterprise,Annual,601.35,1
CUST_004598,2026-05-23,2026-06-30,1,United States,Technology,Enterprise,Enterprise,Annual,622.94,0
CUST_004599,2021-09-19,2026-06-30,57,Germany,Retail,Small,Basic,Monthly,44.05,1
CUST_004600,2022-10-30,2026-06-30,43,United Kingdom,Healthcare,Mid-Market,Business,Monthly,256.57,1
CUST_004601,2021-07-23,2026-06-30,59,United Kingdom,Healthcare,Small,Basic,Monthly,49.95,1
CUST_004602,2021-10-01,2026-06-30,56,United States,Professional Services,Small,Basic,Monthly,45.22,1
CUST_004603,2024-11-15,2026-06-30,19,Germany,Professional Services,Small,Business,Annual,241.77,1
CUST_004604,2022-09-12,2026-06-30,45,United States,Retail,Mid-Market,Pro,Annual,100.37,1
CUST_004605,2025-05-18,2026-06-30,13,United States,Technology,Small,Basic,Monthly,49.94,1
CUST_004606,2024-02-05,2026-06-30,28,India,Retail,Mid-Market,Business,Annual,260.92,1
CUST_004607,2025-03-27,2026-06-30,15,Canada,Professional Services,Small,Basic,Annual,53.09,0
CUST_004608,2024-01-10,2026-06-30,29,United Kingdom,Professional Services,Small,Business,Monthly,247.14,1
CUST_004609,2022-02-16,2026-06-30,52,India,Technology,Mid-Market,Pro,Monthly,93.37,0
CUST_004610,2024-04-09,2026-06-30,26,United States,Technology,Small,Basic,Monthly,51.01,1
CUST_004611,2025-12-17,2026-06-30,6,India,Technology,Small,Business,Monthly,265.03,0
CUST_004612,2024-10-26,2026-06-30,20,Germany,Manufacturing,Small,Basic,Annual,52.11,0
CUST_004613,2022-07-20,2026-06-30,47,United Kingdom,Healthcare,Small,Pro,Monthly,101.33,0
CUST_004614,2023-11-07,2026-06-30,31,United States,Finance,Small,Basic,Monthly,53.9,1
CUST_004615,2023-08-30,2026-06-30,34,United States,Finance,Mid-Market,Business,Annual,245.59,0
CUST_004616,2024-04-18,2026-06-30,26,Canada,Finance,Mid-Market,Pro,Annual,106.92,1
CUST_004617,2024-12-22,2026-06-30,18,United States,Professional Services,Small,Pro,Monthly,93.26,0
CUST_004618,2023-06-23,2026-06-30,36,United States,Healthcare,Small,Business,Annual,220.79,1
CUST_004619,2023-04-21,2026-06-30,38,United Kingdom,Technology,Mid-Market,Basic,Annual,46.12,1
CUST_004620,2021-12-31,2026-06-30,53,Germany,Manufacturing,Small,Basic,Monthly,47.59,0
CUST_004621,2023-05-19,2026-06-30,37,United States,Retail,Small,Pro,Monthly,99.0,1
CUST_004622,2021-07-10,2026-06-30,59,Germany,Manufacturing,Small,Enterprise,Annual,571.07,0
CUST_004623,2022-05-09,2026-06-30,49,India,Professional Services,Mid-Market,Pro,Annual,99.63,1
CUST_004624,2026-01-10,2026-06-30,5,Germany,Technology,Mid-Market,Enterprise,Annual,618.37,1
CUST_004625,2024-06-27,2026-06-30,24,Australia,Technology,Small,Pro,Monthly,100.75,1
CUST_004626,2024-07-10,2026-06-30,23,Germany,Technology,Small,Pro,Monthly,98.32,0
CUST_004627,2026-05-26,2026-06-30,1,United States,Manufacturing,Mid-Market,Pro,Monthly,104.95,1
CUST_004628,2025-07-11,2026-06-30,11,United States,Professional Services,Small,Basic,Monthly,47.04,1
CUST_004629,2022-09-01,2026-06-30,45,India,Finance,Small,Pro,Annual,97.81,1
CUST_004630,2024-09-06,2026-06-30,21,United Kingdom,Manufacturing,Mid-Market,Business,Annual,242.15,1
CUST_004631,2025-09-08,2026-06-30,9,Australia,Manufacturing,Small,Basic,Monthly,50.6,1
CUST_004632,2024-12-31,2026-06-30,17,India,Professional Services,Small,Basic,Monthly,47.96,1
CUST_004633,2025-01-23,2026-06-30,17,United States,Healthcare,Mid-Market,Business,Annual,253.98,1
CUST_004634,2025-07-22,2026-06-30,11,United States,Technology,Mid-Market,Business,Annual,259.16,1
CUST_004635,2025-12-01,2026-06-30,6,United Kingdom,Manufacturing,Small,Basic,Annual,47.76,1
CUST_004636,2022-08-29,2026-06-30,46,United States,Manufacturing,Small,Basic,Monthly,45.08,0
CUST_004637,2022-05-12,2026-06-30,49,United Kingdom,Manufacturing,Small,Basic,Monthly,48.45,1
CUST_004638,2023-12-23,2026-06-30,30,Australia,Professional Services,Small,Basic,Monthly,47.05,1
CUST_004639,2023-05-23,2026-06-30,37,United Kingdom,Finance,Small,Basic,Monthly,47.43,0
CUST_004640,2021-11-23,2026-06-30,55,United States,Retail,Small,Pro,Monthly,86.77,1
CUST_004641,2022-04-10,2026-06-30,50,Germany,Finance,Small,Pro,Annual,90.98,1
CUST_004642,2026-04-03,2026-06-30,2,United States,Healthcare,Small,Basic,Monthly,50.96,1
CUST_004643,2021-09-24,2026-06-30,57,India,Technology,Small,Basic,Monthly,46.7,0
CUST_004644,2026-01-31,2026-06-30,4,United States,Technology,Mid-Market,Business,Annual,263.39,1
CUST_004645,2026-04-14,2026-06-30,2,India,Technology,Mid-Market,Pro,Monthly,95.46,1
CUST_004646,2024-06-07,2026-06-30,24,Canada,Retail,Enterprise,Enterprise,Annual,613.56,1
CUST_004647,2022-10-01,2026-06-30,44,Canada,Professional Services,Mid-Market,Business,Annual,245.85,1
CUST_004648,2026-01-07,2026-06-30,5,Canada,Finance,Mid-Market,Enterprise,Annual,618.46,1
CUST_004649,2024-12-22,2026-06-30,18,United States,Healthcare,Small,Pro,Annual,97.75,1
CUST_004650,2025-02-14,2026-06-30,16,Canada,Technology,Mid-Market,Enterprise,Annual,605.39,1
CUST_004651,2024-06-17,2026-06-30,24,Australia,Healthcare,Small,Pro,Annual,105.09,1
CUST_004652,2021-07-27,2026-06-30,59,Australia,Finance,Enterprise,Business,Annual,254.86,1
CUST_004653,2024-10-14,2026-06-30,20,United States,Retail,Enterprise,Enterprise,Annual,578.39,1
CUST_004654,2025-05-21,2026-06-30,13,Germany,Professional Services,Small,Basic,Annual,44.41,1
CUST_004655,2025-10-24,2026-06-30,8,India,Healthcare,Enterprise,Enterprise,Annual,595.74,1
CUST_004656,2025-06-10,2026-06-30,12,Australia,Retail,Mid-Market,Pro,Monthly,101.13,0
CUST_004657,2025-10-05,2026-06-30,8,Canada,Manufacturing,Mid-Market,Business,Annual,250.92,1
CUST_004658,2023-08-06,2026-06-30,34,United States,Technology,Small,Pro,Monthly,94.65,1
CUST_004659,2024-05-07,2026-06-30,25,India,Finance,Small,Pro,Annual,99.75,0
CUST_004660,2023-12-20,2026-06-30,30,United States,Technology,Mid-Market,Pro,Annual,102.27,0
CUST_004661,2022-04-29,2026-06-30,50,United States,Healthcare,Small,Enterprise,Annual,640.74,1
CUST_004662,2023-07-25,2026-06-30,35,Germany,Professional Services,Small,Pro,Monthly,97.88,0
CUST_004663,2025-08-26,2026-06-30,10,United States,Healthcare,Small,Basic,Monthly,55.02,1
CUST_004664,2024-07-24,2026-06-30,23,Australia,Healthcare,Small,Basic,Annual,52.56,1
CUST_004665,2024-11-16,2026-06-30,19,United States,Technology,Mid-Market,Pro,Monthly,99.83,1
CUST_004666,2022-05-08,2026-06-30,49,Germany,Finance,Mid-Market,Pro,Monthly,100.3,1
CUST_004667,2024-11-26,2026-06-30,19,India,Professional Services,Enterprise,Enterprise,Annual,640.6,1
CUST_004668,2025-09-25,2026-06-30,9,India,Finance,Mid-Market,Pro,Monthly,94.23,0
CUST_004669,2022-10-18,2026-06-30,44,India,Manufacturing,Mid-Market,Pro,Annual,95.03,1
CUST_004670,2024-04-23,2026-06-30,26,India,Technology,Enterprise,Enterprise,Monthly,560.43,1
CUST_004671,2025-12-10,2026-06-30,6,United States,Technology,Small,Basic,Annual,48.37,0
CUST_004672,2023-01-09,2026-06-30,41,India,Finance,Mid-Market,Business,Annual,238.29,1
CUST_004673,2025-05-19,2026-06-30,13,India,Professional Services,Enterprise,Business,Monthly,244.58,1
CUST_004674,2022-02-23,2026-06-30,52,United Kingdom,Technology,Mid-Market,Business,Annual,248.57,1
CUST_004675,2022-04-28,2026-06-30,50,Canada,Manufacturing,Mid-Market,Enterprise,Annual,557.72,0
CUST_004676,2024-08-06,2026-06-30,22,United States,Technology,Small,Basic,Monthly,52.35,1
CUST_004677,2023-09-07,2026-06-30,33,United Kingdom,Retail,Small,Basic,Monthly,51.92,1
CUST_004678,2023-08-16,2026-06-30,34,Germany,Retail,Mid-Market,Enterprise,Annual,585.23,1
CUST_004679,2023-03-16,2026-06-30,39,Canada,Retail,Mid-Market,Business,Annual,267.45,1
CUST_004680,2026-01-27,2026-06-30,5,Canada,Finance,Small,Pro,Monthly,100.92,0
CUST_004681,2024-10-25,2026-06-30,20,United Kingdom,Technology,Small,Business,Annual,262.68,1
CUST_004682,2025-07-30,2026-06-30,11,United States,Professional Services,Small,Basic,Monthly,45.68,1
CUST_004683,2022-12-26,2026-06-30,42,India,Retail,Small,Pro,Annual,97.34,0
CUST_004684,2026-01-27,2026-06-30,5,United States,Technology,Small,Pro,Annual,102.11,1
CUST_004685,2023-11-16,2026-06-30,31,United States,Healthcare,Small,Business,Monthly,246.96,1
CUST_004686,2022-11-02,2026-06-30,43,United States,Technology,Small,Basic,Monthly,48.57,0
CUST_004687,2021-10-02,2026-06-30,56,India,Healthcare,Small,Pro,Monthly,98.45,0
CUST_004688,2024-12-30,2026-06-30,17,India,Healthcare,Mid-Market,Pro,Monthly,100.85,1
CUST_004689,2026-05-17,2026-06-30,1,United States,Technology,Small,Pro,Monthly,99.55,0
CUST_004690,2022-11-09,2026-06-30,43,United States,Healthcare,Mid-Market,Business,Annual,268.4,1
CUST_004691,2026-05-29,2026-06-30,1,Canada,Retail,Small,Business,Annual,236.68,1
CUST_004692,2026-02-01,2026-06-30,4,United States,Professional Services,Small,Basic,Monthly,49.23,1
CUST_004693,2021-07-19,2026-06-30,59,Germany,Manufacturing,Small,Basic,Monthly,50.72,1
CUST_004694,2022-03-05,2026-06-30,51,United States,Healthcare,Small,Business,Annual,233.52,1
CUST_004695,2022-12-08,2026-06-30,42,United Kingdom,Manufacturing,Small,Pro,Annual,97.3,1
CUST_004696,2022-04-23,2026-06-30,50,United States,Finance,Small,Basic,Monthly,49.43,0
CUST_004697,2026-01-16,2026-06-30,5,Canada,Retail,Small,Basic,Monthly,52.68,1
CUST_004698,2025-12-23,2026-06-30,6,Canada,Technology,Mid-Market,Enterprise,Annual,603.08,1
CUST_004699,2024-12-08,2026-06-30,18,United States,Technology,Small,Business,Annual,258.44,1
CUST_004700,2026-04-19,2026-06-30,2,United States,Retail,Small,Basic,Monthly,51.02,1
CUST_004701,2022-01-18,2026-06-30,53,United States,Technology,Mid-Market,Business,Monthly,214.69,0
CUST_004702,2026-02-19,2026-06-30,4,United States,Retail,Small,Basic,Monthly,49.2,0
CUST_004703,2023-09-28,2026-06-30,33,India,Retail,Small,Basic,Monthly,47.93,1
CUST_004704,2022-03-21,2026-06-30,51,United States,Technology,Mid-Market,Business,Annual,267.71,1
CUST_004705,2022-10-20,2026-06-30,44,United States,Finance,Mid-Market,Pro,Annual,102.46,1
CUST_004706,2025-04-05,2026-06-30,14,United States,Retail,Mid-Market,Pro,Annual,103.33,1
CUST_004707,2024-02-07,2026-06-30,28,Germany,Manufacturing,Enterprise,Business,Annual,255.47,1
CUST_004708,2023-09-20,2026-06-30,33,India,Manufacturing,Small,Basic,Monthly,49.26,1
CUST_004709,2022-08-22,2026-06-30,46,Australia,Finance,Small,Basic,Monthly,51.05,1
CUST_004710,2024-04-26,2026-06-30,26,United Kingdom,Professional Services,Enterprise,Enterprise,Annual,598.36,1
CUST_004711,2025-01-05,2026-06-30,17,Australia,Finance,Mid-Market,Pro,Monthly,105.36,1
CUST_004712,2022-07-04,2026-06-30,47,Canada,Technology,Enterprise,Enterprise,Annual,566.98,1
CUST_004713,2022-01-21,2026-06-30,53,India,Retail,Mid-Market,Pro,Monthly,104.14,1
CUST_004714,2024-01-05,2026-06-30,29,Australia,Technology,Small,Pro,Annual,97.2,1
CUST_004715,2026-04-11,2026-06-30,2,United States,Technology,Mid-Market,Business,Annual,257.46,1
CUST_004716,2023-12-15,2026-06-30,30,Canada,Finance,Small,Business,Monthly,229.43,0
CUST_004717,2022-01-16,2026-06-30,53,United States,Professional Services,Small,Basic,Monthly,49.66,0
CUST_004718,2021-07-21,2026-06-30,59,United States,Professional Services,Small,Basic,Monthly,48.63,1
CUST_004719,2024-06-11,2026-06-30,24,Australia,Professional Services,Small,Basic,Monthly,48.89,0
CUST_004720,2025-09-04,2026-06-30,9,United States,Finance,Mid-Market,Pro,Annual,90.25,1
CUST_004721,2023-08-08,2026-06-30,34,Germany,Healthcare,Mid-Market,Business,Monthly,249.41,0
CUST_004722,2022-05-01,2026-06-30,49,India,Manufacturing,Enterprise,Enterprise,Annual,602.88,1
CUST_004723,2021-10-08,2026-06-30,56,Canada,Finance,Small,Basic,Monthly,44.64,1
CUST_004724,2026-02-28,2026-06-30,4,United States,Finance,Small,Pro,Monthly,93.3,0
CUST_004725,2024-12-26,2026-06-30,18,United Kingdom,Technology,Small,Pro,Annual,99.78,1
CUST_004726,2024-01-25,2026-06-30,29,Australia,Retail,Small,Basic,Monthly,50.0,1
CUST_004727,2025-12-06,2026-06-30,6,United States,Retail,Small,Pro,Annual,98.75,1
CUST_004728,2022-01-22,2026-06-30,53,United States,Finance,Small,Basic,Annual,49.11,1
CUST_004729,2025-11-11,2026-06-30,7,United Kingdom,Technology,Mid-Market,Enterprise,Annual,599.81,1
CUST_004730,2023-02-22,2026-06-30,40,India,Manufacturing,Small,Pro,Annual,96.3,1
CUST_004731,2021-11-25,2026-06-30,55,United States,Retail,Mid-Market,Business,Annual,246.78,1
CUST_004732,2023-01-18,2026-06-30,41,United States,Technology,Small,Basic,Monthly,45.57,1
CUST_004733,2022-08-31,2026-06-30,45,India,Finance,Small,Pro,Annual,96.11,1
CUST_004734,2025-02-13,2026-06-30,16,United States,Professional Services,Enterprise,Enterprise,Annual,597.73,1
CUST_004735,2022-05-07,2026-06-30,49,United States,Retail,Small,Basic,Monthly,52.03,0
CUST_004736,2024-05-10,2026-06-30,25,United Kingdom,Retail,Small,Basic,Monthly,48.7,0
CUST_004737,2026-02-10,2026-06-30,4,United States,Retail,Enterprise,Enterprise,Annual,660.74,1
CUST_004738,2024-08-11,2026-06-30,22,United States,Professional Services,Small,Basic,Monthly,53.73,0
CUST_004739,2024-09-11,2026-06-30,21,United Kingdom,Finance,Small,Basic,Monthly,49.17,1
CUST_004740,2023-11-08,2026-06-30,31,United Kingdom,Finance,Small,Pro,Annual,96.95,1
CUST_004741,2025-02-10,2026-06-30,16,Canada,Finance,Mid-Market,Business,Annual,277.21,1
CUST_004742,2024-02-22,2026-06-30,28,United States,Manufacturing,Mid-Market,Pro,Monthly,102.69,1
CUST_004743,2024-04-23,2026-06-30,26,United Kingdom,Technology,Mid-Market,Pro,Annual,101.17,0
CUST_004744,2024-10-22,2026-06-30,20,United Kingdom,Technology,Enterprise,Business,Monthly,240.02,0
CUST_004745,2022-12-29,2026-06-30,42,Australia,Technology,Small,Basic,Annual,47.95,1
CUST_004746,2024-11-29,2026-06-30,18,Australia,Retail,Small,Basic,Monthly,46.55,1
CUST_004747,2022-08-26,2026-06-30,46,United Kingdom,Retail,Enterprise,Enterprise,Annual,643.57,1
CUST_004748,2025-03-07,2026-06-30,15,India,Finance,Small,Pro,Monthly,101.48,0
CUST_004749,2022-03-01,2026-06-30,51,Australia,Finance,Enterprise,Enterprise,Monthly,589.71,1
CUST_004750,2024-08-14,2026-06-30,22,United States,Manufacturing,Enterprise,Enterprise,Annual,584.86,1
CUST_004751,2026-03-19,2026-06-30,3,India,Technology,Enterprise,Enterprise,Annual,569.31,0
CUST_004752,2025-09-04,2026-06-30,9,India,Manufacturing,Small,Basic,Monthly,48.83,1
CUST_004753,2022-06-14,2026-06-30,48,United States,Technology,Mid-Market,Pro,Annual,99.84,1
CUST_004754,2022-02-16,2026-06-30,52,United States,Professional Services,Mid-Market,Basic,Monthly,43.43,0
CUST_004755,2025-05-16,2026-06-30,13,United Kingdom,Healthcare,Small,Pro,Annual,94.23,1
CUST_004756,2023-06-16,2026-06-30,36,Canada,Retail,Mid-Market,Enterprise,Annual,578.74,1
CUST_004757,2023-08-05,2026-06-30,34,Germany,Technology,Small,Basic,Monthly,51.66,0
CUST_004758,2025-10-03,2026-06-30,8,United Kingdom,Finance,Small,Basic,Annual,47.64,1
CUST_004759,2024-03-11,2026-06-30,27,United States,Manufacturing,Enterprise,Enterprise,Annual,545.26,0
CUST_004760,2023-01-02,2026-06-30,41,United States,Retail,Enterprise,Business,Annual,235.29,1
CUST_004761,2021-08-30,2026-06-30,57,India,Manufacturing,Small,Pro,Annual,107.54,1
CUST_004762,2022-04-01,2026-06-30,50,United States,Retail,Small,Basic,Monthly,48.09,0
CUST_004763,2025-12-07,2026-06-30,6,Germany,Retail,Mid-Market,Pro,Monthly,93.86,0
CUST_004764,2025-03-31,2026-06-30,14,United States,Professional Services,Small,Business,Monthly,228.16,1
CUST_004765,2024-04-08,2026-06-30,26,Canada,Healthcare,Mid-Market,Pro,Monthly,99.12,1
CUST_004766,2025-09-03,2026-06-30,9,United Kingdom,Professional Services,Mid-Market,Pro,Monthly,99.64,1
CUST_004767,2023-08-11,2026-06-30,34,United States,Finance,Small,Pro,Monthly,101.18,1
CUST_004768,2026-05-16,2026-06-30,1,United Kingdom,Finance,Mid-Market,Business,Annual,282.95,1
CUST_004769,2025-11-09,2026-06-30,7,Germany,Manufacturing,Small,Pro,Annual,92.88,1
CUST_004770,2026-03-08,2026-06-30,3,United States,Technology,Small,Basic,Monthly,48.1,0
CUST_004771,2024-12-17,2026-06-30,18,United States,Technology,Mid-Market,Pro,Annual,100.45,1
CUST_004772,2022-09-01,2026-06-30,45,Germany,Technology,Small,Basic,Monthly,47.93,1
CUST_004773,2025-07-17,2026-06-30,11,Germany,Healthcare,Small,Pro,Monthly,88.78,1
CUST_004774,2021-07-25,2026-06-30,59,United Kingdom,Retail,Mid-Market,Pro,Monthly,101.53,0
CUST_004775,2025-02-02,2026-06-30,16,Australia,Technology,Small,Enterprise,Annual,580.09,1
CUST_004776,2026-03-12,2026-06-30,3,United States,Technology,Small,Basic,Monthly,46.39,0
CUST_004777,2024-10-06,2026-06-30,20,United States,Finance,Mid-Market,Business,Annual,237.88,1
CUST_004778,2022-09-27,2026-06-30,45,United Kingdom,Finance,Small,Business,Annual,268.31,1
CUST_004779,2025-11-21,2026-06-30,7,Germany,Technology,Small,Basic,Monthly,52.18,1
CUST_004780,2026-01-23,2026-06-30,5,Australia,Technology,Small,Pro,Annual,93.6,1
CUST_004781,2022-03-29,2026-06-30,51,United States,Professional Services,Mid-Market,Business,Monthly,227.44,1
CUST_004782,2023-07-04,2026-06-30,35,Canada,Manufacturing,Small,Pro,Annual,103.45,1
CUST_004783,2024-09-22,2026-06-30,21,United Kingdom,Finance,Enterprise,Enterprise,Annual,660.64,1
CUST_004784,2022-09-12,2026-06-30,45,United States,Finance,Small,Basic,Monthly,54.72,0
CUST_004785,2022-04-07,2026-06-30,50,Canada,Technology,Mid-Market,Enterprise,Annual,556.59,1
CUST_004786,2024-08-25,2026-06-30,22,United Kingdom,Finance,Mid-Market,Business,Monthly,265.91,1
CUST_004787,2023-08-28,2026-06-30,34,United States,Finance,Mid-Market,Pro,Annual,98.97,1
CUST_004788,2026-05-12,2026-06-30,1,United States,Professional Services,Mid-Market,Business,Annual,224.97,1
CUST_004789,2024-11-28,2026-06-30,19,United States,Manufacturing,Small,Basic,Monthly,46.89,1
CUST_004790,2023-06-28,2026-06-30,36,India,Healthcare,Small,Basic,Annual,47.07,1
CUST_004791,2025-06-12,2026-06-30,12,United States,Technology,Small,Basic,Monthly,50.16,0
CUST_004792,2021-07-17,2026-06-30,59,United States,Retail,Small,Pro,Monthly,92.23,1
CUST_004793,2021-08-22,2026-06-30,58,United States,Professional Services,Small,Basic,Monthly,51.31,1
CUST_004794,2025-02-23,2026-06-30,16,United States,Technology,Mid-Market,Business,Annual,254.92,1
CUST_004795,2024-06-19,2026-06-30,24,United States,Professional Services,Small,Business,Annual,261.7,1
CUST_004796,2025-06-25,2026-06-30,12,United Kingdom,Technology,Enterprise,Enterprise,Annual,579.23,1
CUST_004797,2023-12-09,2026-06-30,30,United States,Manufacturing,Mid-Market,Business,Annual,253.94,1
CUST_004798,2025-10-21,2026-06-30,8,United States,Technology,Small,Basic,Monthly,46.46,1
CUST_004799,2024-06-29,2026-06-30,24,United States,Retail,Small,Business,Annual,257.42,0
CUST_004800,2023-09-08,2026-06-30,33,Canada,Technology,Mid-Market,Pro,Annual,97.83,1
CUST_004801,2023-05-29,2026-06-30,37,United States,Healthcare,Small,Basic,Annual,48.66,1
CUST_004802,2023-06-26,2026-06-30,36,United Kingdom,Retail,Small,Business,Monthly,248.59,1
CUST_004803,2025-04-29,2026-06-30,14,Germany,Retail,Small,Basic,Monthly,44.73,1
CUST_004804,2022-07-09,2026-06-30,47,Germany,Retail,Mid-Market,Pro,Monthly,104.89,1
CUST_004805,2023-01-06,2026-06-30,41,United States,Technology,Small,Basic,Monthly,49.2,1
CUST_004806,2022-09-18,2026-06-30,45,India,Manufacturing,Small,Basic,Annual,51.92,1
CUST_004807,2024-02-12,2026-06-30,28,Germany,Technology,Small,Basic,Monthly,51.74,0
CUST_004808,2022-01-10,2026-06-30,53,United States,Retail,Small,Pro,Annual,94.97,1
CUST_004809,2024-07-01,2026-06-30,23,Canada,Technology,Small,Pro,Monthly,97.66,1
CUST_004810,2022-06-15,2026-06-30,48,Germany,Healthcare,Mid-Market,Enterprise,Annual,552.55,1
CUST_004811,2025-05-31,2026-06-30,12,United States,Finance,Mid-Market,Pro,Annual,105.07,1
CUST_004812,2025-03-14,2026-06-30,15,United States,Professional Services,Small,Pro,Monthly,100.61,1
CUST_004813,2023-10-29,2026-06-30,32,United Kingdom,Retail,Enterprise,Enterprise,Monthly,605.02,1
CUST_004814,2023-09-07,2026-06-30,33,United States,Technology,Mid-Market,Pro,Monthly,97.63,1
CUST_004815,2022-09-30,2026-06-30,44,India,Manufacturing,Small,Basic,Monthly,46.62,0
CUST_004816,2024-12-14,2026-06-30,18,United States,Technology,Mid-Market,Basic,Monthly,52.14,0
CUST_004817,2022-02-15,2026-06-30,52,United States,Finance,Mid-Market,Pro,Monthly,108.93,0
CUST_004818,2024-10-17,2026-06-30,20,United States,Finance,Small,Basic,Monthly,52.24,0
CUST_004819,2023-10-16,2026-06-30,32,United States,Manufacturing,Small,Pro,Annual,98.17,1
CUST_004820,2021-11-01,2026-06-30,55,India,Professional Services,Mid-Market,Business,Annual,253.86,1
CUST_004821,2023-10-06,2026-06-30,32,Australia,Professional Services,Small,Basic,Monthly,51.62,0
CUST_004822,2023-01-23,2026-06-30,41,India,Technology,Small,Basic,Monthly,49.23,0
CUST_004823,2021-12-13,2026-06-30,54,United Kingdom,Technology,Mid-Market,Basic,Monthly,53.76,1
CUST_004824,2021-08-16,2026-06-30,58,Canada,Professional Services,Mid-Market,Pro,Monthly,105.18,1
CUST_004825,2023-12-17,2026-06-30,30,United States,Finance,Mid-Market,Enterprise,Annual,682.43,1
CUST_004826,2024-05-13,2026-06-30,25,United States,Retail,Small,Basic,Annual,49.48,1
CUST_004827,2025-06-12,2026-06-30,12,India,Professional Services,Small,Pro,Annual,87.05,1
CUST_004828,2023-10-10,2026-06-30,32,Canada,Technology,Enterprise,Business,Monthly,249.89,1
CUST_004829,2021-11-25,2026-06-30,55,Canada,Finance,Mid-Market,Pro,Monthly,97.12,1
CUST_004830,2024-01-08,2026-06-30,29,Canada,Professional Services,Mid-Market,Business,Annual,251.15,1
CUST_004831,2024-09-13,2026-06-30,21,Australia,Retail,Small,Basic,Monthly,53.37,0
CUST_004832,2025-11-20,2026-06-30,7,United States,Professional Services,Enterprise,Business,Annual,242.25,1
CUST_004833,2024-07-01,2026-06-30,23,Germany,Retail,Small,Pro,Monthly,94.88,0
CUST_004834,2025-04-02,2026-06-30,14,Germany,Finance,Small,Basic,Monthly,47.42,0
CUST_004835,2021-08-12,2026-06-30,58,Australia,Manufacturing,Mid-Market,Enterprise,Annual,663.52,1
CUST_004836,2023-10-27,2026-06-30,32,United States,Manufacturing,Small,Business,Annual,243.26,1
CUST_004837,2025-09-28,2026-06-30,9,United States,Professional Services,Mid-Market,Pro,Monthly,100.28,1
CUST_004838,2026-01-31,2026-06-30,4,Canada,Healthcare,Mid-Market,Pro,Monthly,108.14,1
CUST_004839,2022-03-26,2026-06-30,51,India,Healthcare,Enterprise,Enterprise,Annual,618.88,1
CUST_004840,2021-11-02,2026-06-30,55,India,Finance,Small,Basic,Monthly,43.48,1
CUST_004841,2022-08-31,2026-06-30,45,United Kingdom,Finance,Small,Basic,Monthly,47.82,1
CUST_004842,2025-10-21,2026-06-30,8,United States,Professional Services,Mid-Market,Pro,Monthly,95.77,1
CUST_004843,2025-12-06,2026-06-30,6,United States,Professional Services,Mid-Market,Business,Annual,227.3,1
CUST_004844,2025-06-10,2026-06-30,12,United Kingdom,Healthcare,Enterprise,Enterprise,Annual,584.74,1
CUST_004845,2022-09-21,2026-06-30,45,United States,Professional Services,Small,Basic,Monthly,42.33,1
CUST_004846,2022-08-27,2026-06-30,46,United Kingdom,Finance,Mid-Market,Basic,Monthly,49.8,1
CUST_004847,2022-04-19,2026-06-30,50,Australia,Professional Services,Small,Enterprise,Annual,599.22,1
CUST_004848,2025-12-09,2026-06-30,6,United States,Retail,Small,Basic,Annual,47.27,1
CUST_004849,2025-08-29,2026-06-30,10,United States,Manufacturing,Small,Basic,Monthly,44.57,0
CUST_004850,2021-12-28,2026-06-30,54,United States,Manufacturing,Small,Basic,Monthly,52.42,0
CUST_004851,2021-11-06,2026-06-30,55,United States,Retail,Small,Basic,Annual,47.61,1
CUST_004852,2022-11-06,2026-06-30,43,Germany,Professional Services,Small,Basic,Monthly,51.69,1
CUST_004853,2025-11-22,2026-06-30,7,United States,Finance,Small,Basic,Monthly,48.69,1
CUST_004854,2026-01-28,2026-06-30,5,United States,Professional Services,Enterprise,Pro,Annual,106.22,1
CUST_004855,2026-02-21,2026-06-30,4,United States,Technology,Small,Pro,Monthly,101.89,0
CUST_004856,2023-01-06,2026-06-30,41,United States,Technology,Mid-Market,Pro,Monthly,99.55,1
CUST_004857,2022-04-04,2026-06-30,50,United Kingdom,Manufacturing,Enterprise,Enterprise,Annual,573.85,1
CUST_004858,2023-04-24,2026-06-30,38,United Kingdom,Manufacturing,Small,Pro,Annual,105.43,1
CUST_004859,2025-02-15,2026-06-30,16,Canada,Professional Services,Mid-Market,Business,Annual,246.44,1
CUST_004860,2022-09-10,2026-06-30,45,Canada,Finance,Small,Business,Monthly,238.85,1
CUST_004861,2026-02-14,2026-06-30,4,United States,Technology,Small,Basic,Annual,48.61,1
CUST_004862,2022-05-06,2026-06-30,49,Canada,Healthcare,Mid-Market,Pro,Annual,98.77,1
CUST_004863,2022-01-12,2026-06-30,53,United States,Professional Services,Mid-Market,Business,Annual,259.88,1
CUST_004864,2022-11-19,2026-06-30,43,India,Professional Services,Small,Basic,Monthly,44.39,1
CUST_004865,2022-02-03,2026-06-30,52,United States,Professional Services,Enterprise,Business,Annual,278.67,1
CUST_004866,2023-07-14,2026-06-30,35,Canada,Healthcare,Mid-Market,Enterprise,Monthly,612.88,1
CUST_004867,2024-02-11,2026-06-30,28,United States,Professional Services,Small,Pro,Monthly,98.92,0
CUST_004868,2024-10-30,2026-06-30,19,Australia,Technology,Small,Basic,Annual,50.09,1
CUST_004869,2021-11-19,2026-06-30,55,United States,Professional Services,Enterprise,Enterprise,Annual,553.13,0
CUST_004870,2022-12-27,2026-06-30,42,India,Retail,Enterprise,Enterprise,Annual,602.71,1
CUST_004871,2025-06-24,2026-06-30,12,United States,Finance,Mid-Market,Basic,Monthly,50.59,0
CUST_004872,2021-09-17,2026-06-30,57,Australia,Retail,Mid-Market,Pro,Monthly,97.54,1
CUST_004873,2026-02-14,2026-06-30,4,United Kingdom,Manufacturing,Small,Basic,Annual,50.28,1
CUST_004874,2023-07-12,2026-06-30,35,United States,Technology,Small,Basic,Annual,50.94,1
CUST_004875,2025-06-23,2026-06-30,12,United States,Technology,Enterprise,Business,Annual,239.93,1
CUST_004876,2023-02-24,2026-06-30,40,United States,Manufacturing,Mid-Market,Business,Monthly,264.55,1
CUST_004877,2024-05-21,2026-06-30,25,Australia,Professional Services,Small,Basic,Monthly,48.85,1
CUST_004878,2024-04-07,2026-06-30,26,India,Retail,Mid-Market,Pro,Monthly,108.44,0
CUST_004879,2023-02-11,2026-06-30,40,United States,Technology,Small,Business,Annual,265.3,1
CUST_004880,2022-09-12,2026-06-30,45,United States,Retail,Small,Pro,Annual,101.01,1
CUST_004881,2024-07-18,2026-06-30,23,United States,Technology,Mid-Market,Business,Monthly,238.89,1
CUST_004882,2021-07-06,2026-06-30,59,United States,Finance,Small,Basic,Monthly,48.73,1
CUST_004883,2023-12-19,2026-06-30,30,United Kingdom,Technology,Small,Pro,Monthly,103.99,1
CUST_004884,2025-08-17,2026-06-30,10,United States,Healthcare,Small,Pro,Annual,96.23,1
CUST_004885,2026-05-20,2026-06-30,1,United States,Finance,Small,Basic,Monthly,50.06,0
CUST_004886,2025-06-02,2026-06-30,12,India,Technology,Enterprise,Enterprise,Annual,615.37,1
CUST_004887,2023-01-07,2026-06-30,41,Germany,Finance,Small,Basic,Monthly,48.72,0
CUST_004888,2023-10-06,2026-06-30,32,Australia,Retail,Small,Basic,Monthly,46.99,0
CUST_004889,2024-10-02,2026-06-30,20,United States,Finance,Mid-Market,Business,Annual,268.89,1
CUST_004890,2024-01-18,2026-06-30,29,India,Technology,Enterprise,Business,Monthly,254.91,1
CUST_004891,2022-04-18,2026-06-30,50,United Kingdom,Healthcare,Mid-Market,Business,Monthly,245.24,0
CUST_004892,2023-08-10,2026-06-30,34,Canada,Manufacturing,Enterprise,Enterprise,Annual,575.33,1
CUST_004893,2026-02-16,2026-06-30,4,United States,Professional Services,Mid-Market,Basic,Annual,51.2,1
CUST_004894,2026-03-04,2026-06-30,3,India,Healthcare,Mid-Market,Enterprise,Annual,596.92,1
CUST_004895,2024-01-17,2026-06-30,29,United Kingdom,Manufacturing,Small,Pro,Monthly,103.84,1
CUST_004896,2024-06-05,2026-06-30,24,Australia,Professional Services,Small,Pro,Monthly,94.44,1
CUST_004897,2022-03-27,2026-06-30,51,United Kingdom,Retail,Small,Pro,Monthly,100.5,0
CUST_004898,2023-07-20,2026-06-30,35,Australia,Healthcare,Mid-Market,Business,Annual,243.03,1
CUST_004899,2022-09-11,2026-06-30,45,Germany,Technology,Mid-Market,Pro,Monthly,107.62,1
CUST_004900,2023-07-16,2026-06-30,35,India,Finance,Mid-Market,Business,Annual,253.58,1
CUST_004901,2024-09-19,2026-06-30,21,United States,Finance,Mid-Market,Pro,Annual,94.07,1
CUST_004902,2023-03-09,2026-06-30,39,United States,Finance,Mid-Market,Business,Annual,260.64,1
CUST_004903,2023-05-12,2026-06-30,37,Germany,Professional Services,Small,Basic,Monthly,52.03,0
CUST_004904,2022-11-16,2026-06-30,43,Canada,Technology,Small,Pro,Monthly,97.33,1
CUST_004905,2025-06-26,2026-06-30,12,United Kingdom,Healthcare,Mid-Market,Pro,Monthly,94.99,1
CUST_004906,2023-04-06,2026-06-30,38,Germany,Professional Services,Small,Basic,Annual,43.6,1
CUST_004907,2025-01-04,2026-06-30,17,United Kingdom,Retail,Enterprise,Enterprise,Annual,631.97,1
CUST_004908,2022-07-13,2026-06-30,47,Australia,Technology,Small,Basic,Monthly,44.71,0
CUST_004909,2022-06-28,2026-06-30,48,United States,Professional Services,Small,Basic,Annual,48.88,1
CUST_004910,2023-05-06,2026-06-30,37,India,Finance,Mid-Market,Business,Annual,227.52,1
CUST_004911,2021-10-05,2026-06-30,56,United States,Technology,Small,Basic,Monthly,53.41,1
CUST_004912,2023-10-10,2026-06-30,32,United Kingdom,Healthcare,Mid-Market,Pro,Annual,105.61,1
CUST_004913,2026-04-16,2026-06-30,2,India,Technology,Small,Basic,Annual,49.74,1
CUST_004914,2023-06-08,2026-06-30,36,United States,Manufacturing,Small,Business,Annual,262.04,1
CUST_004915,2022-08-05,2026-06-30,46,United States,Technology,Mid-Market,Pro,Monthly,98.35,0
CUST_004916,2025-12-01,2026-06-30,6,United States,Manufacturing,Small,Basic,Monthly,46.98,0
CUST_004917,2025-11-25,2026-06-30,7,United Kingdom,Technology,Mid-Market,Enterprise,Annual,548.79,0
CUST_004918,2025-01-26,2026-06-30,17,Canada,Professional Services,Small,Pro,Monthly,102.92,0
CUST_004919,2022-04-07,2026-06-30,50,United States,Technology,Mid-Market,Business,Annual,236.43,1
CUST_004920,2023-10-28,2026-06-30,32,India,Professional Services,Small,Basic,Monthly,55.19,1
CUST_004921,2021-08-13,2026-06-30,58,United States,Technology,Small,Pro,Monthly,93.49,1
CUST_004922,2022-02-14,2026-06-30,52,United Kingdom,Professional Services,Mid-Market,Enterprise,Annual,629.31,1
CUST_004923,2023-09-09,2026-06-30,33,United Kingdom,Professional Services,Mid-Market,Enterprise,Annual,637.22,1
CUST_004924,2023-01-29,2026-06-30,40,United States,Retail,Enterprise,Enterprise,Annual,558.87,1
CUST_004925,2024-10-14,2026-06-30,20,United States,Technology,Mid-Market,Business,Annual,243.4,1
CUST_004926,2025-12-20,2026-06-30,6,India,Retail,Mid-Market,Business,Annual,246.14,1
CUST_004927,2024-06-15,2026-06-30,24,United Kingdom,Retail,Small,Pro,Monthly,116.24,1
CUST_004928,2023-07-03,2026-06-30,35,United States,Retail,Mid-Market,Business,Annual,245.95,1
CUST_004929,2025-07-08,2026-06-30,11,Australia,Retail,Small,Basic,Monthly,46.21,1
CUST_004930,2025-04-28,2026-06-30,14,Canada,Professional Services,Mid-Market,Business,Monthly,255.12,0
CUST_004931,2026-05-05,2026-06-30,1,United States,Professional Services,Mid-Market,Pro,Monthly,93.81,0
CUST_004932,2022-10-22,2026-06-30,44,Germany,Healthcare,Small,Basic,Monthly,48.85,1
CUST_004933,2021-12-29,2026-06-30,54,Canada,Technology,Mid-Market,Pro,Monthly,96.75,1
CUST_004934,2022-05-07,2026-06-30,49,United States,Technology,Mid-Market,Pro,Monthly,101.56,1
CUST_004935,2024-07-18,2026-06-30,23,India,Manufacturing,Small,Basic,Monthly,47.63,0
CUST_004936,2023-07-01,2026-06-30,35,United States,Professional Services,Mid-Market,Pro,Annual,95.55,1
CUST_004937,2021-09-10,2026-06-30,57,United States,Healthcare,Small,Pro,Annual,104.34,1
CUST_004938,2023-07-05,2026-06-30,35,United States,Technology,Mid-Market,Enterprise,Monthly,607.66,1
CUST_004939,2024-12-16,2026-06-30,18,Germany,Finance,Enterprise,Pro,Annual,99.14,1
CUST_004940,2024-10-01,2026-06-30,20,Germany,Finance,Small,Basic,Monthly,44.28,0
CUST_004941,2022-11-03,2026-06-30,43,India,Professional Services,Small,Basic,Monthly,50.52,1
CUST_004942,2024-03-21,2026-06-30,27,United States,Retail,Small,Pro,Annual,96.67,1
CUST_004943,2022-04-20,2026-06-30,50,Australia,Technology,Enterprise,Business,Annual,252.47,1
CUST_004944,2022-03-02,2026-06-30,51,United Kingdom,Finance,Small,Basic,Monthly,44.48,0
CUST_004945,2026-03-28,2026-06-30,3,United States,Technology,Mid-Market,Pro,Annual,100.37,1
CUST_004946,2022-11-10,2026-06-30,43,United States,Retail,Mid-Market,Pro,Monthly,99.96,0
CUST_004947,2024-08-05,2026-06-30,22,Australia,Retail,Mid-Market,Business,Annual,246.14,1
CUST_004948,2023-11-11,2026-06-30,31,United States,Technology,Small,Pro,Monthly,94.61,0
CUST_004949,2025-02-10,2026-06-30,16,United Kingdom,Finance,Small,Basic,Monthly,51.86,0
CUST_004950,2024-08-09,2026-06-30,22,United Kingdom,Professional Services,Enterprise,Business,Annual,239.71,1
CUST_004951,2024-10-15,2026-06-30,20,United States,Professional Services,Small,Pro,Monthly,103.51,0
CUST_004952,2026-03-02,2026-06-30,3,India,Retail,Small,Business,Monthly,262.04,1
CUST_004953,2022-07-26,2026-06-30,47,Australia,Healthcare,Small,Pro,Monthly,94.88,0
CUST_004954,2025-09-17,2026-06-30,9,Canada,Professional Services,Mid-Market,Business,Annual,258.31,1
CUST_004955,2024-07-26,2026-06-30,23,Germany,Manufacturing,Enterprise,Enterprise,Annual,586.13,1
CUST_004956,2025-06-19,2026-06-30,12,Canada,Professional Services,Small,Basic,Monthly,50.56,0
CUST_004957,2025-08-16,2026-06-30,10,Germany,Technology,Small,Basic,Monthly,46.71,1
CUST_004958,2024-07-30,2026-06-30,22,United States,Technology,Mid-Market,Business,Annual,247.57,1
CUST_004959,2021-11-24,2026-06-30,55,Canada,Technology,Small,Basic,Monthly,49.19,0
CUST_004960,2021-10-10,2026-06-30,56,United States,Professional Services,Enterprise,Business,Annual,248.63,1
CUST_004961,2024-07-15,2026-06-30,23,Canada,Retail,Small,Pro,Monthly,100.89,0
CUST_004962,2023-12-07,2026-06-30,30,Canada,Technology,Small,Basic,Monthly,47.02,1
CUST_004963,2021-07-27,2026-06-30,59,United States,Professional Services,Small,Basic,Annual,47.65,1
CUST_004964,2025-04-05,2026-06-30,14,India,Professional Services,Small,Basic,Monthly,50.75,0
CUST_004965,2021-10-09,2026-06-30,56,United States,Technology,Small,Basic,Monthly,47.99,1
CUST_004966,2025-11-23,2026-06-30,7,United States,Retail,Mid-Market,Basic,Monthly,47.78,1
CUST_004967,2025-04-21,2026-06-30,14,United States,Retail,Small,Basic,Monthly,46.94,1
CUST_004968,2024-10-01,2026-06-30,20,United Kingdom,Technology,Mid-Market,Basic,Annual,47.87,1
CUST_004969,2026-03-26,2026-06-30,3,United States,Retail,Small,Business,Monthly,236.21,1
CUST_004970,2022-05-28,2026-06-30,49,United Kingdom,Technology,Small,Basic,Annual,50.79,1
CUST_004971,2022-03-18,2026-06-30,51,Germany,Professional Services,Small,Pro,Monthly,96.78,0
CUST_004972,2024-07-12,2026-06-30,23,United States,Professional Services,Mid-Market,Enterprise,Monthly,566.54,1
CUST_004973,2022-04-21,2026-06-30,50,India,Professional Services,Small,Basic,Monthly,48.5,1
CUST_004974,2022-08-14,2026-06-30,46,United States,Manufacturing,Mid-Market,Pro,Annual,92.09,1
CUST_004975,2022-06-23,2026-06-30,48,United Kingdom,Technology,Small,Pro,Monthly,94.76,0
CUST_004976,2022-06-21,2026-06-30,48,United States,Finance,Small,Basic,Annual,52.32,0
CUST_004977,2023-08-06,2026-06-30,34,Germany,Manufacturing,Small,Basic,Monthly,46.33,0
CUST_004978,2025-11-14,2026-06-30,7,Australia,Finance,Mid-Market,Pro,Annual,98.29,0
CUST_004979,2021-11-16,2026-06-30,55,United States,Manufacturing,Small,Pro,Monthly,109.92,1
CUST_004980,2023-06-04,2026-06-30,36,United States,Finance,Small,Pro,Monthly,100.23,0
CUST_004981,2021-12-26,2026-06-30,54,United States,Technology,Small,Pro,Annual,96.47,1
CUST_004982,2021-09-13,2026-06-30,57,United States,Healthcare,Small,Basic,Monthly,44.13,0
CUST_004983,2025-06-30,2026-06-30,11,India,Retail,Small,Basic,Monthly,49.41,1
CUST_004984,2024-06-09,2026-06-30,24,United Kingdom,Healthcare,Mid-Market,Business,Annual,239.44,1
CUST_004985,2025-06-20,2026-06-30,12,United Kingdom,Retail,Mid-Market,Business,Monthly,255.94,1
CUST_004986,2026-03-01,2026-06-30,3,India,Healthcare,Small,Business,Annual,240.58,1
CUST_004987,2021-08-31,2026-06-30,57,Australia,Manufacturing,Small,Basic,Monthly,49.68,1
CUST_004988,2021-11-16,2026-06-30,55,Australia,Retail,Small,Basic,Monthly,52.54,1
CUST_004989,2021-11-01,2026-06-30,55,United States,Retail,Enterprise,Business,Monthly,257.36,1
CUST_004990,2022-01-26,2026-06-30,53,United States,Healthcare,Mid-Market,Business,Monthly,232.59,0
CUST_004991,2023-03-24,2026-06-30,39,United States,Healthcare,Small,Business,Annual,250.11,1
CUST_004992,2023-11-06,2026-06-30,31,United States,Technology,Enterprise,Business,Annual,261.0,1
CUST_004993,2021-07-17,2026-06-30,59,United States,Retail,Small,Basic,Monthly,45.28,0
CUST_004994,2023-09-13,2026-06-30,33,United States,Technology,Small,Business,Annual,270.01,1
CUST_004995,2023-04-04,2026-06-30,38,United States,Professional Services,Enterprise,Business,Annual,250.75,1
CUST_004996,2025-05-16,2026-06-30,13,Canada,Manufacturing,Mid-Market,Business,Annual,256.18,0
CUST_004997,2022-09-29,2026-06-30,45,United States,Healthcare,Small,Business,Annual,244.72,1
CUST_004998,2022-05-22,2026-06-30,49,United States,Professional Services,Mid-Market,Business,Annual,249.58,1
CUST_004999,2023-01-30,2026-06-30,40,United States,Retail,Enterprise,Business,Annual,237.86,1
CUST_005000,2023-12-19,2026-06-30,30,Canada,Technology,Small,Pro,Annual,106.66,1
CUST_005001,2025-06-10,2026-06-30,12,Germany,Manufacturing,Small,Basic,Annual,53.39,1
CUST_005002,2026-04-01,2026-06-30,2,Germany,Professional Services,Small,Basic,Monthly,54.26,0
CUST_005003,2023-05-01,2026-06-30,37,United States,Technology,Enterprise,Business,Annual,227.02,1
CUST_005004,2023-01-21,2026-06-30,41,United States,Technology,Small,Basic,Monthly,49.81,1
CUST_005005,2022-08-14,2026-06-30,46,United States,Retail,Small,Business,Annual,254.38,0
CUST_005006,2021-09-28,2026-06-30,57,United States,Healthcare,Small,Pro,Monthly,95.51,0
CUST_005007,2023-12-21,2026-06-30,30,United States,Retail,Small,Basic,Monthly,49.91,0
CUST_005008,2022-05-04,2026-06-30,49,India,Retail,Mid-Market,Business,Monthly,231.11,1
CUST_005009,2022-11-23,2026-06-30,43,United States,Manufacturing,Small,Pro,Annual,106.28,1
CUST_005010,2025-01-19,2026-06-30,17,United States,Technology,Mid-Market,Pro,Monthly,91.41,1
CUST_005011,2022-04-06,2026-06-30,50,Germany,Healthcare,Mid-Market,Pro,Annual,100.24,1
CUST_005012,2026-02-25,2026-06-30,4,Canada,Professional Services,Small,Basic,Annual,50.93,1
CUST_005013,2023-06-21,2026-06-30,36,United States,Finance,Mid-Market,Business,Monthly,241.54,0
CUST_005014,2021-10-17,2026-06-30,56,United States,Healthcare,Small,Basic,Monthly,52.36,1
CUST_005015,2023-03-06,2026-06-30,39,India,Technology,Mid-Market,Business,Annual,226.28,0
CUST_005016,2021-10-22,2026-06-30,56,United States,Technology,Mid-Market,Business,Annual,248.62,1
CUST_005017,2026-02-20,2026-06-30,4,United Kingdom,Healthcare,Small,Basic,Annual,44.87,0
CUST_005018,2023-10-19,2026-06-30,32,Australia,Finance,Small,Basic,Monthly,47.11,1
CUST_005019,2022-07-30,2026-06-30,47,United States,Manufacturing,Small,Basic,Annual,47.79,1
CUST_005020,2023-04-05,2026-06-30,38,Germany,Retail,Small,Basic,Monthly,47.64,1
CUST_005021,2022-02-01,2026-06-30,52,United States,Professional Services,Mid-Market,Pro,Monthly,105.29,0
CUST_005022,2024-02-21,2026-06-30,28,United States,Professional Services,Small,Pro,Monthly,93.2,1
CUST_005023,2023-01-22,2026-06-30,41,United States,Technology,Small,Basic,Monthly,45.19,0
CUST_005024,2024-05-08,2026-06-30,25,India,Technology,Enterprise,Pro,Monthly,96.87,1
CUST_005025,2022-02-16,2026-06-30,52,United States,Professional Services,Small,Basic,Monthly,49.28,0
CUST_005026,2025-10-29,2026-06-30,8,United States,Finance,Enterprise,Business,Monthly,255.26,1
CUST_005027,2025-03-01,2026-06-30,15,India,Finance,Mid-Market,Enterprise,Annual,633.56,1
CUST_005028,2025-12-09,2026-06-30,6,United States,Technology,Mid-Market,Pro,Annual,88.36,1
CUST_005029,2022-12-18,2026-06-30,42,India,Retail,Small,Basic,Monthly,53.14,1
CUST_005030,2025-04-09,2026-06-30,14,United Kingdom,Finance,Enterprise,Enterprise,Annual,574.49,0
CUST_005031,2024-11-08,2026-06-30,19,United Kingdom,Technology,Enterprise,Business,Annual,245.53,1
CUST_005032,2022-04-21,2026-06-30,50,Germany,Healthcare,Mid-Market,Pro,Monthly,99.11,1
CUST_005033,2024-08-23,2026-06-30,22,Germany,Manufacturing,Mid-Market,Business,Monthly,221.98,1
CUST_005034,2025-09-12,2026-06-30,9,United States,Finance,Small,Pro,Monthly,96.86,0
CUST_005035,2026-04-24,2026-06-30,2,India,Manufacturing,Small,Pro,Annual,103.91,1
CUST_005036,2025-04-20,2026-06-30,14,India,Healthcare,Enterprise,Pro,Monthly,102.13,1
CUST_005037,2021-12-02,2026-06-30,54,India,Healthcare,Small,Basic,Monthly,47.77,0
CUST_005038,2023-09-20,2026-06-30,33,United Kingdom,Finance,Small,Basic,Monthly,49.52,1
CUST_005039,2021-07-11,2026-06-30,59,United Kingdom,Technology,Small,Basic,Monthly,50.13,1
CUST_005040,2025-05-10,2026-06-30,13,United Kingdom,Finance,Mid-Market,Enterprise,Annual,591.25,1
CUST_005041,2024-09-08,2026-06-30,21,United States,Professional Services,Mid-Market,Basic,Monthly,50.21,0
CUST_005042,2025-08-12,2026-06-30,10,Canada,Technology,Mid-Market,Pro,Annual,95.04,1
CUST_005043,2024-06-15,2026-06-30,24,United Kingdom,Professional Services,Small,Basic,Monthly,46.68,1
CUST_005044,2023-08-24,2026-06-30,34,United Kingdom,Technology,Small,Basic,Monthly,48.27,0
CUST_005045,2022-06-11,2026-06-30,48,United States,Finance,Small,Basic,Monthly,43.08,1
CUST_005046,2024-08-09,2026-06-30,22,Canada,Retail,Enterprise,Business,Annual,257.63,1
CUST_005047,2022-08-16,2026-06-30,46,United Kingdom,Professional Services,Small,Pro,Monthly,99.41,0
CUST_005048,2023-05-04,2026-06-30,37,Canada,Technology,Enterprise,Business,Annual,246.23,1
CUST_005049,2024-12-24,2026-06-30,18,India,Technology,Small,Basic,Monthly,50.95,1
CUST_005050,2021-12-06,2026-06-30,54,Germany,Retail,Enterprise,Enterprise,Annual,610.59,1
CUST_005051,2024-04-12,2026-06-30,26,United States,Finance,Mid-Market,Pro,Monthly,104.27,0
CUST_005052,2025-09-02,2026-06-30,9,United States,Retail,Mid-Market,Pro,Monthly,106.82,1
CUST_005053,2021-09-06,2026-06-30,57,Germany,Professional Services,Mid-Market,Business,Annual,253.12,1
CUST_005054,2021-12-04,2026-06-30,54,Canada,Technology,Mid-Market,Business,Annual,240.04,1
CUST_005055,2026-03-04,2026-06-30,3,Australia,Professional Services,Mid-Market,Business,Annual,258.02,1
CUST_005056,2021-12-24,2026-06-30,54,United States,Technology,Small,Basic,Monthly,47.24,0
CUST_005057,2021-10-04,2026-06-30,56,United States,Professional Services,Enterprise,Enterprise,Annual,576.17,1
CUST_005058,2022-05-04,2026-06-30,49,United States,Professional Services,Mid-Market,Pro,Monthly,97.55,0
CUST_005059,2025-02-28,2026-06-30,15,Germany,Retail,Small,Pro,Annual,104.73,1
CUST_005060,2023-04-24,2026-06-30,38,India,Professional Services,Small,Basic,Monthly,50.84,1
CUST_005061,2023-10-08,2026-06-30,32,India,Professional Services,Small,Basic,Monthly,51.17,0
CUST_005062,2023-05-14,2026-06-30,37,Canada,Technology,Enterprise,Enterprise,Monthly,602.68,0
CUST_005063,2023-05-21,2026-06-30,37,Australia,Technology,Mid-Market,Business,Monthly,256.09,0
CUST_005064,2023-04-10,2026-06-30,38,United States,Technology,Small,Basic,Monthly,50.47,0
CUST_005065,2023-11-21,2026-06-30,31,United Kingdom,Healthcare,Mid-Market,Business,Annual,240.43,1
CUST_005066,2023-01-08,2026-06-30,41,India,Retail,Small,Basic,Monthly,50.44,1
CUST_005067,2023-10-29,2026-06-30,32,United States,Healthcare,Small,Basic,Monthly,48.99,1
CUST_005068,2026-05-02,2026-06-30,1,India,Retail,Mid-Market,Pro,Monthly,97.0,0
CUST_005069,2026-03-29,2026-06-30,3,United States,Healthcare,Small,Basic,Monthly,48.13,0
CUST_005070,2021-09-15,2026-06-30,57,United States,Technology,Small,Basic,Monthly,47.65,1
CUST_005071,2021-12-11,2026-06-30,54,United Kingdom,Technology,Small,Pro,Monthly,97.61,1
CUST_005072,2023-07-15,2026-06-30,35,India,Professional Services,Small,Basic,Monthly,48.98,1
CUST_005073,2025-07-22,2026-06-30,11,United States,Finance,Small,Business,Annual,257.28,1
CUST_005074,2022-07-29,2026-06-30,47,Australia,Finance,Small,Basic,Monthly,52.7,0
CUST_005075,2025-09-16,2026-06-30,9,United States,Technology,Small,Basic,Monthly,50.39,0
CUST_005076,2024-07-23,2026-06-30,23,Germany,Professional Services,Enterprise,Enterprise,Annual,602.51,1
CUST_005077,2024-10-16,2026-06-30,20,United Kingdom,Technology,Small,Basic,Monthly,44.1,1
CUST_005078,2026-05-09,2026-06-30,1,United States,Retail,Enterprise,Enterprise,Annual,671.45,1
CUST_005079,2022-06-13,2026-06-30,48,Germany,Technology,Mid-Market,Pro,Monthly,95.5,1
CUST_005080,2023-11-29,2026-06-30,31,Germany,Technology,Small,Basic,Monthly,47.34,0
CUST_005081,2024-11-10,2026-06-30,19,Canada,Manufacturing,Small,Basic,Monthly,52.1,0
CUST_005082,2023-12-03,2026-06-30,30,United States,Retail,Small,Basic,Monthly,46.3,1
CUST_005083,2026-05-31,2026-06-30,0,United States,Retail,Mid-Market,Pro,Monthly,100.84,0
CUST_005084,2024-04-07,2026-06-30,26,India,Technology,Mid-Market,Pro,Monthly,96.71,0
CUST_005085,2023-11-11,2026-06-30,31,United Kingdom,Professional Services,Small,Basic,Monthly,48.38,0
CUST_005086,2024-09-29,2026-06-30,20,Australia,Retail,Small,Basic,Monthly,49.12,0
CUST_005087,2022-05-02,2026-06-30,49,Germany,Professional Services,Small,Business,Annual,234.14,1
CUST_005088,2025-03-09,2026-06-30,15,Australia,Technology,Mid-Market,Business,Annual,247.46,1
CUST_005089,2025-09-26,2026-06-30,9,United States,Healthcare,Small,Basic,Annual,51.51,1
CUST_005090,2023-10-28,2026-06-30,32,Canada,Finance,Small,Basic,Monthly,48.82,1
CUST_005091,2022-01-20,2026-06-30,53,United Kingdom,Manufacturing,Mid-Market,Pro,Monthly,116.32,0
CUST_005092,2024-07-27,2026-06-30,23,United States,Manufacturing,Mid-Market,Pro,Monthly,99.45,0
CUST_005093,2026-03-09,2026-06-30,3,United States,Healthcare,Small,Business,Annual,234.1,1
CUST_005094,2021-08-24,2026-06-30,58,United Kingdom,Technology,Small,Basic,Monthly,47.72,1
CUST_005095,2024-03-25,2026-06-30,27,India,Technology,Small,Pro,Annual,89.42,1
CUST_005096,2025-07-25,2026-06-30,11,United Kingdom,Technology,Mid-Market,Business,Monthly,262.42,0
CUST_005097,2023-05-22,2026-06-30,37,United States,Professional Services,Small,Pro,Monthly,106.95,1
CUST_005098,2024-11-04,2026-06-30,19,India,Finance,Small,Basic,Monthly,51.07,1
CUST_005099,2021-10-21,2026-06-30,56,United States,Technology,Small,Basic,Monthly,46.94,0
CUST_005100,2024-12-20,2026-06-30,18,United States,Finance,Mid-Market,Business,Annual,238.14,1
CUST_005101,2023-09-17,2026-06-30,33,India,Technology,Mid-Market,Business,Annual,258.17,1
CUST_005102,2023-09-29,2026-06-30,33,Australia,Professional Services,Mid-Market,Business,Annual,242.51,1
CUST_005103,2025-03-22,2026-06-30,15,India,Finance,Mid-Market,Basic,Monthly,46.89,1
CUST_005104,2023-12-17,2026-06-30,30,Australia,Professional Services,Enterprise,Business,Annual,236.89,1
CUST_005105,2025-11-17,2026-06-30,7,United Kingdom,Retail,Enterprise,Pro,Monthly,108.25,1
CUST_005106,2023-04-02,2026-06-30,38,United States,Retail,Small,Basic,Monthly,47.86,0
CUST_005107,2022-09-08,2026-06-30,45,United States,Healthcare,Small,Basic,Annual,51.04,1
CUST_005108,2021-09-29,2026-06-30,56,India,Retail,Enterprise,Enterprise,Annual,615.46,1
CUST_005109,2024-10-24,2026-06-30,20,India,Retail,Mid-Market,Business,Annual,238.43,1
CUST_005110,2025-01-05,2026-06-30,17,United States,Technology,Enterprise,Enterprise,Annual,600.21,1
CUST_005111,2023-09-19,2026-06-30,33,United States,Professional Services,Small,Pro,Monthly,94.04,1
CUST_005112,2023-01-04,2026-06-30,41,United States,Finance,Enterprise,Enterprise,Monthly,642.37,1
CUST_005113,2021-07-15,2026-06-30,59,United States,Finance,Small,Basic,Monthly,46.77,0
CUST_005114,2026-04-17,2026-06-30,2,India,Healthcare,Mid-Market,Business,Annual,253.55,1
CUST_005115,2025-03-30,2026-06-30,15,United States,Retail,Small,Basic,Monthly,47.79,1
CUST_005116,2025-02-15,2026-06-30,16,Canada,Finance,Small,Business,Annual,237.49,0
CUST_005117,2025-02-27,2026-06-30,16,India,Finance,Small,Basic,Monthly,51.64,1
CUST_005118,2024-02-19,2026-06-30,28,United Kingdom,Technology,Small,Pro,Monthly,96.42,1
CUST_005119,2022-02-15,2026-06-30,52,Canada,Healthcare,Small,Basic,Annual,44.52,1
CUST_005120,2026-04-06,2026-06-30,2,United States,Technology,Enterprise,Business,Annual,254.28,1
CUST_005121,2022-05-28,2026-06-30,49,United States,Professional Services,Enterprise,Business,Annual,240.19,1
CUST_005122,2023-05-19,2026-06-30,37,United States,Finance,Enterprise,Pro,Monthly,99.78,1
CUST_005123,2023-05-23,2026-06-30,37,United States,Professional Services,Enterprise,Enterprise,Annual,624.64,0
CUST_005124,2023-01-30,2026-06-30,40,United States,Retail,Mid-Market,Pro,Annual,100.77,1
CUST_005125,2025-11-05,2026-06-30,7,United States,Manufacturing,Enterprise,Enterprise,Annual,625.62,1
CUST_005126,2022-09-29,2026-06-30,45,United States,Professional Services,Small,Pro,Annual,92.57,1
CUST_005127,2025-03-12,2026-06-30,15,United States,Technology,Small,Basic,Annual,51.94,1
CUST_005128,2023-11-16,2026-06-30,31,India,Retail,Enterprise,Enterprise,Annual,590.09,1
CUST_005129,2023-02-02,2026-06-30,40,United States,Technology,Small,Basic,Annual,45.5,1
CUST_005130,2023-06-12,2026-06-30,36,United States,Technology,Mid-Market,Pro,Annual,86.85,1
CUST_005131,2024-10-28,2026-06-30,20,India,Finance,Mid-Market,Pro,Monthly,97.47,1
CUST_005132,2024-06-20,2026-06-30,24,United States,Retail,Small,Pro,Annual,95.11,1
CUST_005133,2024-01-27,2026-06-30,29,Canada,Professional Services,Small,Pro,Monthly,95.19,0
CUST_005134,2026-03-18,2026-06-30,3,Australia,Finance,Mid-Market,Business,Annual,253.16,1
CUST_005135,2022-11-05,2026-06-30,43,United Kingdom,Manufacturing,Small,Basic,Monthly,53.21,1
CUST_005136,2025-12-03,2026-06-30,6,United States,Technology,Small,Basic,Monthly,46.79,1
CUST_005137,2024-02-28,2026-06-30,28,Germany,Technology,Mid-Market,Pro,Annual,99.46,0
CUST_005138,2023-03-13,2026-06-30,39,Germany,Technology,Small,Basic,Monthly,47.61,1
CUST_005139,2026-01-07,2026-06-30,5,United States,Retail,Small,Basic,Monthly,46.58,1
CUST_005140,2021-07-09,2026-06-30,59,United States,Healthcare,Mid-Market,Business,Annual,236.35,1
CUST_005141,2024-07-23,2026-06-30,23,United States,Finance,Small,Pro,Monthly,107.13,1
CUST_005142,2026-05-03,2026-06-30,1,Australia,Technology,Enterprise,Business,Annual,249.17,1
CUST_005143,2023-03-06,2026-06-30,39,United States,Retail,Small,Pro,Monthly,98.06,1
CUST_005144,2023-09-04,2026-06-30,33,United States,Manufacturing,Enterprise,Enterprise,Annual,578.48,1
CUST_005145,2023-04-08,2026-06-30,38,Canada,Technology,Mid-Market,Basic,Monthly,49.16,0
CUST_005146,2022-09-21,2026-06-30,45,India,Manufacturing,Enterprise,Business,Annual,241.06,1
CUST_005147,2024-01-29,2026-06-30,29,United States,Retail,Mid-Market,Business,Annual,273.03,1
CUST_005148,2022-05-08,2026-06-30,49,United States,Healthcare,Mid-Market,Business,Annual,252.14,1
CUST_005149,2024-08-05,2026-06-30,22,Canada,Technology,Small,Basic,Monthly,49.34,1
CUST_005150,2023-09-26,2026-06-30,33,Germany,Professional Services,Mid-Market,Pro,Annual,99.58,1
CUST_005151,2025-08-20,2026-06-30,10,Canada,Healthcare,Small,Basic,Monthly,52.2,1
CUST_005152,2023-05-15,2026-06-30,37,India,Finance,Small,Pro,Monthly,98.89,1
CUST_005153,2025-02-16,2026-06-30,16,United States,Professional Services,Small,Basic,Annual,47.83,1
CUST_005154,2022-12-28,2026-06-30,42,United States,Professional Services,Mid-Market,Business,Annual,251.01,1
CUST_005155,2022-06-24,2026-06-30,48,United States,Manufacturing,Small,Basic,Monthly,50.94,1
CUST_005156,2022-03-12,2026-06-30,51,United States,Professional Services,Mid-Market,Business,Annual,263.73,1
CUST_005157,2021-11-06,2026-06-30,55,Canada,Technology,Small,Basic,Monthly,49.53,1
CUST_005158,2025-10-24,2026-06-30,8,Australia,Manufacturing,Small,Basic,Annual,49.56,1
CUST_005159,2025-09-26,2026-06-30,9,United States,Finance,Small,Basic,Monthly,51.43,1
CUST_005160,2021-11-11,2026-06-30,55,Germany,Professional Services,Enterprise,Enterprise,Annual,517.11,1
CUST_005161,2024-07-17,2026-06-30,23,United States,Finance,Small,Business,Monthly,250.1,1
CUST_005162,2026-04-15,2026-06-30,2,United Kingdom,Technology,Enterprise,Enterprise,Annual,581.5,1
CUST_005163,2025-01-01,2026-06-30,17,United States,Healthcare,Small,Basic,Monthly,49.14,1
CUST_005164,2022-04-22,2026-06-30,50,United Kingdom,Manufacturing,Small,Pro,Monthly,100.76,0
CUST_005165,2024-09-01,2026-06-30,21,United States,Healthcare,Small,Basic,Monthly,52.05,0
CUST_005166,2026-01-14,2026-06-30,5,India,Manufacturing,Small,Basic,Monthly,45.61,0
CUST_005167,2022-11-12,2026-06-30,43,India,Technology,Small,Basic,Monthly,47.24,1
CUST_005168,2025-06-16,2026-06-30,12,Australia,Technology,Small,Pro,Monthly,94.6,1
CUST_005169,2024-09-05,2026-06-30,21,India,Retail,Mid-Market,Enterprise,Annual,580.82,1
CUST_005170,2026-05-25,2026-06-30,1,United States,Finance,Mid-Market,Pro,Monthly,92.22,0
CUST_005171,2023-06-16,2026-06-30,36,Canada,Retail,Small,Basic,Monthly,54.24,1
CUST_005172,2024-03-23,2026-06-30,27,United States,Professional Services,Enterprise,Pro,Monthly,103.31,1
CUST_005173,2022-02-25,2026-06-30,52,India,Retail,Mid-Market,Pro,Monthly,95.16,0
CUST_005174,2024-10-08,2026-06-30,20,United States,Healthcare,Small,Basic,Annual,49.04,1
CUST_005175,2025-05-29,2026-06-30,13,United States,Healthcare,Small,Basic,Monthly,47.93,0
CUST_005176,2025-08-07,2026-06-30,10,Germany,Professional Services,Small,Basic,Monthly,49.38,1
CUST_005177,2025-06-06,2026-06-30,12,United States,Retail,Mid-Market,Business,Monthly,239.44,1
CUST_005178,2024-03-13,2026-06-30,27,Germany,Manufacturing,Small,Basic,Annual,45.27,1
CUST_005179,2025-12-26,2026-06-30,6,United States,Finance,Small,Pro,Annual,96.17,1
CUST_005180,2024-06-08,2026-06-30,24,United Kingdom,Manufacturing,Small,Pro,Monthly,105.84,0
CUST_005181,2022-03-19,2026-06-30,51,India,Technology,Small,Basic,Monthly,45.36,1
CUST_005182,2022-08-23,2026-06-30,46,United Kingdom,Manufacturing,Small,Basic,Monthly,51.69,1
CUST_005183,2023-04-14,2026-06-30,38,United States,Professional Services,Mid-Market,Enterprise,Monthly,615.77,0
CUST_005184,2022-01-09,2026-06-30,53,United States,Professional Services,Enterprise,Business,Monthly,244.02,1
CUST_005185,2022-07-31,2026-06-30,46,United States,Technology,Small,Basic,Monthly,50.84,0
CUST_005186,2023-03-17,2026-06-30,39,United States,Professional Services,Small,Basic,Monthly,49.51,1
CUST_005187,2022-03-04,2026-06-30,51,United Kingdom,Technology,Small,Pro,Monthly,88.42,1
CUST_005188,2025-10-20,2026-06-30,8,United States,Healthcare,Small,Basic,Monthly,48.01,0
CUST_005189,2022-05-24,2026-06-30,49,United States,Retail,Mid-Market,Pro,Monthly,97.14,1
CUST_005190,2024-12-17,2026-06-30,18,United States,Healthcare,Enterprise,Enterprise,Annual,642.28,0
CUST_005191,2022-10-24,2026-06-30,44,India,Finance,Mid-Market,Business,Annual,244.01,1
CUST_005192,2021-12-04,2026-06-30,54,United States,Retail,Small,Pro,Monthly,97.96,1
CUST_005193,2023-12-23,2026-06-30,30,United States,Retail,Enterprise,Business,Monthly,234.54,1
CUST_005194,2025-12-23,2026-06-30,6,Canada,Retail,Mid-Market,Business,Annual,248.21,1
CUST_005195,2024-08-05,2026-06-30,22,United States,Healthcare,Small,Basic,Monthly,46.09,1
CUST_005196,2024-05-31,2026-06-30,24,India,Manufacturing,Enterprise,Business,Monthly,262.52,1
CUST_005197,2021-10-23,2026-06-30,56,United States,Healthcare,Mid-Market,Pro,Annual,96.92,1
CUST_005198,2021-10-13,2026-06-30,56,Germany,Technology,Mid-Market,Business,Monthly,234.17,1
CUST_005199,2023-08-15,2026-06-30,34,United Kingdom,Healthcare,Small,Basic,Monthly,52.0,0
CUST_005200,2021-09-28,2026-06-30,57,Australia,Manufacturing,Small,Basic,Monthly,45.8,1
CUST_005201,2024-04-08,2026-06-30,26,United Kingdom,Finance,Mid-Market,Pro,Monthly,100.26,1
CUST_005202,2024-05-23,2026-06-30,25,Germany,Technology,Small,Basic,Annual,45.36,1
CUST_005203,2022-04-21,2026-06-30,50,Canada,Professional Services,Enterprise,Pro,Monthly,100.45,0
CUST_005204,2023-02-19,2026-06-30,40,Canada,Professional Services,Small,Basic,Monthly,51.62,0
CUST_005205,2023-11-06,2026-06-30,31,Germany,Retail,Small,Pro,Monthly,95.79,1
CUST_005206,2024-03-03,2026-06-30,27,United Kingdom,Manufacturing,Mid-Market,Pro,Monthly,93.16,1
CUST_005207,2022-12-12,2026-06-30,42,Canada,Professional Services,Mid-Market,Business,Annual,234.7,1
CUST_005208,2022-09-17,2026-06-30,45,United States,Retail,Small,Basic,Monthly,48.86,1
CUST_005209,2024-01-02,2026-06-30,29,United States,Technology,Mid-Market,Pro,Monthly,108.54,0
CUST_005210,2026-04-05,2026-06-30,2,United States,Retail,Mid-Market,Pro,Annual,104.29,0
CUST_005211,2025-11-30,2026-06-30,6,United States,Professional Services,Mid-Market,Pro,Monthly,104.79,0
CUST_005212,2025-09-15,2026-06-30,9,Canada,Retail,Small,Pro,Annual,93.7,1
CUST_005213,2024-02-22,2026-06-30,28,United States,Technology,Mid-Market,Pro,Monthly,104.43,1
CUST_005214,2023-05-25,2026-06-30,37,United Kingdom,Professional Services,Small,Business,Annual,261.29,1
CUST_005215,2022-06-19,2026-06-30,48,Germany,Manufacturing,Mid-Market,Business,Annual,252.8,1
CUST_005216,2025-04-09,2026-06-30,14,United Kingdom,Healthcare,Mid-Market,Pro,Monthly,95.87,0
CUST_005217,2022-07-20,2026-06-30,47,Germany,Professional Services,Small,Enterprise,Annual,628.12,1
CUST_005218,2023-02-21,2026-06-30,40,United States,Manufacturing,Small,Basic,Monthly,47.34,1
CUST_005219,2026-02-28,2026-06-30,4,United States,Professional Services,Small,Pro,Annual,102.25,1
CUST_005220,2024-09-08,2026-06-30,21,Germany,Professional Services,Small,Basic,Annual,48.07,1
CUST_005221,2024-12-04,2026-06-30,18,Australia,Technology,Mid-Market,Business,Monthly,236.73,1
CUST_005222,2022-01-21,2026-06-30,53,Germany,Manufacturing,Mid-Market,Basic,Monthly,48.01,0
CUST_005223,2021-11-20,2026-06-30,55,United Kingdom,Finance,Enterprise,Enterprise,Annual,657.94,1
CUST_005224,2022-05-22,2026-06-30,49,Germany,Professional Services,Mid-Market,Pro,Monthly,93.23,0
CUST_005225,2023-10-27,2026-06-30,32,Germany,Professional Services,Mid-Market,Business,Monthly,261.34,1
CUST_005226,2023-12-29,2026-06-30,30,Germany,Professional Services,Mid-Market,Enterprise,Annual,624.17,1
CUST_005227,2024-11-18,2026-06-30,19,Germany,Manufacturing,Small,Basic,Monthly,48.55,0
CUST_005228,2022-08-13,2026-06-30,46,United States,Manufacturing,Mid-Market,Enterprise,Annual,582.46,1
CUST_005229,2025-12-28,2026-06-30,6,United States,Finance,Small,Basic,Monthly,45.94,1
CUST_005230,2025-01-30,2026-06-30,16,United States,Healthcare,Small,Pro,Monthly,105.38,1
CUST_005231,2025-10-01,2026-06-30,8,United Kingdom,Technology,Enterprise,Enterprise,Annual,563.37,1
CUST_005232,2023-12-26,2026-06-30,30,Germany,Professional Services,Mid-Market,Business,Monthly,214.28,0
CUST_005233,2024-12-09,2026-06-30,18,United States,Retail,Small,Pro,Annual,100.52,1
CUST_005234,2025-06-11,2026-06-30,12,United States,Retail,Small,Basic,Monthly,45.69,1
CUST_005235,2024-07-25,2026-06-30,23,Australia,Technology,Enterprise,Enterprise,Annual,595.71,0
CUST_005236,2022-03-08,2026-06-30,51,United States,Retail,Small,Enterprise,Annual,558.75,1
CUST_005237,2023-09-03,2026-06-30,33,Australia,Healthcare,Enterprise,Enterprise,Annual,581.59,1
CUST_005238,2022-05-15,2026-06-30,49,United States,Professional Services,Enterprise,Enterprise,Annual,601.08,1
CUST_005239,2021-12-03,2026-06-30,54,United States,Professional Services,Mid-Market,Business,Annual,252.38,1
CUST_005240,2021-12-24,2026-06-30,54,Canada,Healthcare,Small,Basic,Monthly,52.28,0
CUST_005241,2024-09-08,2026-06-30,21,United States,Manufacturing,Small,Pro,Monthly,99.01,1
CUST_005242,2022-02-06,2026-06-30,52,United States,Technology,Small,Pro,Annual,99.53,1
CUST_005243,2021-12-11,2026-06-30,54,United States,Technology,Small,Basic,Annual,48.41,1
CUST_005244,2021-09-12,2026-06-30,57,United States,Retail,Mid-Market,Pro,Monthly,103.57,1
CUST_005245,2024-09-08,2026-06-30,21,United States,Manufacturing,Enterprise,Business,Annual,234.92,1
CUST_005246,2025-04-17,2026-06-30,14,Australia,Technology,Small,Pro,Annual,96.83,0
CUST_005247,2023-07-18,2026-06-30,35,United States,Technology,Small,Pro,Monthly,98.99,1
CUST_005248,2021-11-01,2026-06-30,55,United States,Healthcare,Small,Pro,Annual,94.51,1
CUST_005249,2021-12-27,2026-06-30,54,United States,Technology,Small,Basic,Monthly,52.42,1
CUST_005250,2023-08-10,2026-06-30,34,India,Healthcare,Small,Basic,Monthly,49.78,0
CUST_005251,2025-09-06,2026-06-30,9,Australia,Healthcare,Enterprise,Business,Annual,233.74,1
CUST_005252,2024-05-03,2026-06-30,25,India,Professional Services,Small,Pro,Annual,101.02,1
CUST_005253,2022-11-27,2026-06-30,43,India,Finance,Small,Pro,Monthly,105.48,0
CUST_005254,2023-08-30,2026-06-30,34,United States,Technology,Mid-Market,Business,Annual,240.04,1
CUST_005255,2024-09-18,2026-06-30,21,Germany,Technology,Small,Basic,Monthly,52.34,1
CUST_005256,2024-09-24,2026-06-30,21,United States,Technology,Enterprise,Enterprise,Annual,606.69,1
CUST_005257,2026-02-13,2026-06-30,4,India,Manufacturing,Enterprise,Enterprise,Annual,605.04,1
CUST_005258,2024-12-30,2026-06-30,17,Canada,Healthcare,Small,Business,Annual,263.92,1
CUST_005259,2023-02-15,2026-06-30,40,United States,Technology,Mid-Market,Business,Annual,251.54,1
CUST_005260,2025-03-24,2026-06-30,15,India,Professional Services,Mid-Market,Business,Annual,253.86,1
CUST_005261,2021-07-13,2026-06-30,59,Australia,Manufacturing,Small,Pro,Monthly,99.46,0
CUST_005262,2026-01-04,2026-06-30,5,India,Technology,Small,Basic,Annual,44.7,1
CUST_005263,2023-07-10,2026-06-30,35,United States,Finance,Enterprise,Enterprise,Monthly,611.33,0
CUST_005264,2023-12-22,2026-06-30,30,United States,Professional Services,Small,Pro,Annual,100.25,1
CUST_005265,2022-04-27,2026-06-30,50,United States,Retail,Small,Pro,Monthly,97.12,0
CUST_005266,2022-01-19,2026-06-30,53,Canada,Professional Services,Small,Basic,Annual,42.75,1
CUST_005267,2023-09-29,2026-06-30,33,Canada,Technology,Small,Pro,Annual,102.08,1
CUST_005268,2023-04-26,2026-06-30,38,United States,Manufacturing,Enterprise,Business,Annual,238.29,1
CUST_005269,2022-12-24,2026-06-30,42,Australia,Technology,Mid-Market,Business,Monthly,234.97,1
CUST_005270,2023-11-08,2026-06-30,31,United States,Finance,Mid-Market,Enterprise,Annual,562.41,1
CUST_005271,2025-07-04,2026-06-30,11,Germany,Manufacturing,Small,Basic,Monthly,44.2,0
CUST_005272,2024-04-22,2026-06-30,26,India,Manufacturing,Enterprise,Enterprise,Annual,612.83,1
CUST_005273,2025-03-24,2026-06-30,15,United Kingdom,Technology,Small,Pro,Annual,110.66,1
CUST_005274,2024-02-18,2026-06-30,28,United States,Technology,Small,Pro,Annual,96.13,1
CUST_005275,2023-05-23,2026-06-30,37,United States,Manufacturing,Small,Basic,Monthly,51.01,0
CUST_005276,2025-05-21,2026-06-30,13,United States,Technology,Small,Business,Monthly,247.83,1
CUST_005277,2025-03-10,2026-06-30,15,Germany,Finance,Mid-Market,Enterprise,Annual,607.26,1
CUST_005278,2022-05-15,2026-06-30,49,Canada,Technology,Small,Pro,Monthly,98.67,1
CUST_005279,2024-07-22,2026-06-30,23,United States,Technology,Small,Basic,Monthly,50.92,1
CUST_005280,2025-06-09,2026-06-30,12,India,Professional Services,Small,Pro,Annual,93.02,1
CUST_005281,2022-11-28,2026-06-30,43,Germany,Technology,Mid-Market,Basic,Monthly,49.24,0
CUST_005282,2022-11-22,2026-06-30,43,Australia,Healthcare,Small,Pro,Monthly,104.62,0
CUST_005283,2022-05-10,2026-06-30,49,Canada,Retail,Enterprise,Pro,Monthly,102.47,0
CUST_005284,2022-09-05,2026-06-30,45,India,Technology,Small,Basic,Monthly,49.8,1
CUST_005285,2021-07-16,2026-06-30,59,United States,Retail,Small,Basic,Monthly,49.24,1
CUST_005286,2023-08-04,2026-06-30,34,United States,Finance,Small,Pro,Annual,97.21,1
CUST_005287,2025-01-02,2026-06-30,17,India,Professional Services,Small,Basic,Monthly,48.14,0
CUST_005288,2022-03-05,2026-06-30,51,India,Manufacturing,Small,Pro,Monthly,91.31,0
CUST_005289,2025-02-10,2026-06-30,16,Canada,Manufacturing,Small,Basic,Monthly,50.23,1
CUST_005290,2024-12-25,2026-06-30,18,United States,Finance,Small,Basic,Monthly,52.34,0
CUST_005291,2022-05-05,2026-06-30,49,United States,Professional Services,Small,Basic,Monthly,49.72,0
CUST_005292,2022-01-30,2026-06-30,52,Germany,Retail,Small,Pro,Monthly,99.08,1
CUST_005293,2024-09-29,2026-06-30,20,Australia,Finance,Mid-Market,Pro,Annual,101.97,1
CUST_005294,2022-10-30,2026-06-30,43,United States,Technology,Small,Pro,Monthly,88.51,0
CUST_005295,2021-11-18,2026-06-30,55,United States,Technology,Enterprise,Business,Monthly,242.69,1
CUST_005296,2022-06-28,2026-06-30,48,United Kingdom,Finance,Small,Business,Annual,248.08,1
CUST_005297,2026-05-23,2026-06-30,1,Germany,Finance,Small,Basic,Monthly,44.82,1
CUST_005298,2023-02-24,2026-06-30,40,Canada,Professional Services,Small,Basic,Annual,49.39,1
CUST_005299,2025-07-31,2026-06-30,10,United Kingdom,Professional Services,Mid-Market,Pro,Monthly,89.84,0
CUST_005300,2022-04-03,2026-06-30,50,India,Technology,Small,Basic,Monthly,50.69,0
CUST_005301,2026-01-31,2026-06-30,4,United States,Professional Services,Enterprise,Business,Monthly,251.81,0
CUST_005302,2021-07-14,2026-06-30,59,United Kingdom,Manufacturing,Mid-Market,Business,Annual,246.62,1
CUST_005303,2025-07-17,2026-06-30,11,United Kingdom,Healthcare,Mid-Market,Business,Annual,258.48,0
CUST_005304,2024-05-07,2026-06-30,25,United Kingdom,Professional Services,Small,Basic,Monthly,49.36,0
CUST_005305,2025-04-06,2026-06-30,14,India,Manufacturing,Small,Pro,Monthly,101.35,1
CUST_005306,2022-06-01,2026-06-30,48,United Kingdom,Retail,Small,Basic,Monthly,49.69,0
CUST_005307,2024-06-24,2026-06-30,24,Canada,Technology,Enterprise,Enterprise,Annual,573.24,1
CUST_005308,2022-10-03,2026-06-30,44,United States,Technology,Mid-Market,Pro,Monthly,106.76,0
CUST_005309,2026-01-31,2026-06-30,4,Germany,Professional Services,Small,Basic,Monthly,52.05,0
CUST_005310,2024-03-10,2026-06-30,27,United States,Technology,Small,Pro,Annual,101.12,1
CUST_005311,2021-12-08,2026-06-30,54,United States,Technology,Small,Basic,Annual,49.37,1
CUST_005312,2021-11-10,2026-06-30,55,Canada,Finance,Mid-Market,Pro,Monthly,102.71,1
CUST_005313,2025-05-22,2026-06-30,13,United Kingdom,Healthcare,Small,Pro,Monthly,105.24,0
CUST_005314,2024-06-23,2026-06-30,24,India,Finance,Mid-Market,Business,Monthly,272.71,1
CUST_005315,2024-05-27,2026-06-30,25,Germany,Professional Services,Small,Pro,Monthly,96.32,1
CUST_005316,2023-08-20,2026-06-30,34,Australia,Healthcare,Enterprise,Enterprise,Annual,630.32,1
CUST_005317,2023-10-10,2026-06-30,32,United States,Professional Services,Small,Basic,Annual,48.79,0
CUST_005318,2025-11-22,2026-06-30,7,Canada,Retail,Small,Pro,Annual,91.03,1
CUST_005319,2022-09-01,2026-06-30,45,India,Healthcare,Enterprise,Enterprise,Annual,624.1,0
CUST_005320,2025-04-21,2026-06-30,14,Canada,Technology,Mid-Market,Basic,Monthly,52.59,0
CUST_005321,2024-11-12,2026-06-30,19,Australia,Finance,Small,Basic,Monthly,51.38,0
CUST_005322,2022-04-13,2026-06-30,50,United Kingdom,Professional Services,Enterprise,Enterprise,Annual,593.94,1
CUST_005323,2023-01-10,2026-06-30,41,United States,Manufacturing,Small,Pro,Annual,100.92,1
CUST_005324,2024-06-19,2026-06-30,24,United Kingdom,Healthcare,Small,Basic,Monthly,50.71,1
CUST_005325,2021-12-06,2026-06-30,54,United States,Professional Services,Small,Pro,Monthly,101.84,1
CUST_005326,2024-06-23,2026-06-30,24,United States,Manufacturing,Small,Basic,Monthly,52.01,1
CUST_005327,2023-08-20,2026-06-30,34,United States,Technology,Mid-Market,Pro,Monthly,103.67,1
CUST_005328,2025-03-16,2026-06-30,15,United States,Retail,Small,Pro,Annual,96.13,1
CUST_005329,2025-07-07,2026-06-30,11,United States,Manufacturing,Small,Basic,Monthly,49.06,1
CUST_005330,2023-12-31,2026-06-30,29,India,Manufacturing,Mid-Market,Pro,Monthly,96.5,1
CUST_005331,2023-08-25,2026-06-30,34,United States,Technology,Small,Pro,Monthly,99.8,1
CUST_005332,2022-06-15,2026-06-30,48,Australia,Technology,Small,Basic,Monthly,44.42,1
CUST_005333,2024-06-29,2026-06-30,24,United Kingdom,Healthcare,Small,Pro,Monthly,108.54,0
CUST_005334,2022-01-06,2026-06-30,53,United States,Finance,Mid-Market,Enterprise,Monthly,575.65,1
CUST_005335,2023-06-06,2026-06-30,36,United States,Technology,Small,Pro,Monthly,96.46,0
CUST_005336,2026-01-26,2026-06-30,5,India,Retail,Enterprise,Enterprise,Annual,601.48,1
CUST_005337,2022-10-13,2026-06-30,44,United Kingdom,Healthcare,Enterprise,Enterprise,Annual,557.74,1
CUST_005338,2023-08-04,2026-06-30,34,India,Technology,Mid-Market,Business,Annual,244.82,1
CUST_005339,2024-07-02,2026-06-30,23,United States,Retail,Mid-Market,Business,Annual,251.1,1
CUST_005340,2024-02-13,2026-06-30,28,Germany,Technology,Mid-Market,Basic,Monthly,53.04,1
CUST_005341,2024-12-06,2026-06-30,18,Australia,Finance,Enterprise,Enterprise,Annual,603.26,0
CUST_005342,2023-05-25,2026-06-30,37,India,Manufacturing,Mid-Market,Pro,Monthly,96.99,1
CUST_005343,2023-08-18,2026-06-30,34,United States,Professional Services,Small,Basic,Monthly,46.24,0
CUST_005344,2024-03-20,2026-06-30,27,India,Technology,Small,Basic,Monthly,54.24,0
CUST_005345,2025-01-05,2026-06-30,17,United States,Professional Services,Mid-Market,Pro,Annual,99.38,1
CUST_005346,2024-06-15,2026-06-30,24,Australia,Professional Services,Small,Basic,Monthly,49.2,1
CUST_005347,2023-12-20,2026-06-30,30,United Kingdom,Retail,Mid-Market,Business,Monthly,231.93,1
CUST_005348,2024-02-04,2026-06-30,28,United Kingdom,Professional Services,Enterprise,Pro,Monthly,101.6,1
CUST_005349,2024-11-22,2026-06-30,19,United States,Technology,Small,Pro,Monthly,96.09,1
CUST_005350,2023-07-22,2026-06-30,35,Australia,Technology,Small,Business,Monthly,267.32,0
CUST_005351,2025-04-20,2026-06-30,14,United States,Professional Services,Small,Pro,Monthly,101.3,1
CUST_005352,2023-12-14,2026-06-30,30,Canada,Healthcare,Small,Basic,Monthly,49.31,1
CUST_005353,2025-10-25,2026-06-30,8,United Kingdom,Finance,Mid-Market,Business,Monthly,232.53,0
CUST_005354,2024-02-04,2026-06-30,28,Germany,Technology,Small,Basic,Monthly,48.76,0
CUST_005355,2022-07-24,2026-06-30,47,Canada,Technology,Small,Pro,Annual,97.94,1
CUST_005356,2022-05-24,2026-06-30,49,Germany,Technology,Small,Basic,Monthly,49.3,0
CUST_005357,2023-01-01,2026-06-30,41,Canada,Technology,Small,Basic,Monthly,44.17,1
CUST_005358,2022-10-01,2026-06-30,44,United Kingdom,Professional Services,Small,Basic,Monthly,46.77,0
CUST_005359,2026-02-02,2026-06-30,4,Germany,Finance,Small,Business,Annual,242.83,1
CUST_005360,2024-09-26,2026-06-30,21,Germany,Manufacturing,Mid-Market,Pro,Annual,101.48,1
CUST_005361,2023-03-14,2026-06-30,39,Australia,Technology,Small,Basic,Monthly,44.27,1
CUST_005362,2022-06-24,2026-06-30,48,United Kingdom,Finance,Small,Basic,Monthly,52.39,0
CUST_005363,2023-07-20,2026-06-30,35,United States,Professional Services,Small,Basic,Monthly,52.04,1
CUST_005364,2022-03-21,2026-06-30,51,Germany,Technology,Mid-Market,Enterprise,Annual,569.22,1
CUST_005365,2025-01-26,2026-06-30,17,United States,Finance,Mid-Market,Pro,Annual,111.22,1
CUST_005366,2025-08-29,2026-06-30,10,United States,Professional Services,Small,Basic,Monthly,49.58,0
CUST_005367,2025-12-27,2026-06-30,6,Australia,Technology,Mid-Market,Basic,Monthly,48.73,1
CUST_005368,2023-07-21,2026-06-30,35,Canada,Technology,Mid-Market,Business,Annual,256.4,1
CUST_005369,2023-02-22,2026-06-30,40,Canada,Professional Services,Enterprise,Enterprise,Annual,611.52,1
CUST_005370,2025-01-04,2026-06-30,17,India,Healthcare,Mid-Market,Business,Annual,250.46,1
CUST_005371,2022-07-25,2026-06-30,47,United States,Retail,Mid-Market,Business,Annual,235.5,0
CUST_005372,2022-10-13,2026-06-30,44,United States,Technology,Small,Basic,Monthly,47.93,0
CUST_005373,2024-08-23,2026-06-30,22,United States,Technology,Small,Business,Monthly,253.45,0
CUST_005374,2025-03-29,2026-06-30,15,United States,Healthcare,Enterprise,Enterprise,Annual,623.98,1
CUST_005375,2022-10-07,2026-06-30,44,Germany,Retail,Small,Pro,Monthly,106.13,0
CUST_005376,2023-02-11,2026-06-30,40,Australia,Finance,Small,Basic,Monthly,47.88,0
CUST_005377,2025-07-29,2026-06-30,11,United Kingdom,Professional Services,Mid-Market,Business,Annual,249.99,1
CUST_005378,2025-02-28,2026-06-30,15,United States,Manufacturing,Enterprise,Enterprise,Annual,579.22,0
CUST_005379,2024-01-10,2026-06-30,29,United Kingdom,Retail,Small,Basic,Monthly,51.68,0
CUST_005380,2023-11-26,2026-06-30,31,United States,Healthcare,Enterprise,Pro,Annual,97.46,1
CUST_005381,2025-08-07,2026-06-30,10,Germany,Retail,Small,Basic,Monthly,47.56,0
CUST_005382,2021-10-02,2026-06-30,56,United Kingdom,Manufacturing,Enterprise,Enterprise,Annual,600.86,1
CUST_005383,2024-07-03,2026-06-30,23,United States,Technology,Enterprise,Business,Annual,228.17,1
CUST_005384,2024-07-16,2026-06-30,23,Australia,Professional Services,Mid-Market,Enterprise,Annual,615.2,1
CUST_005385,2026-02-12,2026-06-30,4,Germany,Healthcare,Enterprise,Business,Annual,245.14,1
CUST_005386,2022-02-10,2026-06-30,52,United States,Professional Services,Enterprise,Business,Annual,283.46,1
CUST_005387,2025-04-04,2026-06-30,14,United Kingdom,Professional Services,Enterprise,Business,Annual,241.3,1
CUST_005388,2021-07-25,2026-06-30,59,United Kingdom,Technology,Small,Pro,Monthly,97.68,1
CUST_005389,2023-12-23,2026-06-30,30,United States,Finance,Small,Basic,Monthly,51.49,1
CUST_005390,2022-02-11,2026-06-30,52,United States,Healthcare,Small,Pro,Annual,102.87,1
CUST_005391,2025-07-14,2026-06-30,11,Germany,Healthcare,Small,Basic,Monthly,51.54,1
CUST_005392,2025-08-07,2026-06-30,10,India,Professional Services,Mid-Market,Pro,Annual,97.62,1
CUST_005393,2022-06-24,2026-06-30,48,United Kingdom,Technology,Small,Basic,Annual,46.19,1
CUST_005394,2022-05-21,2026-06-30,49,United Kingdom,Retail,Enterprise,Business,Monthly,282.22,0
CUST_005395,2023-09-30,2026-06-30,32,United Kingdom,Professional Services,Small,Basic,Monthly,50.26,1
CUST_005396,2026-04-04,2026-06-30,2,Canada,Professional Services,Small,Basic,Monthly,49.55,1
CUST_005397,2021-10-11,2026-06-30,56,United States,Technology,Small,Basic,Monthly,50.97,1
CUST_005398,2024-06-25,2026-06-30,24,United States,Professional Services,Small,Basic,Monthly,45.81,0
CUST_005399,2021-10-24,2026-06-30,56,India,Technology,Small,Business,Annual,243.32,1
CUST_005400,2022-02-19,2026-06-30,52,Australia,Healthcare,Mid-Market,Business,Monthly,236.01,0
CUST_005401,2022-03-25,2026-06-30,51,India,Technology,Small,Basic,Annual,49.41,1
CUST_005402,2023-01-11,2026-06-30,41,United States,Retail,Mid-Market,Business,Annual,231.84,1
CUST_005403,2023-02-08,2026-06-30,40,Canada,Technology,Small,Basic,Monthly,50.65,0
CUST_005404,2023-10-18,2026-06-30,32,United Kingdom,Technology,Mid-Market,Business,Annual,263.74,0
CUST_005405,2026-04-17,2026-06-30,2,United States,Finance,Mid-Market,Pro,Annual,104.68,1
CUST_005406,2024-07-04,2026-06-30,23,United States,Professional Services,Small,Business,Monthly,254.48,0
CUST_005407,2022-10-28,2026-06-30,44,Australia,Retail,Small,Basic,Monthly,49.47,0
CUST_005408,2022-06-03,2026-06-30,48,Germany,Manufacturing,Mid-Market,Business,Annual,243.8,0
CUST_005409,2023-08-31,2026-06-30,33,United Kingdom,Retail,Mid-Market,Business,Annual,254.58,0
CUST_005410,2022-12-05,2026-06-30,42,United States,Finance,Small,Basic,Monthly,48.73,1
CUST_005411,2026-04-22,2026-06-30,2,Canada,Technology,Mid-Market,Pro,Annual,89.75,1
CUST_005412,2024-02-11,2026-06-30,28,United States,Technology,Small,Basic,Monthly,47.49,1
CUST_005413,2023-12-02,2026-06-30,30,United States,Healthcare,Small,Pro,Monthly,102.92,0
CUST_005414,2022-01-10,2026-06-30,53,Canada,Professional Services,Small,Pro,Monthly,93.43,1
CUST_005415,2024-11-19,2026-06-30,19,United States,Technology,Mid-Market,Pro,Monthly,93.33,0
CUST_005416,2025-04-14,2026-06-30,14,India,Retail,Small,Basic,Annual,48.51,1
CUST_005417,2024-09-06,2026-06-30,21,Canada,Professional Services,Small,Basic,Monthly,43.69,1
CUST_005418,2025-07-30,2026-06-30,11,United States,Professional Services,Small,Basic,Monthly,50.79,0
CUST_005419,2023-09-02,2026-06-30,33,United States,Finance,Small,Pro,Annual,102.17,1
CUST_005420,2023-04-04,2026-06-30,38,Germany,Professional Services,Small,Basic,Monthly,51.32,1
CUST_005421,2022-06-23,2026-06-30,48,United States,Retail,Small,Basic,Monthly,49.54,1
CUST_005422,2021-08-21,2026-06-30,58,United States,Healthcare,Mid-Market,Business,Annual,238.38,1
CUST_005423,2026-01-19,2026-06-30,5,Canada,Manufacturing,Mid-Market,Pro,Annual,92.91,1
CUST_005424,2025-03-14,2026-06-30,15,United States,Technology,Small,Basic,Monthly,50.35,1
CUST_005425,2024-12-08,2026-06-30,18,United Kingdom,Manufacturing,Small,Basic,Monthly,50.75,1
CUST_005426,2025-03-09,2026-06-30,15,Canada,Retail,Small,Pro,Monthly,93.47,0
CUST_005427,2022-05-08,2026-06-30,49,United States,Manufacturing,Enterprise,Enterprise,Monthly,561.54,1
CUST_005428,2025-09-23,2026-06-30,9,Australia,Professional Services,Small,Pro,Monthly,98.91,0
CUST_005429,2026-04-08,2026-06-30,2,Canada,Retail,Mid-Market,Business,Monthly,250.7,1
CUST_005430,2022-03-09,2026-06-30,51,United Kingdom,Technology,Small,Pro,Annual,103.63,0
CUST_005431,2021-09-09,2026-06-30,57,United States,Finance,Mid-Market,Business,Annual,257.25,0
CUST_005432,2025-04-20,2026-06-30,14,United Kingdom,Professional Services,Mid-Market,Business,Monthly,248.0,0
CUST_005433,2024-10-11,2026-06-30,20,United States,Retail,Mid-Market,Pro,Monthly,104.13,1
CUST_005434,2023-12-10,2026-06-30,30,Canada,Professional Services,Small,Basic,Monthly,48.14,1
CUST_005435,2023-10-30,2026-06-30,31,United States,Finance,Small,Basic,Annual,48.24,1
CUST_005436,2021-07-18,2026-06-30,59,India,Healthcare,Small,Business,Annual,259.56,1
CUST_005437,2024-06-05,2026-06-30,24,United States,Professional Services,Enterprise,Enterprise,Annual,627.68,1
CUST_005438,2026-05-10,2026-06-30,1,India,Manufacturing,Small,Business,Annual,261.25,1
CUST_005439,2024-05-03,2026-06-30,25,India,Finance,Mid-Market,Pro,Annual,98.11,1
CUST_005440,2023-09-06,2026-06-30,33,Canada,Technology,Enterprise,Pro,Monthly,99.35,0
CUST_005441,2023-11-16,2026-06-30,31,United States,Professional Services,Mid-Market,Enterprise,Annual,573.05,1
CUST_005442,2023-11-24,2026-06-30,31,United States,Manufacturing,Small,Basic,Monthly,51.2,1
CUST_005443,2021-11-17,2026-06-30,55,India,Healthcare,Small,Basic,Monthly,47.55,1
CUST_005444,2022-06-12,2026-06-30,48,United Kingdom,Healthcare,Mid-Market,Basic,Monthly,44.11,0
CUST_005445,2025-03-06,2026-06-30,15,United Kingdom,Technology,Enterprise,Enterprise,Annual,585.79,1
CUST_005446,2024-09-01,2026-06-30,21,United States,Healthcare,Enterprise,Basic,Monthly,46.9,0
CUST_005447,2023-02-18,2026-06-30,40,Australia,Technology,Small,Business,Annual,215.3,1
CUST_005448,2024-05-25,2026-06-30,25,United States,Technology,Enterprise,Business,Monthly,241.86,1
CUST_005449,2024-04-23,2026-06-30,26,United States,Professional Services,Small,Basic,Monthly,50.92,1
CUST_005450,2025-08-03,2026-06-30,10,United States,Finance,Mid-Market,Business,Annual,254.15,1
CUST_005451,2025-03-01,2026-06-30,15,Canada,Manufacturing,Small,Basic,Monthly,50.01,1
CUST_005452,2022-10-10,2026-06-30,44,India,Healthcare,Small,Basic,Monthly,52.49,1
CUST_005453,2022-04-09,2026-06-30,50,Australia,Technology,Mid-Market,Business,Annual,241.79,1
CUST_005454,2022-07-23,2026-06-30,47,United States,Finance,Small,Basic,Monthly,46.19,1
CUST_005455,2024-11-25,2026-06-30,19,United States,Technology,Enterprise,Business,Annual,255.15,1
CUST_005456,2025-09-28,2026-06-30,9,Australia,Retail,Small,Basic,Monthly,49.87,1
CUST_005457,2025-08-18,2026-06-30,10,United Kingdom,Professional Services,Enterprise,Enterprise,Annual,561.08,1
CUST_005458,2024-06-24,2026-06-30,24,United States,Manufacturing,Small,Basic,Monthly,48.57,1
CUST_005459,2023-11-14,2026-06-30,31,United States,Manufacturing,Small,Pro,Annual,101.67,0
CUST_005460,2022-01-10,2026-06-30,53,United Kingdom,Professional Services,Small,Pro,Annual,100.36,1
CUST_005461,2021-12-30,2026-06-30,53,India,Manufacturing,Mid-Market,Pro,Monthly,102.62,0
CUST_005462,2026-05-27,2026-06-30,1,United Kingdom,Retail,Mid-Market,Business,Monthly,240.63,1
CUST_005463,2022-12-08,2026-06-30,42,United States,Manufacturing,Small,Basic,Monthly,45.52,1
CUST_005464,2024-12-11,2026-06-30,18,Germany,Healthcare,Small,Pro,Annual,94.48,1
CUST_005465,2025-06-10,2026-06-30,12,United States,Technology,Small,Basic,Annual,51.12,1
CUST_005466,2023-09-08,2026-06-30,33,India,Manufacturing,Mid-Market,Business,Annual,261.89,1
CUST_005467,2026-04-01,2026-06-30,2,United States,Manufacturing,Mid-Market,Pro,Annual,98.17,1
CUST_005468,2024-10-09,2026-06-30,20,United States,Technology,Mid-Market,Business,Monthly,267.83,0
CUST_005469,2023-09-13,2026-06-30,33,Canada,Professional Services,Small,Basic,Monthly,48.6,0
CUST_005470,2025-01-28,2026-06-30,17,United States,Technology,Small,Business,Monthly,242.62,0
CUST_005471,2023-07-01,2026-06-30,35,United States,Manufacturing,Small,Basic,Monthly,45.54,1
CUST_005472,2024-02-26,2026-06-30,28,United Kingdom,Professional Services,Enterprise,Enterprise,Annual,596.73,1
CUST_005473,2022-06-27,2026-06-30,48,Germany,Finance,Small,Basic,Monthly,51.6,1
CUST_005474,2025-07-10,2026-06-30,11,Australia,Professional Services,Small,Basic,Monthly,52.11,1
CUST_005475,2026-02-18,2026-06-30,4,United States,Professional Services,Mid-Market,Basic,Monthly,51.62,0
CUST_005476,2023-10-24,2026-06-30,32,United States,Manufacturing,Mid-Market,Pro,Monthly,101.47,1
CUST_005477,2025-02-24,2026-06-30,16,Canada,Professional Services,Small,Pro,Annual,106.9,1
CUST_005478,2022-12-10,2026-06-30,42,Canada,Retail,Small,Pro,Monthly,94.2,0
CUST_005479,2025-12-15,2026-06-30,6,United States,Healthcare,Mid-Market,Pro,Annual,104.87,1
CUST_005480,2023-08-03,2026-06-30,34,India,Retail,Mid-Market,Business,Annual,252.5,1
CUST_005481,2021-07-20,2026-06-30,59,India,Healthcare,Small,Basic,Monthly,49.52,1
CUST_005482,2025-12-15,2026-06-30,6,United States,Finance,Small,Basic,Monthly,45.51,1
CUST_005483,2024-12-06,2026-06-30,18,Australia,Technology,Small,Basic,Monthly,49.84,1
CUST_005484,2022-04-07,2026-06-30,50,United Kingdom,Finance,Mid-Market,Business,Monthly,263.37,0
CUST_005485,2023-10-17,2026-06-30,32,United States,Manufacturing,Small,Basic,Monthly,43.78,1
CUST_005486,2025-07-21,2026-06-30,11,United Kingdom,Professional Services,Small,Basic,Monthly,50.95,1
CUST_005487,2025-05-14,2026-06-30,13,United States,Professional Services,Small,Pro,Monthly,87.69,0
CUST_005488,2022-08-28,2026-06-30,46,United States,Technology,Enterprise,Enterprise,Annual,556.55,1
CUST_005489,2022-03-08,2026-06-30,51,India,Retail,Small,Basic,Monthly,48.77,0
CUST_005490,2024-08-22,2026-06-30,22,United Kingdom,Retail,Small,Basic,Annual,52.88,1
CUST_005491,2024-02-01,2026-06-30,28,United States,Technology,Small,Basic,Annual,48.69,1
CUST_005492,2022-07-26,2026-06-30,47,Canada,Retail,Mid-Market,Pro,Annual,101.33,1
CUST_005493,2025-07-18,2026-06-30,11,India,Finance,Enterprise,Enterprise,Annual,571.75,1
CUST_005494,2025-05-26,2026-06-30,13,Canada,Professional Services,Enterprise,Enterprise,Annual,593.18,0
CUST_005495,2022-08-10,2026-06-30,46,India,Finance,Small,Basic,Monthly,48.87,1
CUST_005496,2025-06-30,2026-06-30,11,India,Professional Services,Small,Basic,Monthly,52.99,0
CUST_005497,2022-08-17,2026-06-30,46,United States,Professional Services,Small,Pro,Monthly,95.3,1
CUST_005498,2023-12-21,2026-06-30,30,Germany,Manufacturing,Mid-Market,Business,Annual,240.79,1
CUST_005499,2021-07-19,2026-06-30,59,United Kingdom,Technology,Mid-Market,Business,Annual,262.41,1
CUST_005500,2026-04-02,2026-06-30,2,Australia,Finance,Small,Pro,Annual,97.78,1
CUST_005501,2021-10-07,2026-06-30,56,United States,Professional Services,Small,Basic,Monthly,49.28,0
CUST_005502,2025-04-22,2026-06-30,14,United States,Technology,Small,Pro,Annual,101.15,1
CUST_005503,2026-03-30,2026-06-30,3,United States,Technology,Mid-Market,Business,Annual,241.08,1
CUST_005504,2022-11-09,2026-06-30,43,United Kingdom,Professional Services,Small,Basic,Annual,43.97,1
CUST_005505,2023-10-19,2026-06-30,32,Australia,Manufacturing,Small,Basic,Monthly,51.63,0
CUST_005506,2022-04-19,2026-06-30,50,Germany,Manufacturing,Small,Pro,Monthly,99.57,0
CUST_005507,2025-11-18,2026-06-30,7,United Kingdom,Technology,Small,Basic,Monthly,45.87,1
CUST_005508,2026-01-06,2026-06-30,5,United States,Healthcare,Small,Basic,Monthly,50.91,1
CUST_005509,2023-08-17,2026-06-30,34,United States,Professional Services,Mid-Market,Pro,Monthly,108.95,1
CUST_005510,2022-01-29,2026-06-30,52,Australia,Finance,Mid-Market,Business,Annual,263.85,1
CUST_005511,2024-06-02,2026-06-30,24,United Kingdom,Technology,Small,Pro,Monthly,109.3,1
CUST_005512,2022-06-30,2026-06-30,47,Australia,Technology,Small,Basic,Annual,45.99,1
CUST_005513,2021-12-17,2026-06-30,54,United States,Retail,Enterprise,Business,Annual,252.11,1
CUST_005514,2022-02-20,2026-06-30,52,Canada,Finance,Enterprise,Pro,Monthly,100.76,1
CUST_005515,2023-11-30,2026-06-30,30,India,Professional Services,Mid-Market,Business,Annual,247.55,0
CUST_005516,2022-12-25,2026-06-30,42,United States,Finance,Mid-Market,Business,Monthly,244.92,0
CUST_005517,2023-10-31,2026-06-30,31,United States,Technology,Mid-Market,Business,Annual,212.15,0
CUST_005518,2023-02-06,2026-06-30,40,United Kingdom,Professional Services,Mid-Market,Business,Monthly,270.07,0
CUST_005519,2023-08-18,2026-06-30,34,United Kingdom,Professional Services,Small,Pro,Monthly,91.0,0
CUST_005520,2023-11-01,2026-06-30,31,India,Retail,Small,Basic,Monthly,51.21,0
CUST_005521,2024-04-07,2026-06-30,26,India,Professional Services,Small,Pro,Annual,99.05,1
CUST_005522,2023-03-17,2026-06-30,39,Germany,Technology,Mid-Market,Pro,Monthly,98.85,0
CUST_005523,2022-09-21,2026-06-30,45,United States,Healthcare,Mid-Market,Business,Monthly,246.44,0
CUST_005524,2021-11-24,2026-06-30,55,Canada,Technology,Enterprise,Enterprise,Annual,604.96,1
CUST_005525,2023-05-27,2026-06-30,37,India,Healthcare,Small,Business,Annual,256.98,1
CUST_005526,2025-12-02,2026-06-30,6,Canada,Manufacturing,Small,Basic,Monthly,51.33,1
CUST_005527,2023-07-12,2026-06-30,35,India,Professional Services,Mid-Market,Business,Annual,247.43,1
CUST_005528,2024-11-11,2026-06-30,19,United Kingdom,Technology,Enterprise,Enterprise,Annual,562.9,1
CUST_005529,2026-04-13,2026-06-30,2,United States,Finance,Enterprise,Enterprise,Annual,561.87,0
CUST_005530,2026-01-21,2026-06-30,5,Canada,Professional Services,Small,Basic,Monthly,51.55,1
CUST_005531,2023-07-05,2026-06-30,35,Germany,Retail,Enterprise,Enterprise,Annual,590.87,1
CUST_005532,2021-10-09,2026-06-30,56,United States,Finance,Enterprise,Business,Annual,236.24,1
CUST_005533,2023-12-06,2026-06-30,30,United States,Finance,Enterprise,Enterprise,Annual,576.78,1
CUST_005534,2024-03-23,2026-06-30,27,Germany,Finance,Mid-Market,Business,Monthly,247.83,0
CUST_005535,2025-12-23,2026-06-30,6,United States,Healthcare,Mid-Market,Business,Monthly,233.02,1
CUST_005536,2023-02-04,2026-06-30,40,United States,Healthcare,Small,Basic,Annual,48.92,1
CUST_005537,2026-02-21,2026-06-30,4,Germany,Healthcare,Small,Pro,Monthly,105.2,0
CUST_005538,2022-04-13,2026-06-30,50,Australia,Healthcare,Small,Basic,Monthly,48.71,0
CUST_005539,2022-05-27,2026-06-30,49,Canada,Healthcare,Small,Basic,Annual,44.67,0
CUST_005540,2021-07-18,2026-06-30,59,India,Technology,Enterprise,Enterprise,Annual,624.99,1
CUST_005541,2025-01-06,2026-06-30,17,India,Technology,Mid-Market,Business,Annual,262.82,1
CUST_005542,2025-08-14,2026-06-30,10,Canada,Finance,Small,Basic,Monthly,51.85,0
CUST_005543,2024-12-10,2026-06-30,18,United States,Professional Services,Mid-Market,Business,Annual,249.73,1
CUST_005544,2022-06-26,2026-06-30,48,Australia,Manufacturing,Mid-Market,Basic,Monthly,54.71,1
CUST_005545,2025-05-04,2026-06-30,13,United States,Technology,Small,Pro,Monthly,102.64,1
CUST_005546,2022-01-20,2026-06-30,53,Australia,Healthcare,Mid-Market,Business,Annual,286.22,1
CUST_005547,2025-08-28,2026-06-30,10,United Kingdom,Retail,Small,Pro,Annual,105.69,1
CUST_005548,2026-03-05,2026-06-30,3,United States,Healthcare,Mid-Market,Pro,Monthly,104.93,1
CUST_005549,2025-05-03,2026-06-30,13,United Kingdom,Retail,Mid-Market,Business,Annual,241.25,1
CUST_005550,2022-09-16,2026-06-30,45,United Kingdom,Professional Services,Small,Pro,Monthly,94.31,1
CUST_005551,2023-06-15,2026-06-30,36,India,Technology,Small,Pro,Annual,99.57,1
CUST_005552,2024-09-02,2026-06-30,21,United States,Healthcare,Mid-Market,Business,Annual,246.6,1
CUST_005553,2023-03-11,2026-06-30,39,India,Healthcare,Enterprise,Enterprise,Annual,582.9,1
CUST_005554,2023-03-24,2026-06-30,39,United States,Retail,Small,Basic,Monthly,48.68,0
CUST_005555,2023-09-09,2026-06-30,33,Germany,Technology,Mid-Market,Pro,Monthly,98.02,1
CUST_005556,2023-11-21,2026-06-30,31,India,Retail,Mid-Market,Basic,Monthly,47.43,1
CUST_005557,2025-11-30,2026-06-30,6,United States,Technology,Small,Basic,Monthly,50.61,0
CUST_005558,2025-02-19,2026-06-30,16,United States,Manufacturing,Small,Pro,Monthly,95.28,0
CUST_005559,2023-10-27,2026-06-30,32,Australia,Retail,Small,Basic,Monthly,48.89,1
CUST_005560,2025-10-01,2026-06-30,8,Australia,Finance,Small,Pro,Monthly,92.99,0
CUST_005561,2024-01-28,2026-06-30,29,United States,Professional Services,Small,Pro,Monthly,99.5,0
CUST_005562,2025-11-03,2026-06-30,7,Canada,Professional Services,Mid-Market,Pro,Annual,100.0,1
CUST_005563,2022-07-18,2026-06-30,47,Australia,Healthcare,Mid-Market,Basic,Monthly,46.64,1
CUST_005564,2025-11-27,2026-06-30,7,United States,Professional Services,Small,Basic,Monthly,49.17,0
CUST_005565,2025-12-16,2026-06-30,6,United Kingdom,Professional Services,Small,Basic,Monthly,48.76,1
CUST_005566,2023-04-13,2026-06-30,38,Canada,Technology,Small,Basic,Monthly,47.87,0
CUST_005567,2025-05-01,2026-06-30,13,United States,Retail,Enterprise,Enterprise,Annual,585.48,1
CUST_005568,2024-09-08,2026-06-30,21,Australia,Retail,Enterprise,Enterprise,Monthly,612.41,1
CUST_005569,2024-11-13,2026-06-30,19,United States,Retail,Mid-Market,Pro,Annual,99.14,1
CUST_005570,2025-05-08,2026-06-30,13,India,Professional Services,Small,Basic,Monthly,51.35,1
CUST_005571,2022-09-02,2026-06-30,45,United Kingdom,Healthcare,Enterprise,Enterprise,Monthly,567.96,1
CUST_005572,2023-01-06,2026-06-30,41,Canada,Technology,Mid-Market,Enterprise,Monthly,593.38,1
CUST_005573,2025-03-29,2026-06-30,15,Canada,Healthcare,Small,Business,Annual,241.35,0
CUST_005574,2023-01-15,2026-06-30,41,Canada,Manufacturing,Small,Business,Monthly,249.75,0
CUST_005575,2022-11-28,2026-06-30,43,Australia,Finance,Small,Basic,Annual,49.66,1
CUST_005576,2023-10-07,2026-06-30,32,Germany,Technology,Mid-Market,Enterprise,Annual,563.6,1
CUST_005577,2023-07-28,2026-06-30,35,Australia,Finance,Small,Basic,Monthly,50.45,1
CUST_005578,2021-10-26,2026-06-30,56,Canada,Retail,Small,Basic,Monthly,54.3,1
CUST_005579,2024-03-08,2026-06-30,27,United States,Technology,Small,Pro,Annual,99.84,1
CUST_005580,2024-07-09,2026-06-30,23,United States,Finance,Small,Basic,Monthly,46.87,1
CUST_005581,2023-10-07,2026-06-30,32,Australia,Technology,Mid-Market,Business,Monthly,245.36,0
CUST_005582,2022-04-22,2026-06-30,50,Canada,Healthcare,Small,Pro,Annual,97.4,1
CUST_005583,2022-12-05,2026-06-30,42,Canada,Technology,Small,Pro,Monthly,95.7,0
CUST_005584,2026-01-17,2026-06-30,5,Canada,Technology,Mid-Market,Pro,Annual,102.58,1
CUST_005585,2024-02-27,2026-06-30,28,Canada,Retail,Enterprise,Business,Annual,226.3,1
CUST_005586,2022-10-12,2026-06-30,44,Germany,Technology,Small,Pro,Monthly,100.35,1
CUST_005587,2025-04-25,2026-06-30,14,United Kingdom,Technology,Small,Basic,Monthly,52.16,1
CUST_005588,2021-07-22,2026-06-30,59,India,Retail,Small,Basic,Monthly,52.0,0
CUST_005589,2022-06-11,2026-06-30,48,United States,Technology,Small,Basic,Monthly,51.51,1
CUST_005590,2022-04-03,2026-06-30,50,United Kingdom,Technology,Enterprise,Enterprise,Annual,579.23,1
CUST_005591,2026-01-05,2026-06-30,5,United States,Healthcare,Enterprise,Enterprise,Annual,642.65,0
CUST_005592,2023-07-26,2026-06-30,35,Australia,Finance,Small,Pro,Monthly,100.81,0
CUST_005593,2023-10-27,2026-06-30,32,United Kingdom,Healthcare,Small,Pro,Monthly,106.05,0
CUST_005594,2023-05-02,2026-06-30,37,Canada,Professional Services,Small,Pro,Monthly,104.35,1
CUST_005595,2022-03-27,2026-06-30,51,Australia,Healthcare,Mid-Market,Pro,Monthly,100.56,0
CUST_005596,2024-09-04,2026-06-30,21,Canada,Retail,Small,Basic,Monthly,48.4,1
CUST_005597,2023-10-16,2026-06-30,32,United States,Professional Services,Small,Basic,Monthly,54.79,1
CUST_005598,2023-01-28,2026-06-30,41,Canada,Healthcare,Small,Business,Monthly,226.84,1
CUST_005599,2022-09-18,2026-06-30,45,United States,Manufacturing,Mid-Market,Basic,Annual,48.58,1
CUST_005600,2022-08-18,2026-06-30,46,India,Healthcare,Enterprise,Enterprise,Annual,556.91,1
CUST_005601,2024-10-04,2026-06-30,20,Germany,Retail,Small,Pro,Annual,99.58,1
CUST_005602,2021-07-05,2026-06-30,59,Germany,Professional Services,Mid-Market,Basic,Monthly,49.87,0
CUST_005603,2026-05-14,2026-06-30,1,India,Technology,Mid-Market,Business,Annual,241.0,1
CUST_005604,2023-12-30,2026-06-30,29,Australia,Professional Services,Small,Basic,Monthly,47.61,1
CUST_005605,2023-06-04,2026-06-30,36,Canada,Healthcare,Enterprise,Enterprise,Annual,559.45,1
CUST_005606,2026-02-10,2026-06-30,4,United States,Retail,Mid-Market,Business,Annual,254.63,1
CUST_005607,2024-03-13,2026-06-30,27,United States,Healthcare,Small,Pro,Monthly,96.69,0
CUST_005608,2023-06-27,2026-06-30,36,India,Finance,Mid-Market,Business,Monthly,254.26,1
CUST_005609,2023-06-06,2026-06-30,36,India,Technology,Small,Pro,Monthly,96.41,1
CUST_005610,2025-10-30,2026-06-30,7,Germany,Professional Services,Small,Basic,Monthly,49.61,0
CUST_005611,2025-01-18,2026-06-30,17,United States,Retail,Small,Pro,Annual,102.66,0
CUST_005612,2025-03-18,2026-06-30,15,United States,Professional Services,Mid-Market,Business,Monthly,254.96,0
CUST_005613,2023-04-09,2026-06-30,38,India,Finance,Enterprise,Enterprise,Annual,605.31,1
CUST_005614,2024-10-18,2026-06-30,20,United States,Finance,Small,Basic,Monthly,48.75,1
CUST_005615,2023-08-10,2026-06-30,34,United Kingdom,Finance,Small,Enterprise,Monthly,613.29,1
CUST_005616,2022-10-27,2026-06-30,44,United States,Technology,Small,Pro,Monthly,96.02,1
CUST_005617,2022-06-30,2026-06-30,47,United States,Healthcare,Enterprise,Enterprise,Annual,593.14,1
CUST_005618,2025-07-06,2026-06-30,11,Germany,Professional Services,Small,Basic,Monthly,49.85,0
CUST_005619,2021-12-22,2026-06-30,54,India,Professional Services,Enterprise,Enterprise,Monthly,645.04,0
CUST_005620,2025-08-07,2026-06-30,10,Australia,Healthcare,Small,Basic,Monthly,47.5,1
CUST_005621,2026-04-22,2026-06-30,2,Canada,Finance,Small,Basic,Annual,46.83,0
CUST_005622,2026-03-12,2026-06-30,3,Canada,Retail,Small,Pro,Annual,100.41,1
CUST_005623,2025-06-05,2026-06-30,12,India,Retail,Small,Basic,Annual,51.96,1
CUST_005624,2022-02-14,2026-06-30,52,United Kingdom,Retail,Small,Basic,Monthly,50.99,1
CUST_005625,2025-05-23,2026-06-30,13,Canada,Healthcare,Enterprise,Enterprise,Annual,599.65,1
CUST_005626,2023-01-03,2026-06-30,41,Germany,Technology,Small,Basic,Monthly,52.0,1
CUST_005627,2024-05-10,2026-06-30,25,United States,Technology,Small,Pro,Monthly,90.04,1
CUST_005628,2026-03-21,2026-06-30,3,United States,Professional Services,Mid-Market,Pro,Monthly,104.01,0
CUST_005629,2024-03-25,2026-06-30,27,India,Manufacturing,Small,Basic,Monthly,48.23,0
CUST_005630,2026-04-11,2026-06-30,2,United Kingdom,Professional Services,Mid-Market,Business,Monthly,256.84,1
CUST_005631,2024-01-28,2026-06-30,29,United States,Finance,Mid-Market,Enterprise,Annual,629.19,1
CUST_005632,2023-09-02,2026-06-30,33,United States,Healthcare,Enterprise,Enterprise,Annual,604.8,0
CUST_005633,2023-11-08,2026-06-30,31,India,Finance,Mid-Market,Pro,Monthly,99.35,0
CUST_005634,2025-01-09,2026-06-30,17,United Kingdom,Professional Services,Small,Business,Annual,244.13,0
CUST_005635,2022-08-25,2026-06-30,46,United Kingdom,Finance,Small,Business,Monthly,270.06,0
CUST_005636,2023-06-25,2026-06-30,36,United States,Retail,Small,Pro,Monthly,100.71,1
CUST_005637,2025-02-28,2026-06-30,15,India,Technology,Small,Basic,Monthly,49.54,1
CUST_005638,2024-04-11,2026-06-30,26,India,Technology,Small,Basic,Monthly,52.7,0
CUST_005639,2025-11-18,2026-06-30,7,United Kingdom,Technology,Small,Pro,Monthly,96.51,1
CUST_005640,2021-11-16,2026-06-30,55,United States,Healthcare,Enterprise,Enterprise,Annual,591.52,1
CUST_005641,2022-09-18,2026-06-30,45,Germany,Professional Services,Enterprise,Enterprise,Annual,627.08,1
CUST_005642,2024-12-31,2026-06-30,17,Australia,Professional Services,Small,Basic,Annual,53.35,1
CUST_005643,2023-02-05,2026-06-30,40,Australia,Retail,Enterprise,Business,Annual,249.55,1
CUST_005644,2023-01-28,2026-06-30,41,India,Healthcare,Mid-Market,Business,Annual,253.81,1
CUST_005645,2023-06-02,2026-06-30,36,United Kingdom,Manufacturing,Small,Pro,Monthly,91.14,0
CUST_005646,2026-02-23,2026-06-30,4,United States,Technology,Enterprise,Enterprise,Monthly,637.4,1
CUST_005647,2022-02-05,2026-06-30,52,Canada,Manufacturing,Enterprise,Business,Annual,235.51,1
CUST_005648,2021-09-19,2026-06-30,57,Australia,Manufacturing,Mid-Market,Business,Annual,242.28,1
CUST_005649,2021-08-17,2026-06-30,58,United States,Healthcare,Mid-Market,Business,Monthly,251.35,1
CUST_005650,2021-08-05,2026-06-30,58,United States,Technology,Small,Basic,Monthly,47.41,1
CUST_005651,2021-11-06,2026-06-30,55,Germany,Technology,Mid-Market,Pro,Annual,89.4,1
CUST_005652,2022-10-13,2026-06-30,44,Canada,Finance,Mid-Market,Pro,Monthly,92.88,0
CUST_005653,2026-02-18,2026-06-30,4,Australia,Professional Services,Mid-Market,Business,Annual,250.23,1
CUST_005654,2024-02-16,2026-06-30,28,United States,Retail,Small,Basic,Monthly,52.67,1
CUST_005655,2025-03-17,2026-06-30,15,United States,Healthcare,Mid-Market,Business,Annual,266.63,1
CUST_005656,2025-05-02,2026-06-30,13,United States,Healthcare,Mid-Market,Basic,Monthly,49.94,1
CUST_005657,2022-05-02,2026-06-30,49,Germany,Manufacturing,Mid-Market,Pro,Monthly,99.78,1
CUST_005658,2022-06-03,2026-06-30,48,Germany,Finance,Small,Business,Monthly,258.93,0
CUST_005659,2023-11-06,2026-06-30,31,Canada,Technology,Small,Pro,Monthly,105.56,0
CUST_005660,2022-10-18,2026-06-30,44,Canada,Retail,Small,Basic,Monthly,49.29,1
CUST_005661,2025-10-11,2026-06-30,8,United States,Finance,Mid-Market,Business,Annual,250.89,1
CUST_005662,2025-04-28,2026-06-30,14,Germany,Finance,Small,Basic,Monthly,49.5,1
CUST_005663,2022-03-09,2026-06-30,51,India,Healthcare,Enterprise,Enterprise,Annual,629.24,1
CUST_005664,2024-03-13,2026-06-30,27,Australia,Technology,Mid-Market,Pro,Monthly,92.23,1
CUST_005665,2023-09-23,2026-06-30,33,United States,Professional Services,Small,Business,Annual,249.2,1
CUST_005666,2024-02-21,2026-06-30,28,United Kingdom,Professional Services,Mid-Market,Basic,Annual,49.98,1
CUST_005667,2025-06-03,2026-06-30,12,United States,Professional Services,Small,Pro,Annual,89.63,1
CUST_005668,2022-05-09,2026-06-30,49,United States,Professional Services,Small,Pro,Monthly,103.54,0
CUST_005669,2022-09-08,2026-06-30,45,United States,Finance,Small,Basic,Monthly,51.64,1
CUST_005670,2023-01-20,2026-06-30,41,United States,Finance,Mid-Market,Business,Annual,224.77,1
CUST_005671,2024-09-05,2026-06-30,21,United States,Retail,Enterprise,Business,Annual,243.85,1
CUST_005672,2023-04-03,2026-06-30,38,Australia,Technology,Small,Pro,Monthly,97.12,0
CUST_005673,2021-09-23,2026-06-30,57,United States,Professional Services,Mid-Market,Business,Annual,237.93,1
CUST_005674,2023-03-22,2026-06-30,39,Germany,Technology,Small,Basic,Monthly,47.16,0
CUST_005675,2023-12-26,2026-06-30,30,India,Healthcare,Small,Basic,Monthly,47.72,0
CUST_005676,2025-01-31,2026-06-30,16,United Kingdom,Retail,Mid-Market,Business,Annual,256.59,0
CUST_005677,2023-11-05,2026-06-30,31,Canada,Professional Services,Mid-Market,Pro,Monthly,105.17,0
CUST_005678,2024-08-02,2026-06-30,22,Germany,Retail,Enterprise,Enterprise,Annual,615.53,1
CUST_005679,2023-05-30,2026-06-30,37,United States,Retail,Mid-Market,Pro,Monthly,94.48,0
CUST_005680,2026-03-11,2026-06-30,3,Canada,Finance,Small,Basic,Monthly,50.94,0
CUST_005681,2025-06-24,2026-06-30,12,Canada,Retail,Small,Basic,Monthly,50.48,0
CUST_005682,2022-07-19,2026-06-30,47,Australia,Manufacturing,Small,Basic,Monthly,41.81,0
CUST_005683,2024-07-17,2026-06-30,23,Australia,Healthcare,Enterprise,Enterprise,Annual,636.14,1
CUST_005684,2024-04-14,2026-06-30,26,Australia,Manufacturing,Mid-Market,Pro,Monthly,99.66,1
CUST_005685,2023-09-28,2026-06-30,33,Germany,Technology,Small,Pro,Monthly,99.84,0
CUST_005686,2024-04-05,2026-06-30,26,United Kingdom,Finance,Small,Basic,Monthly,44.73,0
CUST_005687,2022-09-08,2026-06-30,45,Australia,Professional Services,Small,Basic,Monthly,52.95,0
CUST_005688,2025-03-17,2026-06-30,15,India,Finance,Mid-Market,Pro,Monthly,100.67,0
CUST_005689,2022-09-08,2026-06-30,45,Canada,Retail,Small,Basic,Annual,50.9,0
CUST_005690,2025-05-21,2026-06-30,13,India,Healthcare,Enterprise,Enterprise,Annual,559.35,1
CUST_005691,2024-08-04,2026-06-30,22,India,Professional Services,Small,Basic,Monthly,50.25,0
CUST_005692,2023-07-11,2026-06-30,35,Canada,Technology,Mid-Market,Enterprise,Annual,614.92,1
CUST_005693,2022-01-22,2026-06-30,53,United States,Finance,Small,Basic,Monthly,48.62,1
CUST_005694,2025-04-09,2026-06-30,14,United States,Professional Services,Small,Pro,Monthly,92.6,0
CUST_005695,2023-07-12,2026-06-30,35,Australia,Retail,Small,Basic,Monthly,48.85,1
CUST_005696,2026-02-05,2026-06-30,4,United States,Healthcare,Small,Pro,Annual,94.27,1
CUST_005697,2026-01-16,2026-06-30,5,Canada,Finance,Enterprise,Business,Annual,240.31,1
CUST_005698,2022-08-23,2026-06-30,46,United Kingdom,Healthcare,Mid-Market,Business,Annual,263.44,1
CUST_005699,2022-11-18,2026-06-30,43,India,Professional Services,Small,Pro,Monthly,99.43,0
CUST_005700,2024-07-25,2026-06-30,23,Australia,Retail,Small,Pro,Monthly,98.6,0
CUST_005701,2023-05-09,2026-06-30,37,Germany,Professional Services,Small,Basic,Monthly,46.12,1
CUST_005702,2024-07-18,2026-06-30,23,Canada,Professional Services,Mid-Market,Business,Monthly,248.43,1
CUST_005703,2025-01-19,2026-06-30,17,United States,Healthcare,Small,Basic,Monthly,48.63,0
CUST_005704,2024-04-17,2026-06-30,26,United Kingdom,Retail,Small,Basic,Monthly,46.59,0
CUST_005705,2024-11-18,2026-06-30,19,United States,Retail,Small,Pro,Annual,104.37,0
CUST_005706,2022-05-29,2026-06-30,49,United Kingdom,Professional Services,Enterprise,Enterprise,Annual,630.06,1
CUST_005707,2024-05-23,2026-06-30,25,India,Retail,Small,Basic,Monthly,47.1,0
CUST_005708,2024-11-02,2026-06-30,19,United Kingdom,Technology,Mid-Market,Business,Annual,253.93,1
CUST_005709,2023-10-12,2026-06-30,32,United Kingdom,Professional Services,Enterprise,Enterprise,Annual,543.51,0
CUST_005710,2022-09-09,2026-06-30,45,Germany,Retail,Small,Basic,Monthly,49.78,0
CUST_005711,2025-01-25,2026-06-30,17,Australia,Professional Services,Small,Basic,Annual,50.91,1
CUST_005712,2021-10-18,2026-06-30,56,Canada,Healthcare,Small,Basic,Monthly,46.25,1
CUST_005713,2024-02-19,2026-06-30,28,Canada,Healthcare,Mid-Market,Pro,Monthly,99.07,1
CUST_005714,2023-03-02,2026-06-30,39,United States,Retail,Small,Basic,Monthly,49.31,1
CUST_005715,2021-09-16,2026-06-30,57,United Kingdom,Manufacturing,Small,Pro,Annual,113.3,1
CUST_005716,2024-04-17,2026-06-30,26,United States,Technology,Small,Basic,Monthly,55.32,0
CUST_005717,2025-06-07,2026-06-30,12,Canada,Healthcare,Mid-Market,Business,Annual,253.01,1
CUST_005718,2022-09-27,2026-06-30,45,Germany,Manufacturing,Mid-Market,Business,Annual,240.74,1
CUST_005719,2026-05-20,2026-06-30,1,United States,Professional Services,Small,Basic,Monthly,49.6,1
CUST_005720,2024-03-01,2026-06-30,27,United Kingdom,Technology,Mid-Market,Business,Annual,263.02,1
CUST_005721,2021-08-06,2026-06-30,58,United States,Finance,Small,Pro,Annual,90.71,1
CUST_005722,2024-05-18,2026-06-30,25,United States,Healthcare,Small,Basic,Monthly,43.88,1
CUST_005723,2023-01-20,2026-06-30,41,United States,Technology,Small,Basic,Monthly,46.19,1
CUST_005724,2023-11-01,2026-06-30,31,United States,Technology,Mid-Market,Pro,Annual,102.77,1
CUST_005725,2025-05-11,2026-06-30,13,India,Healthcare,Mid-Market,Business,Annual,259.22,1
CUST_005726,2024-11-07,2026-06-30,19,India,Retail,Small,Pro,Monthly,101.19,1
CUST_005727,2023-11-04,2026-06-30,31,Germany,Healthcare,Small,Pro,Monthly,104.5,0
CUST_005728,2025-11-25,2026-06-30,7,United Kingdom,Finance,Small,Pro,Monthly,98.1,1
CUST_005729,2024-05-17,2026-06-30,25,Australia,Professional Services,Small,Basic,Monthly,48.34,1
CUST_005730,2024-05-17,2026-06-30,25,India,Healthcare,Small,Pro,Annual,100.91,1
CUST_005731,2022-04-24,2026-06-30,50,Canada,Manufacturing,Small,Basic,Monthly,53.19,1
CUST_005732,2025-10-21,2026-06-30,8,United States,Finance,Small,Basic,Monthly,50.01,0
CUST_005733,2022-04-10,2026-06-30,50,Germany,Professional Services,Small,Basic,Monthly,48.77,0
CUST_005734,2024-05-25,2026-06-30,25,India,Professional Services,Small,Pro,Annual,100.99,0
CUST_005735,2023-03-19,2026-06-30,39,United States,Finance,Small,Pro,Annual,106.04,1
CUST_005736,2023-09-05,2026-06-30,33,Canada,Retail,Mid-Market,Business,Annual,244.52,1
CUST_005737,2024-12-09,2026-06-30,18,United States,Retail,Small,Basic,Monthly,47.9,0
CUST_005738,2021-11-03,2026-06-30,55,United States,Healthcare,Mid-Market,Business,Monthly,243.1,0
CUST_005739,2025-04-24,2026-06-30,14,Germany,Manufacturing,Small,Basic,Annual,51.0,1
CUST_005740,2026-03-27,2026-06-30,3,United States,Finance,Small,Pro,Annual,95.14,1
CUST_005741,2022-09-23,2026-06-30,45,India,Healthcare,Small,Basic,Annual,50.57,1
CUST_005742,2023-05-12,2026-06-30,37,Australia,Professional Services,Small,Pro,Annual,91.72,1
CUST_005743,2022-01-14,2026-06-30,53,United States,Technology,Mid-Market,Business,Annual,245.77,1
CUST_005744,2024-03-01,2026-06-30,27,Australia,Technology,Small,Basic,Monthly,48.86,1
CUST_005745,2026-05-01,2026-06-30,1,Australia,Technology,Small,Basic,Monthly,53.38,1
CUST_005746,2026-04-25,2026-06-30,2,Canada,Professional Services,Small,Basic,Monthly,51.38,1
CUST_005747,2024-04-14,2026-06-30,26,Canada,Technology,Small,Basic,Monthly,48.13,1
CUST_005748,2025-03-10,2026-06-30,15,Australia,Technology,Enterprise,Enterprise,Annual,583.47,1
CUST_005749,2021-11-18,2026-06-30,55,Canada,Retail,Enterprise,Enterprise,Annual,578.81,1
CUST_005750,2025-10-31,2026-06-30,7,United States,Manufacturing,Small,Business,Annual,235.03,0
CUST_005751,2022-01-31,2026-06-30,52,United States,Healthcare,Small,Basic,Monthly,52.96,1
CUST_005752,2025-05-07,2026-06-30,13,United States,Professional Services,Small,Pro,Monthly,95.26,0
CUST_005753,2025-10-29,2026-06-30,8,Germany,Technology,Small,Pro,Monthly,107.52,0
CUST_005754,2025-01-24,2026-06-30,17,United States,Retail,Small,Pro,Annual,99.49,1
CUST_005755,2025-09-15,2026-06-30,9,United Kingdom,Retail,Small,Basic,Monthly,48.8,0
CUST_005756,2024-06-10,2026-06-30,24,Canada,Finance,Small,Basic,Monthly,49.24,0
CUST_005757,2024-10-15,2026-06-30,20,Australia,Professional Services,Small,Basic,Monthly,51.96,0
CUST_005758,2023-10-25,2026-06-30,32,Canada,Retail,Small,Pro,Monthly,94.77,0
CUST_005759,2023-10-10,2026-06-30,32,India,Technology,Mid-Market,Pro,Monthly,101.52,0
CUST_005760,2026-05-30,2026-06-30,1,India,Technology,Enterprise,Enterprise,Annual,597.84,1
CUST_005761,2025-10-19,2026-06-30,8,United States,Technology,Small,Business,Annual,254.02,1
CUST_005762,2025-08-14,2026-06-30,10,Germany,Professional Services,Mid-Market,Business,Monthly,246.45,1
CUST_005763,2025-06-16,2026-06-30,12,United States,Finance,Small,Basic,Monthly,48.12,1
CUST_005764,2025-12-15,2026-06-30,6,Australia,Professional Services,Small,Basic,Monthly,50.29,1
CUST_005765,2024-11-13,2026-06-30,19,United Kingdom,Technology,Mid-Market,Business,Annual,231.81,1
CUST_005766,2023-09-18,2026-06-30,33,United States,Professional Services,Small,Pro,Monthly,105.9,0
CUST_005767,2024-11-23,2026-06-30,19,United States,Professional Services,Enterprise,Enterprise,Annual,602.23,1
CUST_005768,2024-10-18,2026-06-30,20,Canada,Technology,Enterprise,Business,Annual,242.16,1
CUST_005769,2024-02-09,2026-06-30,28,Australia,Technology,Small,Business,Monthly,253.59,1
CUST_005770,2023-09-20,2026-06-30,33,Australia,Manufacturing,Small,Basic,Annual,47.3,1
CUST_005771,2024-10-14,2026-06-30,20,United States,Technology,Small,Basic,Monthly,49.19,1
CUST_005772,2025-04-28,2026-06-30,14,United States,Finance,Enterprise,Pro,Annual,99.42,1
CUST_005773,2024-05-27,2026-06-30,25,Canada,Manufacturing,Small,Basic,Monthly,52.08,1
CUST_005774,2026-04-18,2026-06-30,2,United Kingdom,Professional Services,Mid-Market,Pro,Monthly,100.38,1
CUST_005775,2023-12-29,2026-06-30,30,United States,Manufacturing,Small,Basic,Monthly,46.26,0
CUST_005776,2021-10-15,2026-06-30,56,United States,Professional Services,Mid-Market,Basic,Monthly,50.42,1
CUST_005777,2024-06-16,2026-06-30,24,India,Retail,Small,Basic,Monthly,50.77,0
CUST_005778,2025-11-18,2026-06-30,7,Canada,Manufacturing,Mid-Market,Enterprise,Annual,550.71,1
CUST_005779,2022-12-09,2026-06-30,42,Germany,Finance,Mid-Market,Business,Annual,234.21,1
CUST_005780,2025-10-16,2026-06-30,8,Canada,Manufacturing,Small,Pro,Monthly,108.95,1
CUST_005781,2025-06-18,2026-06-30,12,Canada,Retail,Small,Pro,Monthly,97.36,1
CUST_005782,2025-09-10,2026-06-30,9,United Kingdom,Retail,Small,Pro,Monthly,97.47,0
CUST_005783,2022-01-26,2026-06-30,53,United States,Professional Services,Small,Basic,Annual,48.91,1
CUST_005784,2021-08-04,2026-06-30,58,United States,Healthcare,Mid-Market,Enterprise,Annual,579.81,1
CUST_005785,2023-08-13,2026-06-30,34,India,Retail,Small,Basic,Monthly,44.66,1
CUST_005786,2023-05-19,2026-06-30,37,India,Healthcare,Enterprise,Enterprise,Annual,565.39,1
CUST_005787,2023-03-30,2026-06-30,39,Germany,Finance,Small,Pro,Monthly,95.84,1
CUST_005788,2023-06-01,2026-06-30,36,United States,Finance,Enterprise,Business,Monthly,242.74,1
CUST_005789,2023-09-28,2026-06-30,33,United States,Professional Services,Enterprise,Business,Annual,239.42,1
CUST_005790,2021-07-25,2026-06-30,59,United States,Finance,Mid-Market,Business,Annual,230.43,1
CUST_005791,2022-10-24,2026-06-30,44,India,Retail,Enterprise,Enterprise,Annual,582.42,1
CUST_005792,2025-12-24,2026-06-30,6,Australia,Retail,Small,Basic,Monthly,51.73,1
CUST_005793,2024-06-27,2026-06-30,24,United Kingdom,Professional Services,Mid-Market,Enterprise,Annual,578.88,1
CUST_005794,2021-08-16,2026-06-30,58,India,Manufacturing,Small,Pro,Annual,98.1,1
CUST_005795,2024-06-06,2026-06-30,24,United States,Technology,Small,Pro,Monthly,106.15,1
CUST_005796,2025-05-30,2026-06-30,13,United Kingdom,Finance,Mid-Market,Pro,Annual,95.6,1
CUST_005797,2022-02-23,2026-06-30,52,United States,Manufacturing,Enterprise,Enterprise,Annual,690.56,1
CUST_005798,2023-05-09,2026-06-30,37,United States,Technology,Enterprise,Enterprise,Annual,625.71,1
CUST_005799,2023-08-26,2026-06-30,34,India,Healthcare,Mid-Market,Business,Monthly,249.96,1
CUST_005800,2024-05-07,2026-06-30,25,India,Finance,Enterprise,Pro,Monthly,97.77,1
CUST_005801,2025-10-20,2026-06-30,8,United States,Technology,Mid-Market,Business,Annual,265.71,1
CUST_005802,2024-07-11,2026-06-30,23,United States,Professional Services,Mid-Market,Pro,Monthly,95.57,1
CUST_005803,2024-04-06,2026-06-30,26,United Kingdom,Professional Services,Small,Business,Annual,243.61,1
CUST_005804,2021-11-02,2026-06-30,55,United States,Manufacturing,Small,Basic,Monthly,52.94,1
CUST_005805,2024-11-26,2026-06-30,19,United Kingdom,Technology,Small,Pro,Monthly,97.14,1
CUST_005806,2025-09-06,2026-06-30,9,United Kingdom,Professional Services,Mid-Market,Pro,Monthly,96.69,1
CUST_005807,2024-04-24,2026-06-30,26,United States,Retail,Mid-Market,Pro,Monthly,95.72,1
CUST_005808,2021-07-07,2026-06-30,59,United States,Professional Services,Mid-Market,Business,Annual,224.94,1
CUST_005809,2024-01-17,2026-06-30,29,United States,Technology,Enterprise,Enterprise,Annual,629.39,1
CUST_005810,2024-07-20,2026-06-30,23,India,Technology,Mid-Market,Business,Monthly,248.46,1
CUST_005811,2023-02-19,2026-06-30,40,United States,Retail,Mid-Market,Pro,Monthly,104.29,0
CUST_005812,2023-03-24,2026-06-30,39,United Kingdom,Professional Services,Mid-Market,Business,Annual,246.9,1
CUST_005813,2024-12-10,2026-06-30,18,United States,Technology,Mid-Market,Pro,Monthly,96.91,0
CUST_005814,2021-08-28,2026-06-30,58,Germany,Finance,Small,Basic,Annual,47.37,1
CUST_005815,2023-07-02,2026-06-30,35,United States,Retail,Enterprise,Enterprise,Annual,619.49,0
CUST_005816,2026-02-17,2026-06-30,4,United States,Professional Services,Mid-Market,Basic,Monthly,47.03,1
CUST_005817,2024-05-30,2026-06-30,25,Germany,Manufacturing,Mid-Market,Pro,Monthly,100.9,0
CUST_005818,2021-11-17,2026-06-30,55,Germany,Professional Services,Small,Pro,Monthly,99.19,0
CUST_005819,2024-06-24,2026-06-30,24,United States,Retail,Small,Basic,Annual,46.45,1
CUST_005820,2023-08-16,2026-06-30,34,United States,Professional Services,Enterprise,Pro,Monthly,96.78,0
CUST_005821,2023-05-28,2026-06-30,37,India,Healthcare,Enterprise,Enterprise,Annual,599.3,1
CUST_005822,2022-12-14,2026-06-30,42,United States,Technology,Enterprise,Enterprise,Annual,589.7,1
CUST_005823,2022-02-16,2026-06-30,52,United States,Manufacturing,Mid-Market,Pro,Annual,108.38,1
CUST_005824,2025-09-06,2026-06-30,9,Canada,Retail,Mid-Market,Basic,Monthly,49.58,1
CUST_005825,2023-11-16,2026-06-30,31,United States,Healthcare,Small,Basic,Annual,48.52,0
CUST_005826,2023-10-17,2026-06-30,32,United Kingdom,Finance,Mid-Market,Business,Monthly,244.48,1
CUST_005827,2025-08-31,2026-06-30,9,Germany,Manufacturing,Small,Basic,Monthly,48.44,0
CUST_005828,2023-02-08,2026-06-30,40,United Kingdom,Professional Services,Enterprise,Enterprise,Annual,580.8,1
CUST_005829,2025-10-31,2026-06-30,7,United Kingdom,Finance,Small,Basic,Monthly,46.98,1
CUST_005830,2024-03-04,2026-06-30,27,Canada,Professional Services,Enterprise,Enterprise,Annual,616.93,1
CUST_005831,2024-10-16,2026-06-30,20,Germany,Finance,Small,Business,Annual,268.17,1
CUST_005832,2025-08-26,2026-06-30,10,United States,Technology,Small,Basic,Monthly,47.9,1
CUST_005833,2022-05-16,2026-06-30,49,United States,Technology,Mid-Market,Business,Annual,254.35,1
CUST_005834,2025-03-19,2026-06-30,15,Germany,Healthcare,Mid-Market,Pro,Monthly,95.71,0
CUST_005835,2025-02-27,2026-06-30,16,United States,Technology,Mid-Market,Basic,Monthly,49.25,1
CUST_005836,2022-03-20,2026-06-30,51,United States,Manufacturing,Mid-Market,Business,Annual,232.71,0
CUST_005837,2022-02-07,2026-06-30,52,United States,Manufacturing,Mid-Market,Basic,Monthly,46.91,0
CUST_005838,2026-03-31,2026-06-30,2,Germany,Healthcare,Small,Pro,Annual,94.6,1
CUST_005839,2025-01-18,2026-06-30,17,United States,Professional Services,Enterprise,Enterprise,Annual,594.65,0
CUST_005840,2022-12-06,2026-06-30,42,Germany,Professional Services,Enterprise,Enterprise,Annual,563.96,1
CUST_005841,2022-08-04,2026-06-30,46,Australia,Healthcare,Mid-Market,Business,Annual,221.11,1
CUST_005842,2021-07-03,2026-06-30,59,United Kingdom,Technology,Small,Pro,Annual,92.22,1
CUST_005843,2023-09-09,2026-06-30,33,United States,Technology,Mid-Market,Basic,Monthly,48.57,1
CUST_005844,2026-05-18,2026-06-30,1,Australia,Retail,Small,Pro,Monthly,95.08,0
CUST_005845,2022-02-13,2026-06-30,52,United States,Healthcare,Enterprise,Business,Annual,241.79,0
CUST_005846,2025-08-15,2026-06-30,10,India,Retail,Small,Basic,Monthly,49.65,1
CUST_005847,2025-10-27,2026-06-30,8,Germany,Retail,Small,Basic,Monthly,46.99,1
CUST_005848,2023-02-06,2026-06-30,40,United States,Retail,Small,Basic,Monthly,48.8,1
CUST_005849,2023-06-13,2026-06-30,36,Australia,Technology,Mid-Market,Pro,Annual,109.58,0
CUST_005850,2026-02-13,2026-06-30,4,Canada,Finance,Mid-Market,Business,Monthly,244.26,1
CUST_005851,2025-08-01,2026-06-30,10,Canada,Finance,Mid-Market,Business,Annual,246.44,0
CUST_005852,2023-07-08,2026-06-30,35,Canada,Professional Services,Small,Business,Monthly,253.74,1
CUST_005853,2025-02-27,2026-06-30,16,United Kingdom,Retail,Enterprise,Enterprise,Monthly,574.51,1
CUST_005854,2023-01-20,2026-06-30,41,Germany,Retail,Small,Pro,Monthly,96.07,0
CUST_005855,2024-05-22,2026-06-30,25,India,Retail,Small,Business,Annual,247.81,1
CUST_005856,2023-07-11,2026-06-30,35,United States,Healthcare,Mid-Market,Business,Annual,251.42,1
CUST_005857,2024-01-30,2026-06-30,28,United Kingdom,Technology,Small,Basic,Annual,46.72,1
CUST_005858,2024-08-14,2026-06-30,22,Germany,Technology,Mid-Market,Pro,Annual,101.76,1
CUST_005859,2024-09-24,2026-06-30,21,Germany,Technology,Small,Basic,Annual,52.79,1
CUST_005860,2022-12-27,2026-06-30,42,Canada,Technology,Mid-Market,Pro,Monthly,89.53,0
CUST_005861,2023-11-20,2026-06-30,31,United States,Finance,Small,Pro,Monthly,100.94,0
CUST_005862,2023-06-30,2026-06-30,36,Germany,Manufacturing,Small,Basic,Annual,48.78,1
CUST_005863,2023-07-30,2026-06-30,35,United States,Technology,Small,Pro,Monthly,97.53,0
CUST_005864,2025-05-24,2026-06-30,13,United States,Technology,Mid-Market,Pro,Annual,100.62,1
CUST_005865,2021-12-04,2026-06-30,54,United Kingdom,Technology,Small,Business,Monthly,266.17,1
CUST_005866,2023-08-25,2026-06-30,34,United States,Finance,Small,Basic,Monthly,49.63,0
CUST_005867,2022-11-20,2026-06-30,43,United States,Technology,Small,Basic,Monthly,51.35,0
CUST_005868,2022-01-29,2026-06-30,52,United States,Technology,Small,Business,Monthly,248.51,1
CUST_005869,2021-11-14,2026-06-30,55,Germany,Finance,Small,Basic,Monthly,49.89,1
CUST_005870,2023-02-20,2026-06-30,40,India,Professional Services,Mid-Market,Business,Annual,242.23,1
CUST_005871,2022-07-19,2026-06-30,47,Canada,Finance,Small,Basic,Annual,49.09,1
CUST_005872,2024-02-05,2026-06-30,28,United States,Technology,Small,Pro,Annual,97.65,1
CUST_005873,2022-10-15,2026-06-30,44,Australia,Healthcare,Mid-Market,Business,Annual,250.33,1
CUST_005874,2024-10-31,2026-06-30,19,United States,Technology,Small,Pro,Annual,90.81,1
CUST_005875,2022-12-01,2026-06-30,42,India,Retail,Mid-Market,Business,Annual,235.12,1
CUST_005876,2025-12-28,2026-06-30,6,United Kingdom,Healthcare,Mid-Market,Business,Annual,263.79,0
CUST_005877,2021-12-02,2026-06-30,54,United States,Professional Services,Mid-Market,Business,Monthly,266.36,1
CUST_005878,2025-03-18,2026-06-30,15,Canada,Professional Services,Small,Basic,Annual,44.76,1
CUST_005879,2023-03-10,2026-06-30,39,United States,Manufacturing,Small,Pro,Monthly,96.19,1
CUST_005880,2026-05-11,2026-06-30,1,Australia,Technology,Small,Basic,Monthly,47.17,1
CUST_005881,2025-08-25,2026-06-30,10,United States,Healthcare,Small,Pro,Monthly,100.25,1
CUST_005882,2021-07-26,2026-06-30,59,India,Finance,Enterprise,Business,Annual,247.96,1
CUST_005883,2022-04-27,2026-06-30,50,Germany,Manufacturing,Small,Basic,Monthly,50.67,0
CUST_005884,2025-04-27,2026-06-30,14,India,Technology,Small,Pro,Monthly,92.31,1
CUST_005885,2025-10-09,2026-06-30,8,India,Retail,Mid-Market,Business,Annual,253.36,1
CUST_005886,2022-05-30,2026-06-30,49,United States,Finance,Mid-Market,Business,Annual,244.84,1
CUST_005887,2021-07-19,2026-06-30,59,United Kingdom,Healthcare,Enterprise,Enterprise,Annual,576.92,0
CUST_005888,2025-08-02,2026-06-30,10,Australia,Finance,Small,Basic,Monthly,50.08,1
CUST_005889,2023-02-25,2026-06-30,40,United States,Finance,Enterprise,Enterprise,Annual,591.6,1
CUST_005890,2025-01-07,2026-06-30,17,United States,Retail,Mid-Market,Business,Annual,247.75,1
CUST_005891,2022-10-03,2026-06-30,44,United States,Retail,Mid-Market,Pro,Monthly,105.61,1
CUST_005892,2024-05-11,2026-06-30,25,United States,Technology,Small,Pro,Monthly,99.35,0
CUST_005893,2025-10-18,2026-06-30,8,India,Technology,Small,Basic,Monthly,53.77,1
CUST_005894,2024-10-26,2026-06-30,20,Canada,Professional Services,Small,Business,Annual,219.99,1
CUST_005895,2023-10-08,2026-06-30,32,Germany,Healthcare,Mid-Market,Pro,Annual,98.95,0
CUST_005896,2022-06-28,2026-06-30,48,India,Retail,Small,Basic,Annual,46.28,1
CUST_005897,2026-04-24,2026-06-30,2,United States,Healthcare,Small,Pro,Annual,94.41,1
CUST_005898,2021-09-15,2026-06-30,57,Germany,Retail,Small,Basic,Monthly,47.39,0
CUST_005899,2023-03-22,2026-06-30,39,United States,Retail,Enterprise,Pro,Monthly,103.57,0
CUST_005900,2022-02-10,2026-06-30,52,United States,Technology,Small,Basic,Monthly,48.0,1
CUST_005901,2021-11-04,2026-06-30,55,United States,Healthcare,Small,Pro,Monthly,93.35,1
CUST_005902,2025-08-29,2026-06-30,10,United States,Healthcare,Mid-Market,Basic,Monthly,50.62,1
CUST_005903,2025-12-14,2026-06-30,6,Canada,Technology,Enterprise,Enterprise,Annual,563.59,1
CUST_005904,2022-08-06,2026-06-30,46,Canada,Manufacturing,Mid-Market,Business,Monthly,269.82,0
CUST_005905,2025-06-28,2026-06-30,12,United States,Technology,Small,Business,Annual,232.93,0
CUST_005906,2025-09-08,2026-06-30,9,United States,Technology,Small,Business,Annual,245.42,1
CUST_005907,2024-02-11,2026-06-30,28,Germany,Manufacturing,Small,Business,Annual,272.96,1
CUST_005908,2021-12-04,2026-06-30,54,United States,Professional Services,Small,Basic,Monthly,48.2,1
CUST_005909,2022-07-03,2026-06-30,47,Australia,Technology,Small,Basic,Monthly,50.04,1
CUST_005910,2023-11-14,2026-06-30,31,India,Retail,Small,Pro,Monthly,98.46,1
CUST_005911,2025-06-13,2026-06-30,12,Germany,Technology,Small,Basic,Monthly,49.0,1
CUST_005912,2024-10-05,2026-06-30,20,United Kingdom,Manufacturing,Small,Basic,Annual,46.99,1
CUST_005913,2023-01-12,2026-06-30,41,United Kingdom,Healthcare,Mid-Market,Enterprise,Annual,612.57,1
CUST_005914,2025-08-23,2026-06-30,10,United Kingdom,Manufacturing,Small,Basic,Monthly,52.25,0
CUST_005915,2023-11-02,2026-06-30,31,India,Finance,Enterprise,Business,Annual,224.82,1
CUST_005916,2026-05-10,2026-06-30,1,India,Finance,Mid-Market,Pro,Monthly,94.42,1
CUST_005917,2024-10-25,2026-06-30,20,Canada,Professional Services,Small,Basic,Monthly,47.65,0
CUST_005918,2025-03-12,2026-06-30,15,United Kingdom,Technology,Small,Business,Annual,237.95,1
CUST_005919,2023-01-25,2026-06-30,41,Australia,Technology,Enterprise,Business,Annual,257.0,1
CUST_005920,2021-12-03,2026-06-30,54,United States,Healthcare,Enterprise,Business,Annual,241.46,0
CUST_005921,2025-09-11,2026-06-30,9,United Kingdom,Retail,Small,Basic,Monthly,49.2,1
CUST_005922,2022-06-30,2026-06-30,47,United Kingdom,Technology,Small,Basic,Monthly,52.65,1
CUST_005923,2023-03-11,2026-06-30,39,Germany,Retail,Enterprise,Enterprise,Annual,545.24,1
CUST_005924,2021-08-25,2026-06-30,58,United States,Finance,Mid-Market,Business,Annual,252.95,1
CUST_005925,2021-12-07,2026-06-30,54,United States,Retail,Mid-Market,Business,Annual,247.47,1
CUST_005926,2025-12-02,2026-06-30,6,United States,Professional Services,Small,Basic,Monthly,48.71,1
CUST_005927,2022-10-05,2026-06-30,44,United Kingdom,Healthcare,Mid-Market,Pro,Monthly,94.52,0
CUST_005928,2023-07-04,2026-06-30,35,India,Retail,Mid-Market,Pro,Monthly,97.12,1
CUST_005929,2025-11-10,2026-06-30,7,India,Healthcare,Small,Business,Annual,248.9,1
CUST_005930,2025-02-24,2026-06-30,16,United States,Technology,Mid-Market,Business,Annual,246.71,0
CUST_005931,2021-11-10,2026-06-30,55,United States,Manufacturing,Small,Basic,Monthly,50.71,1
CUST_005932,2023-09-30,2026-06-30,32,Australia,Professional Services,Small,Pro,Monthly,93.58,1
CUST_005933,2024-10-01,2026-06-30,20,Germany,Manufacturing,Mid-Market,Business,Annual,231.61,1
CUST_005934,2024-11-02,2026-06-30,19,Canada,Professional Services,Mid-Market,Business,Monthly,224.02,1
CUST_005935,2022-04-19,2026-06-30,50,United States,Healthcare,Enterprise,Enterprise,Annual,603.23,1
CUST_005936,2025-01-08,2026-06-30,17,United States,Retail,Mid-Market,Enterprise,Annual,621.66,0
CUST_005937,2025-08-19,2026-06-30,10,Australia,Technology,Small,Basic,Monthly,46.13,0
CUST_005938,2023-08-05,2026-06-30,34,United Kingdom,Professional Services,Small,Basic,Annual,45.91,0
CUST_005939,2021-07-15,2026-06-30,59,United States,Retail,Small,Business,Annual,272.51,1
CUST_005940,2025-07-06,2026-06-30,11,India,Finance,Small,Basic,Monthly,52.13,0
CUST_005941,2025-02-27,2026-06-30,16,United Kingdom,Manufacturing,Mid-Market,Business,Annual,265.61,1
CUST_005942,2024-02-09,2026-06-30,28,India,Retail,Small,Basic,Monthly,49.86,1
CUST_005943,2025-06-07,2026-06-30,12,Canada,Professional Services,Small,Basic,Monthly,50.73,0
CUST_005944,2023-03-20,2026-06-30,39,Canada,Manufacturing,Small,Business,Annual,245.43,1
CUST_005945,2025-03-02,2026-06-30,15,India,Professional Services,Small,Basic,Monthly,45.51,1
CUST_005946,2025-10-13,2026-06-30,8,India,Healthcare,Small,Basic,Annual,45.64,1
CUST_005947,2025-02-17,2026-06-30,16,India,Healthcare,Mid-Market,Pro,Monthly,99.02,0
CUST_005948,2021-11-03,2026-06-30,55,Australia,Manufacturing,Small,Business,Annual,260.52,1
CUST_005949,2021-10-26,2026-06-30,56,Canada,Technology,Enterprise,Business,Annual,246.91,1
CUST_005950,2023-12-06,2026-06-30,30,United States,Technology,Small,Business,Monthly,256.58,1
CUST_005951,2024-06-12,2026-06-30,24,United States,Professional Services,Mid-Market,Pro,Monthly,98.56,0
CUST_005952,2022-05-21,2026-06-30,49,India,Professional Services,Enterprise,Enterprise,Annual,608.12,1
CUST_005953,2025-06-17,2026-06-30,12,United States,Professional Services,Enterprise,Business,Monthly,258.6,1
CUST_005954,2023-03-15,2026-06-30,39,Germany,Technology,Enterprise,Enterprise,Annual,638.86,1
CUST_005955,2023-01-27,2026-06-30,41,India,Finance,Small,Basic,Monthly,49.7,1
CUST_005956,2022-12-04,2026-06-30,42,India,Professional Services,Small,Basic,Monthly,53.75,1
CUST_005957,2025-05-05,2026-06-30,13,India,Technology,Mid-Market,Pro,Annual,97.85,1
CUST_005958,2022-11-23,2026-06-30,43,United Kingdom,Healthcare,Small,Pro,Annual,105.55,1
CUST_005959,2023-05-29,2026-06-30,37,Canada,Finance,Mid-Market,Business,Annual,256.25,1
CUST_005960,2022-02-11,2026-06-30,52,India,Professional Services,Mid-Market,Pro,Annual,89.94,1
CUST_005961,2025-07-22,2026-06-30,11,United States,Healthcare,Small,Basic,Annual,52.46,1
CUST_005962,2023-05-26,2026-06-30,37,United States,Finance,Small,Pro,Monthly,94.45,0
CUST_005963,2022-05-03,2026-06-30,49,India,Healthcare,Mid-Market,Business,Annual,245.9,1
CUST_005964,2025-01-17,2026-06-30,17,Germany,Technology,Mid-Market,Business,Annual,259.87,1
CUST_005965,2022-10-04,2026-06-30,44,United Kingdom,Manufacturing,Mid-Market,Business,Monthly,239.73,0
CUST_005966,2025-12-04,2026-06-30,6,United States,Retail,Mid-Market,Pro,Monthly,98.65,1
CUST_005967,2022-11-20,2026-06-30,43,Canada,Retail,Small,Basic,Annual,50.61,1
CUST_005968,2023-06-08,2026-06-30,36,India,Healthcare,Small,Basic,Monthly,46.99,0
CUST_005969,2025-06-20,2026-06-30,12,United Kingdom,Finance,Small,Business,Monthly,246.06,1
CUST_005970,2026-02-01,2026-06-30,4,Canada,Technology,Small,Basic,Monthly,48.13,1
CUST_005971,2022-10-01,2026-06-30,44,United Kingdom,Professional Services,Mid-Market,Business,Monthly,261.0,0
CUST_005972,2025-03-24,2026-06-30,15,India,Healthcare,Mid-Market,Pro,Monthly,106.76,0
CUST_005973,2023-12-21,2026-06-30,30,India,Healthcare,Enterprise,Business,Annual,235.3,1
CUST_005974,2026-02-12,2026-06-30,4,Canada,Finance,Small,Pro,Annual,99.38,1
CUST_005975,2021-09-05,2026-06-30,57,United Kingdom,Professional Services,Small,Pro,Monthly,96.41,0
CUST_005976,2023-09-19,2026-06-30,33,United States,Manufacturing,Small,Pro,Annual,99.15,1
CUST_005977,2021-11-01,2026-06-30,55,Canada,Technology,Small,Basic,Annual,53.33,1
CUST_005978,2025-08-17,2026-06-30,10,United States,Retail,Small,Pro,Monthly,100.88,0
CUST_005979,2025-05-27,2026-06-30,13,United Kingdom,Healthcare,Small,Business,Annual,241.99,1
CUST_005980,2023-06-01,2026-06-30,36,United Kingdom,Manufacturing,Small,Business,Annual,231.97,1
CUST_005981,2023-06-11,2026-06-30,36,United States,Professional Services,Small,Basic,Monthly,51.45,1
CUST_005982,2022-07-12,2026-06-30,47,United States,Manufacturing,Mid-Market,Business,Monthly,243.28,0
CUST_005983,2021-11-08,2026-06-30,55,United States,Professional Services,Mid-Market,Enterprise,Annual,575.76,1
CUST_005984,2022-05-17,2026-06-30,49,United States,Healthcare,Small,Pro,Annual,100.5,1
CUST_005985,2025-09-22,2026-06-30,9,Germany,Finance,Mid-Market,Basic,Monthly,50.42,1
CUST_005986,2024-11-22,2026-06-30,19,United States,Retail,Small,Pro,Monthly,97.18,1
CUST_005987,2021-12-03,2026-06-30,54,United States,Manufacturing,Small,Pro,Annual,94.32,1
CUST_005988,2023-09-19,2026-06-30,33,India,Technology,Mid-Market,Business,Annual,266.04,1
CUST_005989,2022-02-25,2026-06-30,52,United States,Healthcare,Small,Basic,Annual,50.67,1
CUST_005990,2023-08-25,2026-06-30,34,India,Technology,Mid-Market,Business,Monthly,261.29,1
CUST_005991,2026-03-03,2026-06-30,3,United Kingdom,Technology,Small,Pro,Monthly,97.23,1
CUST_005992,2024-02-03,2026-06-30,28,Germany,Professional Services,Small,Basic,Monthly,46.97,1
CUST_005993,2022-05-12,2026-06-30,49,United Kingdom,Technology,Small,Pro,Monthly,96.36,0
CUST_005994,2023-03-13,2026-06-30,39,United States,Manufacturing,Small,Basic,Annual,45.27,1
CUST_005995,2025-10-05,2026-06-30,8,Australia,Finance,Small,Basic,Monthly,48.18,0
CUST_005996,2025-05-19,2026-06-30,13,Australia,Retail,Small,Pro,Annual,95.66,1
CUST_005997,2022-03-20,2026-06-30,51,United States,Professional Services,Small,Basic,Monthly,48.81,1
CUST_005998,2021-08-08,2026-06-30,58,Germany,Manufacturing,Small,Basic,Monthly,49.12,1
CUST_005999,2022-09-18,2026-06-30,45,United Kingdom,Professional Services,Mid-Market,Business,Monthly,250.13,1
CUST_006000,2025-12-06,2026-06-30,6,India,Finance,Mid-Market,Business,Annual,241.71,1
CUST_006001,2023-05-16,2026-06-30,37,Australia,Finance,Enterprise,Enterprise,Annual,563.41,1
CUST_006002,2022-05-04,2026-06-30,49,United States,Manufacturing,Mid-Market,Pro,Annual,91.86,1
CUST_006003,2023-04-08,2026-06-30,38,India,Manufacturing,Enterprise,Enterprise,Annual,604.85,1
CUST_006004,2023-06-30,2026-06-30,36,India,Manufacturing,Mid-Market,Basic,Annual,49.33,1
CUST_006005,2024-02-13,2026-06-30,28,Germany,Manufacturing,Mid-Market,Basic,Monthly,45.59,0
CUST_006006,2025-03-18,2026-06-30,15,United States,Technology,Mid-Market,Pro,Monthly,106.06,0
CUST_006007,2025-01-13,2026-06-30,17,Australia,Finance,Mid-Market,Business,Annual,259.39,1
CUST_006008,2022-10-01,2026-06-30,44,United Kingdom,Professional Services,Mid-Market,Business,Annual,236.28,1
CUST_006009,2026-01-26,2026-06-30,5,United States,Retail,Enterprise,Business,Monthly,252.31,0
CUST_006010,2025-12-31,2026-06-30,5,India,Manufacturing,Small,Pro,Monthly,98.32,0
CUST_006011,2024-06-18,2026-06-30,24,United Kingdom,Retail,Enterprise,Enterprise,Annual,606.89,1
CUST_006012,2022-08-10,2026-06-30,46,India,Professional Services,Small,Basic,Annual,49.42,1
CUST_006013,2023-03-09,2026-06-30,39,Germany,Professional Services,Small,Pro,Monthly,102.32,0
CUST_006014,2023-07-07,2026-06-30,35,United States,Finance,Small,Pro,Annual,106.32,1
CUST_006015,2023-10-16,2026-06-30,32,India,Professional Services,Mid-Market,Business,Monthly,252.72,0
CUST_006016,2025-11-14,2026-06-30,7,United Kingdom,Finance,Small,Basic,Monthly,50.31,0
CUST_006017,2024-10-13,2026-06-30,20,Canada,Healthcare,Small,Pro,Monthly,106.25,1
CUST_006018,2026-01-09,2026-06-30,5,Canada,Professional Services,Small,Basic,Monthly,47.68,1
CUST_006019,2022-09-09,2026-06-30,45,United States,Finance,Mid-Market,Business,Annual,237.38,1
CUST_006020,2022-09-22,2026-06-30,45,Germany,Finance,Small,Basic,Monthly,50.65,0
CUST_006021,2025-02-22,2026-06-30,16,Canada,Retail,Mid-Market,Basic,Monthly,46.0,1
CUST_006022,2024-12-22,2026-06-30,18,India,Professional Services,Mid-Market,Business,Annual,238.95,1
CUST_006023,2024-11-08,2026-06-30,19,India,Technology,Mid-Market,Pro,Monthly,106.45,0
CUST_006024,2022-01-16,2026-06-30,53,Germany,Manufacturing,Mid-Market,Business,Annual,227.61,1
CUST_006025,2024-01-06,2026-06-30,29,United States,Healthcare,Small,Pro,Monthly,100.5,0
CUST_006026,2022-09-02,2026-06-30,45,Germany,Healthcare,Enterprise,Business,Monthly,231.04,0
CUST_006027,2024-03-17,2026-06-30,27,United States,Manufacturing,Enterprise,Enterprise,Annual,611.3,1
CUST_006028,2022-12-25,2026-06-30,42,Australia,Retail,Small,Basic,Annual,53.49,1
CUST_006029,2023-10-26,2026-06-30,32,Canada,Manufacturing,Small,Pro,Monthly,93.99,0
CUST_006030,2025-01-16,2026-06-30,17,India,Manufacturing,Small,Basic,Monthly,43.85,1
CUST_006031,2022-02-09,2026-06-30,52,United States,Professional Services,Enterprise,Business,Annual,253.44,1
CUST_006032,2022-12-06,2026-06-30,42,United States,Manufacturing,Mid-Market,Business,Annual,241.19,1
CUST_006033,2022-08-20,2026-06-30,46,India,Technology,Enterprise,Enterprise,Annual,593.49,1
CUST_006034,2021-10-03,2026-06-30,56,United Kingdom,Manufacturing,Enterprise,Business,Annual,253.54,1
CUST_006035,2025-03-11,2026-06-30,15,India,Retail,Mid-Market,Pro,Annual,101.79,0
CUST_006036,2025-12-18,2026-06-30,6,India,Technology,Small,Pro,Monthly,101.84,0
CUST_006037,2023-07-21,2026-06-30,35,Canada,Retail,Small,Basic,Monthly,48.93,0
CUST_006038,2024-10-23,2026-06-30,20,Canada,Manufacturing,Small,Pro,Monthly,101.16,1
CUST_006039,2024-04-09,2026-06-30,26,United Kingdom,Technology,Small,Basic,Monthly,48.54,1
CUST_006040,2025-04-05,2026-06-30,14,Australia,Healthcare,Small,Basic,Monthly,48.19,0
CUST_006041,2024-06-15,2026-06-30,24,India,Healthcare,Small,Basic,Monthly,48.96,1
CUST_006042,2024-06-25,2026-06-30,24,United States,Healthcare,Mid-Market,Pro,Monthly,101.86,0
CUST_006043,2024-09-09,2026-06-30,21,Germany,Professional Services,Small,Pro,Annual,95.8,1
CUST_006044,2022-10-07,2026-06-30,44,United States,Technology,Mid-Market,Business,Annual,251.67,1
CUST_006045,2023-07-03,2026-06-30,35,United Kingdom,Manufacturing,Enterprise,Business,Annual,243.29,1
CUST_006046,2024-01-31,2026-06-30,28,Australia,Manufacturing,Small,Basic,Monthly,47.2,0
CUST_006047,2025-11-10,2026-06-30,7,India,Healthcare,Small,Basic,Monthly,51.58,1
CUST_006048,2023-08-11,2026-06-30,34,Canada,Healthcare,Small,Pro,Annual,100.84,1
CUST_006049,2025-07-21,2026-06-30,11,United States,Technology,Enterprise,Enterprise,Annual,610.39,1
CUST_006050,2024-11-14,2026-06-30,19,United States,Technology,Mid-Market,Pro,Monthly,94.32,0
CUST_006051,2024-05-17,2026-06-30,25,United States,Healthcare,Small,Pro,Annual,97.78,0
CUST_006052,2025-09-20,2026-06-30,9,United States,Technology,Mid-Market,Business,Annual,256.48,1
CUST_006053,2024-07-01,2026-06-30,23,India,Manufacturing,Mid-Market,Enterprise,Annual,610.15,1
CUST_006054,2025-02-06,2026-06-30,16,Canada,Retail,Small,Basic,Monthly,55.28,1
CUST_006055,2022-03-28,2026-06-30,51,United States,Technology,Mid-Market,Pro,Annual,100.09,1
CUST_006056,2022-03-10,2026-06-30,51,Germany,Finance,Small,Basic,Monthly,47.37,1
CUST_006057,2026-05-23,2026-06-30,1,United States,Professional Services,Small,Business,Monthly,243.58,1
CUST_006058,2023-06-15,2026-06-30,36,United States,Finance,Enterprise,Pro,Annual,94.76,1
CUST_006059,2023-04-08,2026-06-30,38,India,Manufacturing,Small,Basic,Monthly,47.42,0
CUST_006060,2024-07-22,2026-06-30,23,United States,Technology,Mid-Market,Business,Monthly,250.24,1
CUST_006061,2024-02-09,2026-06-30,28,Canada,Professional Services,Mid-Market,Business,Monthly,243.23,0
CUST_006062,2022-07-14,2026-06-30,47,United Kingdom,Healthcare,Small,Basic,Monthly,52.27,0
CUST_006063,2024-07-22,2026-06-30,23,United States,Healthcare,Mid-Market,Business,Monthly,259.97,0
CUST_006064,2026-02-05,2026-06-30,4,United States,Retail,Small,Basic,Monthly,51.12,1
CUST_006065,2024-08-01,2026-06-30,22,United States,Finance,Small,Pro,Annual,97.75,1
CUST_006066,2025-03-02,2026-06-30,15,United States,Manufacturing,Small,Pro,Monthly,103.52,1
CUST_006067,2024-07-14,2026-06-30,23,India,Technology,Enterprise,Pro,Monthly,104.06,0
CUST_006068,2025-04-13,2026-06-30,14,Canada,Technology,Enterprise,Pro,Annual,106.9,1
CUST_006069,2025-09-04,2026-06-30,9,Canada,Technology,Small,Enterprise,Annual,582.79,1
CUST_006070,2021-07-28,2026-06-30,59,United States,Retail,Small,Basic,Monthly,49.03,1
CUST_006071,2025-10-12,2026-06-30,8,India,Professional Services,Enterprise,Enterprise,Annual,576.51,1
CUST_006072,2022-12-11,2026-06-30,42,United States,Technology,Mid-Market,Pro,Monthly,112.06,0
CUST_006073,2022-11-20,2026-06-30,43,India,Professional Services,Small,Basic,Monthly,48.51,0
CUST_006074,2023-05-19,2026-06-30,37,United States,Manufacturing,Small,Pro,Monthly,105.32,1
CUST_006075,2021-12-07,2026-06-30,54,India,Technology,Small,Pro,Monthly,99.78,1
CUST_006076,2026-05-23,2026-06-30,1,United States,Technology,Small,Basic,Annual,51.15,1
CUST_006077,2024-12-06,2026-06-30,18,United States,Finance,Small,Basic,Monthly,48.96,1
CUST_006078,2025-07-05,2026-06-30,11,United Kingdom,Technology,Mid-Market,Business,Annual,260.49,0
CUST_006079,2023-07-31,2026-06-30,34,United States,Manufacturing,Mid-Market,Pro,Annual,100.37,1
CUST_006080,2023-04-17,2026-06-30,38,Germany,Healthcare,Small,Pro,Annual,107.44,0
CUST_006081,2022-01-01,2026-06-30,53,United Kingdom,Healthcare,Mid-Market,Business,Annual,252.81,1
CUST_006082,2024-07-19,2026-06-30,23,Germany,Manufacturing,Small,Pro,Monthly,95.42,0
CUST_006083,2025-04-03,2026-06-30,14,United States,Finance,Mid-Market,Basic,Monthly,50.27,0
CUST_006084,2021-11-14,2026-06-30,55,Germany,Professional Services,Small,Basic,Monthly,49.02,0
CUST_006085,2023-02-08,2026-06-30,40,United States,Retail,Small,Pro,Annual,94.12,1
CUST_006086,2022-08-28,2026-06-30,46,India,Finance,Small,Basic,Monthly,49.93,0
CUST_006087,2024-03-24,2026-06-30,27,Germany,Healthcare,Small,Basic,Monthly,47.49,1
CUST_006088,2024-03-19,2026-06-30,27,United Kingdom,Finance,Mid-Market,Enterprise,Annual,591.94,0
CUST_006089,2024-07-02,2026-06-30,23,India,Professional Services,Mid-Market,Business,Annual,249.51,1
CUST_006090,2022-09-24,2026-06-30,45,United Kingdom,Healthcare,Small,Basic,Monthly,44.03,0
CUST_006091,2025-05-18,2026-06-30,13,United Kingdom,Professional Services,Small,Pro,Annual,96.86,1
CUST_006092,2021-08-15,2026-06-30,58,United States,Professional Services,Mid-Market,Business,Annual,260.5,1
CUST_006093,2025-07-20,2026-06-30,11,Germany,Healthcare,Mid-Market,Pro,Annual,98.05,1
CUST_006094,2024-02-24,2026-06-30,28,United States,Manufacturing,Mid-Market,Pro,Monthly,89.59,1
CUST_006095,2024-11-13,2026-06-30,19,United States,Retail,Enterprise,Enterprise,Annual,596.55,1
CUST_006096,2023-04-04,2026-06-30,38,Australia,Technology,Mid-Market,Business,Annual,255.01,1
CUST_006097,2023-01-26,2026-06-30,41,United States,Professional Services,Small,Pro,Annual,97.53,1
CUST_006098,2021-11-24,2026-06-30,55,Germany,Healthcare,Mid-Market,Business,Monthly,245.69,0
CUST_006099,2022-07-15,2026-06-30,47,United States,Professional Services,Small,Basic,Monthly,47.91,1
CUST_006100,2025-03-11,2026-06-30,15,Canada,Retail,Mid-Market,Business,Annual,256.73,1
CUST_006101,2025-05-26,2026-06-30,13,India,Technology,Enterprise,Pro,Monthly,94.93,0
CUST_006102,2022-01-21,2026-06-30,53,United States,Healthcare,Small,Pro,Monthly,101.7,1
CUST_006103,2024-01-07,2026-06-30,29,United Kingdom,Technology,Small,Pro,Monthly,97.67,1
CUST_006104,2025-12-07,2026-06-30,6,United Kingdom,Technology,Small,Basic,Annual,52.07,1
CUST_006105,2022-05-12,2026-06-30,49,India,Manufacturing,Enterprise,Enterprise,Annual,584.46,1
CUST_006106,2023-03-25,2026-06-30,39,United States,Technology,Small,Basic,Monthly,46.28,1
CUST_006107,2026-04-16,2026-06-30,2,Australia,Professional Services,Mid-Market,Business,Annual,256.7,0
CUST_006108,2022-07-26,2026-06-30,47,Canada,Healthcare,Small,Basic,Monthly,50.21,1
CUST_006109,2023-06-06,2026-06-30,36,Canada,Healthcare,Small,Pro,Annual,101.04,1
CUST_006110,2023-05-24,2026-06-30,37,United States,Finance,Small,Basic,Monthly,51.07,1
CUST_006111,2022-03-01,2026-06-30,51,United States,Technology,Mid-Market,Business,Annual,236.53,1
CUST_006112,2023-12-24,2026-06-30,30,Canada,Retail,Small,Basic,Monthly,47.07,1
CUST_006113,2024-02-24,2026-06-30,28,United States,Finance,Enterprise,Pro,Monthly,105.53,1
CUST_006114,2023-05-19,2026-06-30,37,Canada,Retail,Mid-Market,Business,Annual,254.42,1
CUST_006115,2025-06-10,2026-06-30,12,United Kingdom,Retail,Enterprise,Enterprise,Annual,585.35,1
CUST_006116,2025-09-01,2026-06-30,9,Canada,Technology,Small,Basic,Monthly,44.68,1
CUST_006117,2022-04-08,2026-06-30,50,United States,Healthcare,Small,Basic,Monthly,45.95,1
CUST_006118,2025-05-10,2026-06-30,13,United States,Finance,Small,Pro,Monthly,94.26,1
CUST_006119,2023-12-08,2026-06-30,30,Canada,Technology,Small,Basic,Monthly,47.63,0
CUST_006120,2025-02-01,2026-06-30,16,United Kingdom,Manufacturing,Mid-Market,Business,Annual,252.8,1
CUST_006121,2025-04-13,2026-06-30,14,India,Technology,Small,Basic,Annual,45.65,1
CUST_006122,2023-06-23,2026-06-30,36,United Kingdom,Finance,Enterprise,Business,Annual,242.43,1
CUST_006123,2022-06-21,2026-06-30,48,Germany,Healthcare,Small,Basic,Monthly,45.9,0
CUST_006124,2024-03-29,2026-06-30,27,United States,Healthcare,Small,Business,Annual,243.75,1
CUST_006125,2025-09-24,2026-06-30,9,India,Professional Services,Mid-Market,Basic,Monthly,54.84,0
CUST_006126,2025-03-19,2026-06-30,15,United States,Professional Services,Small,Basic,Monthly,51.91,1
CUST_006127,2025-08-09,2026-06-30,10,United States,Manufacturing,Small,Basic,Monthly,50.41,0
CUST_006128,2022-01-28,2026-06-30,53,United States,Healthcare,Enterprise,Enterprise,Annual,583.36,1
CUST_006129,2024-11-04,2026-06-30,19,United States,Healthcare,Small,Basic,Annual,46.36,1
CUST_006130,2024-07-29,2026-06-30,23,Australia,Technology,Mid-Market,Business,Monthly,247.92,0
CUST_006131,2026-01-24,2026-06-30,5,United States,Professional Services,Small,Basic,Monthly,45.19,0
CUST_006132,2024-03-22,2026-06-30,27,United States,Healthcare,Small,Pro,Annual,102.21,1
CUST_006133,2021-12-03,2026-06-30,54,United States,Finance,Small,Pro,Annual,98.02,1
CUST_006134,2024-05-26,2026-06-30,25,India,Retail,Mid-Market,Pro,Annual,98.86,1
CUST_006135,2023-03-20,2026-06-30,39,Australia,Manufacturing,Small,Business,Monthly,228.28,1
CUST_006136,2025-07-09,2026-06-30,11,India,Healthcare,Small,Business,Annual,249.62,1
CUST_006137,2025-09-17,2026-06-30,9,India,Technology,Small,Basic,Monthly,48.41,0
CUST_006138,2022-10-26,2026-06-30,44,India,Professional Services,Enterprise,Enterprise,Annual,570.35,1
CUST_006139,2026-02-03,2026-06-30,4,Canada,Technology,Small,Pro,Monthly,100.11,1
CUST_006140,2024-03-18,2026-06-30,27,United States,Professional Services,Mid-Market,Business,Annual,244.04,0
CUST_006141,2024-11-09,2026-06-30,19,United States,Healthcare,Small,Pro,Monthly,100.46,1
CUST_006142,2026-05-02,2026-06-30,1,United States,Professional Services,Small,Pro,Annual,102.06,1
CUST_006143,2023-10-21,2026-06-30,32,Germany,Professional Services,Small,Basic,Monthly,46.34,0
CUST_006144,2021-09-04,2026-06-30,57,United States,Healthcare,Small,Pro,Monthly,99.53,0
CUST_006145,2026-01-27,2026-06-30,5,United States,Manufacturing,Small,Basic,Monthly,49.22,0
CUST_006146,2022-05-28,2026-06-30,49,Germany,Technology,Small,Pro,Monthly,105.16,0
CUST_006147,2023-10-07,2026-06-30,32,United States,Technology,Mid-Market,Pro,Monthly,103.16,1
CUST_006148,2022-11-10,2026-06-30,43,United States,Finance,Small,Pro,Annual,97.28,1
CUST_006149,2025-12-09,2026-06-30,6,United States,Retail,Small,Pro,Annual,96.89,1
CUST_006150,2022-02-21,2026-06-30,52,Germany,Technology,Small,Basic,Monthly,49.37,0
CUST_006151,2026-05-11,2026-06-30,1,United States,Healthcare,Small,Pro,Monthly,93.44,1
CUST_006152,2021-12-16,2026-06-30,54,United States,Professional Services,Small,Pro,Annual,94.18,1
CUST_006153,2023-03-08,2026-06-30,39,United States,Professional Services,Small,Basic,Monthly,47.85,1
CUST_006154,2024-10-03,2026-06-30,20,Germany,Technology,Small,Basic,Monthly,43.16,0
CUST_006155,2026-05-19,2026-06-30,1,United States,Healthcare,Small,Basic,Monthly,46.58,0
CUST_006156,2023-05-31,2026-06-30,36,United States,Technology,Small,Basic,Monthly,48.19,1
CUST_006157,2025-12-26,2026-06-30,6,India,Finance,Small,Pro,Monthly,112.64,1
CUST_006158,2023-06-04,2026-06-30,36,India,Professional Services,Small,Basic,Monthly,47.42,0
CUST_006159,2022-08-13,2026-06-30,46,United States,Professional Services,Small,Pro,Monthly,102.27,1
CUST_006160,2025-02-06,2026-06-30,16,United States,Technology,Small,Basic,Annual,48.51,1
CUST_006161,2025-03-29,2026-06-30,15,United States,Technology,Small,Basic,Annual,50.08,1
CUST_006162,2025-04-28,2026-06-30,14,Germany,Finance,Small,Pro,Monthly,93.64,0
CUST_006163,2025-04-23,2026-06-30,14,United States,Healthcare,Enterprise,Business,Annual,229.76,1
CUST_006164,2025-11-08,2026-06-30,7,India,Technology,Small,Pro,Annual,105.82,0
CUST_006165,2025-03-09,2026-06-30,15,Australia,Technology,Small,Basic,Annual,45.74,1
CUST_006166,2023-03-05,2026-06-30,39,United Kingdom,Healthcare,Mid-Market,Business,Annual,267.47,1
CUST_006167,2024-12-04,2026-06-30,18,United States,Technology,Small,Pro,Monthly,97.16,1
CUST_006168,2022-07-30,2026-06-30,47,India,Professional Services,Small,Pro,Annual,94.91,1
CUST_006169,2022-05-22,2026-06-30,49,Germany,Manufacturing,Enterprise,Enterprise,Annual,583.53,1
CUST_006170,2022-09-04,2026-06-30,45,Australia,Healthcare,Small,Basic,Annual,52.93,1
CUST_006171,2023-10-06,2026-06-30,32,United States,Healthcare,Mid-Market,Business,Annual,240.3,0
CUST_006172,2024-11-10,2026-06-30,19,Germany,Professional Services,Small,Basic,Monthly,48.06,1
CUST_006173,2021-11-04,2026-06-30,55,Australia,Technology,Small,Pro,Monthly,103.83,0
CUST_006174,2025-05-28,2026-06-30,13,India,Professional Services,Small,Basic,Monthly,50.16,0
CUST_006175,2024-02-18,2026-06-30,28,United Kingdom,Technology,Mid-Market,Pro,Monthly,109.28,1
CUST_006176,2024-03-08,2026-06-30,27,Canada,Professional Services,Small,Basic,Monthly,51.85,1
CUST_006177,2022-10-01,2026-06-30,44,Canada,Technology,Mid-Market,Pro,Monthly,95.55,1
CUST_006178,2023-09-23,2026-06-30,33,Germany,Manufacturing,Enterprise,Business,Monthly,265.22,1
CUST_006179,2022-06-26,2026-06-30,48,India,Technology,Enterprise,Pro,Annual,89.49,1
CUST_006180,2021-11-24,2026-06-30,55,United Kingdom,Manufacturing,Small,Basic,Annual,50.89,1
CUST_006181,2024-06-29,2026-06-30,24,United States,Retail,Mid-Market,Basic,Monthly,47.4,1
CUST_006182,2022-02-11,2026-06-30,52,United States,Technology,Mid-Market,Basic,Annual,50.46,1
CUST_006183,2025-07-31,2026-06-30,10,United Kingdom,Manufacturing,Mid-Market,Business,Annual,273.45,1
CUST_006184,2021-11-29,2026-06-30,54,India,Technology,Enterprise,Enterprise,Annual,548.97,1
CUST_006185,2025-07-16,2026-06-30,11,United States,Healthcare,Mid-Market,Pro,Annual,103.57,1
CUST_006186,2022-03-27,2026-06-30,51,United States,Finance,Mid-Market,Pro,Annual,103.16,1
CUST_006187,2024-06-30,2026-06-30,23,India,Manufacturing,Small,Basic,Monthly,50.62,0
CUST_006188,2021-09-03,2026-06-30,57,Canada,Professional Services,Small,Pro,Annual,94.15,1
CUST_006189,2025-10-12,2026-06-30,8,United States,Healthcare,Mid-Market,Enterprise,Annual,596.32,1
CUST_006190,2024-02-16,2026-06-30,28,United States,Manufacturing,Mid-Market,Pro,Monthly,94.23,1
CUST_006191,2021-12-25,2026-06-30,54,Canada,Professional Services,Mid-Market,Basic,Monthly,50.05,0
CUST_006192,2026-03-07,2026-06-30,3,United States,Retail,Small,Basic,Annual,45.8,1
CUST_006193,2025-02-10,2026-06-30,16,United Kingdom,Finance,Small,Basic,Annual,47.93,0
CUST_006194,2026-01-02,2026-06-30,5,United Kingdom,Healthcare,Enterprise,Basic,Monthly,50.54,0
CUST_006195,2024-11-01,2026-06-30,19,United Kingdom,Technology,Small,Pro,Monthly,95.37,0
CUST_006196,2024-06-30,2026-06-30,23,United Kingdom,Healthcare,Mid-Market,Pro,Monthly,97.04,0
CUST_006197,2023-05-17,2026-06-30,37,United States,Technology,Mid-Market,Basic,Monthly,46.78,0
CUST_006198,2025-02-23,2026-06-30,16,United States,Manufacturing,Small,Pro,Annual,100.27,1
CUST_006199,2025-08-20,2026-06-30,10,United States,Retail,Small,Pro,Monthly,98.32,0
CUST_006200,2025-07-30,2026-06-30,11,United States,Retail,Small,Basic,Monthly,47.21,1
CUST_006201,2021-10-20,2026-06-30,56,Germany,Technology,Mid-Market,Business,Annual,241.15,1
CUST_006202,2021-09-23,2026-06-30,57,United States,Technology,Small,Basic,Monthly,49.39,1
CUST_006203,2025-04-29,2026-06-30,14,United Kingdom,Manufacturing,Enterprise,Business,Annual,235.83,1
CUST_006204,2025-06-15,2026-06-30,12,United States,Healthcare,Mid-Market,Pro,Monthly,98.78,0
CUST_006205,2026-02-23,2026-06-30,4,United States,Professional Services,Small,Basic,Monthly,49.08,1
CUST_006206,2021-09-12,2026-06-30,57,United States,Healthcare,Small,Basic,Monthly,49.38,1
CUST_006207,2022-12-11,2026-06-30,42,Canada,Technology,Small,Pro,Annual,96.38,1
CUST_006208,2022-09-04,2026-06-30,45,United Kingdom,Retail,Small,Pro,Monthly,102.0,0
CUST_006209,2024-12-26,2026-06-30,18,Australia,Manufacturing,Small,Basic,Monthly,51.36,1
CUST_006210,2023-04-07,2026-06-30,38,United States,Technology,Small,Basic,Monthly,50.59,0
CUST_006211,2026-02-13,2026-06-30,4,United Kingdom,Retail,Enterprise,Business,Annual,251.61,1
CUST_006212,2023-02-03,2026-06-30,40,Australia,Technology,Mid-Market,Pro,Monthly,91.94,0
CUST_006213,2023-07-26,2026-06-30,35,United States,Finance,Mid-Market,Business,Annual,269.86,1
CUST_006214,2024-10-14,2026-06-30,20,United States,Technology,Mid-Market,Basic,Monthly,49.14,0
CUST_006215,2022-12-03,2026-06-30,42,United States,Retail,Mid-Market,Business,Annual,252.88,1
CUST_006216,2023-03-28,2026-06-30,39,United States,Manufacturing,Enterprise,Enterprise,Annual,577.88,1
CUST_006217,2024-04-03,2026-06-30,26,India,Technology,Small,Pro,Monthly,97.94,1
CUST_006218,2025-06-30,2026-06-30,11,United States,Manufacturing,Mid-Market,Pro,Monthly,104.84,1
CUST_006219,2026-04-19,2026-06-30,2,United Kingdom,Manufacturing,Enterprise,Business,Annual,258.74,1
CUST_006220,2021-10-21,2026-06-30,56,Germany,Healthcare,Enterprise,Business,Annual,245.12,1
CUST_006221,2025-01-11,2026-06-30,17,United States,Technology,Small,Pro,Monthly,106.56,1
CUST_006222,2024-12-06,2026-06-30,18,United Kingdom,Finance,Enterprise,Enterprise,Annual,568.77,1
CUST_006223,2023-01-25,2026-06-30,41,United States,Technology,Small,Basic,Monthly,44.88,0
CUST_006224,2025-02-27,2026-06-30,16,Canada,Professional Services,Small,Basic,Monthly,44.27,0
CUST_006225,2024-07-26,2026-06-30,23,United States,Manufacturing,Small,Basic,Monthly,50.95,1
CUST_006226,2022-12-02,2026-06-30,42,United States,Technology,Small,Basic,Monthly,47.29,1
CUST_006227,2023-06-28,2026-06-30,36,United States,Healthcare,Small,Basic,Monthly,48.66,0
CUST_006228,2023-03-10,2026-06-30,39,Germany,Finance,Small,Business,Annual,262.62,1
CUST_006229,2026-05-23,2026-06-30,1,Germany,Technology,Small,Pro,Monthly,100.63,1
CUST_006230,2024-03-12,2026-06-30,27,Germany,Finance,Mid-Market,Pro,Monthly,93.13,1
CUST_006231,2024-01-29,2026-06-30,29,United States,Technology,Enterprise,Enterprise,Annual,647.64,1
CUST_006232,2023-04-22,2026-06-30,38,India,Technology,Enterprise,Business,Annual,245.38,1
CUST_006233,2025-09-02,2026-06-30,9,United States,Finance,Mid-Market,Enterprise,Annual,597.11,1
CUST_006234,2025-08-18,2026-06-30,10,Australia,Healthcare,Enterprise,Enterprise,Annual,577.65,1
CUST_006235,2022-09-01,2026-06-30,45,Germany,Healthcare,Small,Basic,Annual,46.27,1
CUST_006236,2023-02-08,2026-06-30,40,United Kingdom,Healthcare,Small,Pro,Monthly,100.14,1
CUST_006237,2022-06-05,2026-06-30,48,Canada,Finance,Small,Basic,Monthly,45.47,1
CUST_006238,2025-01-31,2026-06-30,16,Germany,Healthcare,Small,Basic,Monthly,48.8,0
CUST_006239,2021-07-06,2026-06-30,59,Germany,Healthcare,Mid-Market,Pro,Monthly,106.85,1
CUST_006240,2025-01-27,2026-06-30,17,United States,Professional Services,Small,Basic,Annual,50.84,0
CUST_006241,2023-03-20,2026-06-30,39,Australia,Technology,Enterprise,Pro,Annual,100.0,1
CUST_006242,2025-08-13,2026-06-30,10,United States,Retail,Small,Business,Annual,235.33,1
CUST_006243,2021-11-25,2026-06-30,55,Canada,Technology,Small,Basic,Monthly,48.85,0
CUST_006244,2024-10-12,2026-06-30,20,United Kingdom,Finance,Small,Pro,Annual,95.06,1
CUST_006245,2022-06-21,2026-06-30,48,Australia,Healthcare,Small,Basic,Monthly,52.53,1
CUST_006246,2024-10-14,2026-06-30,20,Canada,Manufacturing,Enterprise,Enterprise,Annual,584.81,0
CUST_006247,2022-07-12,2026-06-30,47,United States,Professional Services,Mid-Market,Business,Annual,239.21,1
CUST_006248,2024-03-07,2026-06-30,27,Canada,Healthcare,Small,Pro,Annual,97.92,1
CUST_006249,2026-02-08,2026-06-30,4,United States,Finance,Mid-Market,Business,Annual,239.27,1
CUST_006250,2025-06-24,2026-06-30,12,United Kingdom,Manufacturing,Small,Basic,Annual,49.58,1
CUST_006251,2023-01-21,2026-06-30,41,Canada,Technology,Small,Pro,Monthly,108.02,0
CUST_006252,2025-06-19,2026-06-30,12,Australia,Healthcare,Small,Pro,Annual,99.04,1
CUST_006253,2025-01-22,2026-06-30,17,United States,Professional Services,Small,Basic,Annual,46.74,1
CUST_006254,2023-10-02,2026-06-30,32,United States,Healthcare,Mid-Market,Basic,Monthly,48.61,1
CUST_006255,2025-03-03,2026-06-30,15,Canada,Retail,Mid-Market,Enterprise,Annual,560.94,1
CUST_006256,2025-10-12,2026-06-30,8,United States,Technology,Small,Pro,Monthly,113.22,0
CUST_006257,2023-05-07,2026-06-30,37,United States,Technology,Mid-Market,Business,Annual,271.42,1
CUST_006258,2023-01-11,2026-06-30,41,United States,Professional Services,Mid-Market,Business,Annual,264.53,1
CUST_006259,2022-10-24,2026-06-30,44,Canada,Technology,Small,Pro,Annual,102.72,1
CUST_006260,2021-10-10,2026-06-30,56,United States,Finance,Small,Basic,Monthly,48.59,1
CUST_006261,2025-10-20,2026-06-30,8,United Kingdom,Healthcare,Small,Basic,Monthly,48.65,0
CUST_006262,2024-04-25,2026-06-30,26,India,Finance,Small,Basic,Monthly,48.46,0
CUST_006263,2025-04-06,2026-06-30,14,United Kingdom,Technology,Small,Basic,Annual,54.82,0
CUST_006264,2021-12-26,2026-06-30,54,United States,Technology,Small,Basic,Annual,48.53,1
CUST_006265,2023-10-06,2026-06-30,32,United States,Healthcare,Small,Business,Annual,241.98,1
CUST_006266,2025-12-06,2026-06-30,6,United States,Healthcare,Mid-Market,Business,Monthly,247.7,1
CUST_006267,2023-01-05,2026-06-30,41,United Kingdom,Manufacturing,Small,Pro,Annual,101.56,1
CUST_006268,2026-03-15,2026-06-30,3,Germany,Finance,Enterprise,Enterprise,Annual,494.7,0
CUST_006269,2025-01-24,2026-06-30,17,United States,Professional Services,Small,Basic,Annual,49.96,1
CUST_006270,2022-11-14,2026-06-30,43,United States,Finance,Small,Basic,Monthly,42.77,1
CUST_006271,2023-12-05,2026-06-30,30,United States,Finance,Mid-Market,Business,Annual,267.33,1
CUST_006272,2022-09-03,2026-06-30,45,United States,Professional Services,Small,Basic,Monthly,44.78,1
CUST_006273,2023-08-10,2026-06-30,34,India,Professional Services,Enterprise,Business,Annual,239.0,1
CUST_006274,2022-04-09,2026-06-30,50,United States,Finance,Small,Pro,Annual,89.51,1
CUST_006275,2023-08-26,2026-06-30,34,United States,Finance,Small,Basic,Monthly,53.41,0
CUST_006276,2026-02-19,2026-06-30,4,United States,Professional Services,Mid-Market,Pro,Annual,98.94,1
CUST_006277,2026-01-24,2026-06-30,5,United States,Technology,Mid-Market,Business,Annual,276.72,1
CUST_006278,2022-08-06,2026-06-30,46,United States,Finance,Mid-Market,Enterprise,Annual,658.54,1
CUST_006279,2026-03-23,2026-06-30,3,Canada,Healthcare,Mid-Market,Pro,Monthly,105.18,1
CUST_006280,2024-07-25,2026-06-30,23,United States,Professional Services,Small,Basic,Monthly,45.57,1
CUST_006281,2026-05-03,2026-06-30,1,United States,Retail,Mid-Market,Enterprise,Annual,603.96,1
CUST_006282,2024-12-03,2026-06-30,18,United Kingdom,Healthcare,Mid-Market,Enterprise,Annual,639.92,1
CUST_006283,2023-06-28,2026-06-30,36,Canada,Professional Services,Mid-Market,Pro,Annual,100.92,1
CUST_006284,2025-07-25,2026-06-30,11,United States,Technology,Small,Pro,Monthly,97.17,1
CUST_006285,2024-02-15,2026-06-30,28,India,Manufacturing,Enterprise,Enterprise,Annual,609.53,1
CUST_006286,2021-07-09,2026-06-30,59,United States,Technology,Mid-Market,Basic,Annual,50.1,1
CUST_006287,2026-01-25,2026-06-30,5,India,Manufacturing,Small,Pro,Monthly,91.69,1
CUST_006288,2026-02-06,2026-06-30,4,India,Healthcare,Small,Basic,Monthly,47.61,0
CUST_006289,2025-01-30,2026-06-30,16,Canada,Finance,Mid-Market,Business,Monthly,257.13,1
CUST_006290,2022-05-08,2026-06-30,49,United States,Healthcare,Enterprise,Pro,Annual,103.33,1
CUST_006291,2024-06-02,2026-06-30,24,Australia,Professional Services,Small,Pro,Monthly,100.2,1
CUST_006292,2023-04-10,2026-06-30,38,United States,Healthcare,Enterprise,Enterprise,Annual,586.78,1
CUST_006293,2026-04-01,2026-06-30,2,United States,Technology,Small,Basic,Monthly,48.53,0
CUST_006294,2022-10-20,2026-06-30,44,United Kingdom,Technology,Small,Pro,Monthly,95.27,1
CUST_006295,2026-01-30,2026-06-30,4,Canada,Retail,Mid-Market,Pro,Annual,98.48,1
CUST_006296,2022-12-01,2026-06-30,42,India,Retail,Small,Basic,Annual,51.08,1
CUST_006297,2025-09-08,2026-06-30,9,Germany,Healthcare,Small,Business,Annual,279.23,1
CUST_006298,2022-03-13,2026-06-30,51,India,Technology,Mid-Market,Enterprise,Annual,562.93,1
CUST_006299,2024-12-16,2026-06-30,18,Germany,Manufacturing,Small,Pro,Monthly,105.27,1
CUST_006300,2025-07-06,2026-06-30,11,United Kingdom,Finance,Small,Pro,Monthly,100.89,0
CUST_006301,2024-10-04,2026-06-30,20,Canada,Technology,Small,Basic,Monthly,45.08,1
CUST_006302,2026-05-30,2026-06-30,1,India,Healthcare,Small,Basic,Monthly,48.76,0
CUST_006303,2025-08-08,2026-06-30,10,India,Healthcare,Small,Pro,Annual,98.1,1
CUST_006304,2023-06-22,2026-06-30,36,Australia,Professional Services,Small,Pro,Annual,98.99,1
CUST_006305,2024-12-08,2026-06-30,18,Australia,Retail,Enterprise,Business,Annual,262.04,1
CUST_006306,2024-09-03,2026-06-30,21,United Kingdom,Technology,Mid-Market,Pro,Annual,108.78,1
CUST_006307,2022-06-13,2026-06-30,48,United States,Professional Services,Mid-Market,Business,Monthly,265.12,1
CUST_006308,2025-10-21,2026-06-30,8,India,Finance,Small,Basic,Monthly,49.52,1
CUST_006309,2024-06-20,2026-06-30,24,United States,Professional Services,Small,Pro,Monthly,100.6,1
CUST_006310,2025-07-01,2026-06-30,11,United States,Finance,Enterprise,Business,Monthly,274.88,0
CUST_006311,2024-01-16,2026-06-30,29,Canada,Professional Services,Mid-Market,Business,Annual,235.82,1
CUST_006312,2024-10-13,2026-06-30,20,United Kingdom,Professional Services,Mid-Market,Pro,Monthly,105.15,1
CUST_006313,2026-03-10,2026-06-30,3,United Kingdom,Professional Services,Small,Pro,Monthly,93.32,1
CUST_006314,2026-01-25,2026-06-30,5,United States,Technology,Mid-Market,Enterprise,Annual,553.31,1
CUST_006315,2022-03-24,2026-06-30,51,United States,Professional Services,Small,Basic,Annual,50.55,1
CUST_006316,2026-02-18,2026-06-30,4,United States,Manufacturing,Small,Business,Annual,228.36,1
CUST_006317,2022-07-27,2026-06-30,47,United States,Finance,Mid-Market,Pro,Annual,97.06,1
CUST_006318,2021-11-29,2026-06-30,54,United States,Healthcare,Small,Basic,Monthly,52.37,1
CUST_006319,2024-02-15,2026-06-30,28,Germany,Retail,Small,Pro,Monthly,94.48,1
CUST_006320,2024-11-17,2026-06-30,19,United States,Professional Services,Small,Basic,Monthly,53.4,0
CUST_006321,2022-08-07,2026-06-30,46,United States,Manufacturing,Mid-Market,Pro,Annual,87.83,1
CUST_006322,2021-08-02,2026-06-30,58,United States,Healthcare,Mid-Market,Business,Annual,262.0,0
CUST_006323,2025-10-27,2026-06-30,8,Canada,Retail,Small,Basic,Monthly,45.61,0
CUST_006324,2021-09-03,2026-06-30,57,India,Technology,Enterprise,Enterprise,Annual,593.18,1
CUST_006325,2021-10-10,2026-06-30,56,United States,Healthcare,Small,Basic,Monthly,49.53,0
CUST_006326,2025-09-18,2026-06-30,9,United States,Manufacturing,Enterprise,Business,Annual,245.49,1
CUST_006327,2026-02-22,2026-06-30,4,Germany,Retail,Mid-Market,Pro,Annual,97.73,1
CUST_006328,2022-11-25,2026-06-30,43,United States,Manufacturing,Enterprise,Business,Annual,230.94,1
CUST_006329,2026-01-12,2026-06-30,5,Australia,Healthcare,Mid-Market,Business,Annual,266.62,1
CUST_006330,2023-06-18,2026-06-30,36,India,Finance,Small,Basic,Monthly,45.99,0
CUST_006331,2026-02-04,2026-06-30,4,United Kingdom,Manufacturing,Small,Pro,Monthly,92.91,1
CUST_006332,2023-01-08,2026-06-30,41,India,Technology,Mid-Market,Pro,Monthly,98.52,1
CUST_006333,2025-04-11,2026-06-30,14,Canada,Professional Services,Mid-Market,Pro,Annual,95.55,1
CUST_006334,2025-12-10,2026-06-30,6,Canada,Professional Services,Mid-Market,Business,Annual,259.44,1
CUST_006335,2026-02-01,2026-06-30,4,United States,Professional Services,Mid-Market,Pro,Monthly,96.36,0
CUST_006336,2025-06-27,2026-06-30,12,United States,Professional Services,Small,Basic,Monthly,49.0,0
CUST_006337,2023-10-04,2026-06-30,32,United States,Healthcare,Small,Basic,Monthly,49.28,0
CUST_006338,2026-01-14,2026-06-30,5,Canada,Healthcare,Small,Basic,Monthly,51.39,0
CUST_006339,2022-06-21,2026-06-30,48,Canada,Professional Services,Mid-Market,Business,Monthly,242.43,0
CUST_006340,2023-06-12,2026-06-30,36,United States,Finance,Mid-Market,Enterprise,Annual,548.93,1
CUST_006341,2024-12-14,2026-06-30,18,United Kingdom,Professional Services,Mid-Market,Basic,Monthly,47.02,0
CUST_006342,2021-07-26,2026-06-30,59,United States,Technology,Mid-Market,Business,Annual,263.16,0
CUST_006343,2023-03-06,2026-06-30,39,United States,Professional Services,Small,Basic,Monthly,49.85,0
CUST_006344,2023-02-10,2026-06-30,40,United States,Healthcare,Small,Pro,Monthly,97.17,1
CUST_006345,2025-07-23,2026-06-30,11,Germany,Professional Services,Small,Basic,Annual,49.15,1
CUST_006346,2022-12-03,2026-06-30,42,Canada,Healthcare,Small,Basic,Monthly,48.35,1
CUST_006347,2023-09-01,2026-06-30,33,Germany,Retail,Mid-Market,Pro,Annual,102.9,1
CUST_006348,2021-07-29,2026-06-30,59,United States,Professional Services,Mid-Market,Business,Annual,253.2,1
CUST_006349,2024-01-24,2026-06-30,29,Canada,Healthcare,Enterprise,Basic,Monthly,48.32,1
CUST_006350,2023-01-30,2026-06-30,40,India,Technology,Small,Pro,Annual,103.54,0
CUST_006351,2024-09-26,2026-06-30,21,United States,Technology,Mid-Market,Pro,Monthly,104.83,1
CUST_006352,2026-03-20,2026-06-30,3,Canada,Retail,Mid-Market,Enterprise,Annual,571.47,1
CUST_006353,2025-10-14,2026-06-30,8,United States,Retail,Small,Business,Annual,237.78,1
CUST_006354,2022-02-25,2026-06-30,52,United States,Retail,Mid-Market,Business,Annual,278.89,1
CUST_006355,2022-10-15,2026-06-30,44,Canada,Technology,Enterprise,Enterprise,Annual,617.75,1
CUST_006356,2024-08-15,2026-06-30,22,United States,Technology,Small,Pro,Monthly,107.26,0
CUST_006357,2022-12-26,2026-06-30,42,Canada,Professional Services,Mid-Market,Business,Annual,260.11,1
CUST_006358,2026-05-24,2026-06-30,1,India,Retail,Small,Basic,Monthly,50.13,0
CUST_006359,2026-03-26,2026-06-30,3,United States,Technology,Small,Pro,Monthly,88.42,1
CUST_006360,2023-12-03,2026-06-30,30,United States,Technology,Small,Basic,Annual,46.01,1
CUST_006361,2023-05-06,2026-06-30,37,Australia,Technology,Small,Pro,Annual,102.22,1
CUST_006362,2021-10-23,2026-06-30,56,Canada,Manufacturing,Mid-Market,Business,Annual,237.73,1
CUST_006363,2022-09-06,2026-06-30,45,India,Manufacturing,Small,Pro,Monthly,98.27,0
CUST_006364,2025-02-24,2026-06-30,16,United States,Retail,Mid-Market,Pro,Annual,103.51,1
CUST_006365,2022-05-29,2026-06-30,49,United Kingdom,Retail,Enterprise,Business,Monthly,250.69,0
CUST_006366,2023-12-31,2026-06-30,29,India,Professional Services,Mid-Market,Pro,Monthly,100.97,0
CUST_006367,2022-05-10,2026-06-30,49,United States,Finance,Small,Pro,Monthly,105.87,1
CUST_006368,2025-07-24,2026-06-30,11,Australia,Finance,Small,Basic,Monthly,52.64,1
CUST_006369,2026-04-14,2026-06-30,2,United Kingdom,Healthcare,Small,Business,Monthly,248.3,1
CUST_006370,2026-02-17,2026-06-30,4,Australia,Professional Services,Small,Pro,Annual,105.31,1
CUST_006371,2021-07-18,2026-06-30,59,United States,Retail,Small,Pro,Monthly,94.24,1
CUST_006372,2026-01-07,2026-06-30,5,Canada,Healthcare,Mid-Market,Enterprise,Annual,605.79,1
CUST_006373,2021-10-18,2026-06-30,56,United States,Manufacturing,Mid-Market,Pro,Annual,101.8,1
CUST_006374,2022-11-04,2026-06-30,43,India,Technology,Small,Pro,Monthly,98.48,1
CUST_006375,2025-09-11,2026-06-30,9,United States,Healthcare,Small,Basic,Monthly,48.46,1
CUST_006376,2022-03-02,2026-06-30,51,United States,Retail,Enterprise,Business,Monthly,235.06,1
CUST_006377,2025-09-15,2026-06-30,9,India,Professional Services,Enterprise,Pro,Monthly,98.82,1
CUST_006378,2025-09-16,2026-06-30,9,United States,Technology,Mid-Market,Basic,Annual,45.06,1
CUST_006379,2023-08-02,2026-06-30,34,United Kingdom,Healthcare,Mid-Market,Pro,Monthly,98.34,1
CUST_006380,2024-12-30,2026-06-30,17,United States,Professional Services,Mid-Market,Pro,Monthly,99.3,0
CUST_006381,2024-12-25,2026-06-30,18,United Kingdom,Manufacturing,Small,Business,Monthly,258.28,1
CUST_006382,2025-06-15,2026-06-30,12,United States,Retail,Enterprise,Business,Annual,234.36,1
CUST_006383,2023-06-06,2026-06-30,36,Canada,Finance,Small,Business,Monthly,253.23,0
CUST_006384,2026-04-13,2026-06-30,2,United Kingdom,Technology,Mid-Market,Business,Monthly,256.09,1
CUST_006385,2025-03-18,2026-06-30,15,United States,Finance,Small,Pro,Monthly,98.89,1
CUST_006386,2023-09-11,2026-06-30,33,United States,Finance,Mid-Market,Business,Annual,254.57,1
CUST_006387,2024-01-09,2026-06-30,29,United States,Manufacturing,Mid-Market,Enterprise,Monthly,607.08,1
CUST_006388,2022-12-22,2026-06-30,42,Germany,Manufacturing,Mid-Market,Pro,Monthly,86.13,1
CUST_006389,2025-05-08,2026-06-30,13,United States,Professional Services,Small,Basic,Monthly,46.74,0
CUST_006390,2023-03-26,2026-06-30,39,United States,Technology,Mid-Market,Pro,Monthly,109.61,0
CUST_006391,2022-09-05,2026-06-30,45,United States,Finance,Mid-Market,Pro,Monthly,102.25,1
CUST_006392,2024-07-04,2026-06-30,23,Canada,Manufacturing,Mid-Market,Pro,Annual,96.02,1
CUST_006393,2025-02-25,2026-06-30,16,Germany,Technology,Small,Basic,Monthly,49.9,0
CUST_006394,2023-09-08,2026-06-30,33,Canada,Technology,Small,Business,Annual,257.85,1
CUST_006395,2023-07-27,2026-06-30,35,India,Finance,Mid-Market,Pro,Annual,106.63,1
CUST_006396,2025-12-14,2026-06-30,6,Germany,Technology,Small,Business,Annual,244.15,1
CUST_006397,2023-08-21,2026-06-30,34,Australia,Technology,Mid-Market,Pro,Monthly,96.05,1
CUST_006398,2025-08-28,2026-06-30,10,Germany,Finance,Small,Pro,Monthly,96.54,1
CUST_006399,2023-08-14,2026-06-30,34,United States,Professional Services,Mid-Market,Pro,Monthly,96.17,0
CUST_006400,2021-11-01,2026-06-30,55,India,Technology,Small,Business,Monthly,241.47,0
CUST_006401,2023-10-10,2026-06-30,32,Australia,Retail,Mid-Market,Business,Annual,251.33,1
CUST_006402,2022-09-03,2026-06-30,45,United Kingdom,Retail,Small,Basic,Monthly,47.97,0
CUST_006403,2024-11-22,2026-06-30,19,United States,Healthcare,Small,Business,Annual,248.23,1
CUST_006404,2021-11-17,2026-06-30,55,United States,Healthcare,Small,Basic,Monthly,53.59,0
CUST_006405,2022-06-03,2026-06-30,48,United Kingdom,Technology,Enterprise,Enterprise,Annual,570.31,1
CUST_006406,2021-11-28,2026-06-30,55,Canada,Technology,Small,Basic,Monthly,49.83,1
CUST_006407,2022-10-08,2026-06-30,44,Germany,Healthcare,Small,Basic,Monthly,46.22,0
CUST_006408,2023-03-23,2026-06-30,39,United States,Professional Services,Small,Basic,Monthly,51.27,1
CUST_006409,2023-11-01,2026-06-30,31,Canada,Healthcare,Mid-Market,Business,Annual,262.93,1
CUST_006410,2021-11-07,2026-06-30,55,United States,Healthcare,Small,Pro,Annual,94.71,1
CUST_006411,2022-03-31,2026-06-30,50,United States,Professional Services,Mid-Market,Business,Annual,240.34,1
CUST_006412,2024-05-14,2026-06-30,25,United States,Manufacturing,Small,Basic,Monthly,50.63,0
CUST_006413,2025-12-29,2026-06-30,6,Australia,Manufacturing,Small,Basic,Monthly,48.33,0
CUST_006414,2026-05-25,2026-06-30,1,United Kingdom,Healthcare,Small,Basic,Annual,52.47,1
CUST_006415,2025-04-07,2026-06-30,14,India,Professional Services,Mid-Market,Pro,Monthly,93.05,0
CUST_006416,2026-02-08,2026-06-30,4,Germany,Retail,Small,Basic,Annual,51.64,1
CUST_006417,2025-05-17,2026-06-30,13,Germany,Retail,Enterprise,Enterprise,Annual,666.01,1
CUST_006418,2025-11-16,2026-06-30,7,Canada,Manufacturing,Small,Basic,Monthly,49.96,0
CUST_006419,2021-08-05,2026-06-30,58,Australia,Healthcare,Mid-Market,Business,Monthly,241.07,0
CUST_006420,2025-12-11,2026-06-30,6,India,Professional Services,Small,Basic,Monthly,47.1,1
CUST_006421,2023-05-02,2026-06-30,37,Germany,Professional Services,Small,Business,Annual,246.98,1
CUST_006422,2024-09-07,2026-06-30,21,United States,Retail,Mid-Market,Business,Annual,257.42,1
CUST_006423,2025-07-23,2026-06-30,11,United Kingdom,Technology,Mid-Market,Business,Annual,230.4,1
CUST_006424,2022-12-20,2026-06-30,42,United States,Manufacturing,Mid-Market,Business,Annual,245.14,1
CUST_006425,2021-08-23,2026-06-30,58,United States,Finance,Mid-Market,Business,Annual,250.64,1
CUST_006426,2022-07-12,2026-06-30,47,Germany,Retail,Small,Business,Annual,268.35,1
CUST_006427,2021-08-15,2026-06-30,58,Australia,Technology,Enterprise,Business,Annual,272.18,1
CUST_006428,2023-07-07,2026-06-30,35,United States,Manufacturing,Small,Basic,Annual,48.68,1
CUST_006429,2023-02-07,2026-06-30,40,United States,Professional Services,Enterprise,Enterprise,Annual,565.8,1
CUST_006430,2025-09-11,2026-06-30,9,India,Technology,Mid-Market,Business,Annual,250.74,1
CUST_006431,2022-03-23,2026-06-30,51,United States,Manufacturing,Small,Basic,Monthly,49.43,1
CUST_006432,2022-09-27,2026-06-30,45,United States,Professional Services,Mid-Market,Business,Annual,263.77,1
CUST_006433,2025-03-02,2026-06-30,15,Germany,Technology,Enterprise,Enterprise,Monthly,585.71,0
CUST_006434,2024-09-02,2026-06-30,21,Australia,Technology,Small,Basic,Monthly,46.58,1
CUST_006435,2023-05-31,2026-06-30,36,Canada,Finance,Small,Business,Annual,248.86,1
CUST_006436,2026-05-08,2026-06-30,1,United Kingdom,Professional Services,Mid-Market,Business,Annual,244.77,1
CUST_006437,2022-05-24,2026-06-30,49,United States,Healthcare,Small,Pro,Annual,97.19,1
CUST_006438,2025-01-13,2026-06-30,17,United States,Technology,Small,Pro,Annual,94.7,1
CUST_006439,2026-01-17,2026-06-30,5,Germany,Finance,Mid-Market,Basic,Monthly,45.92,1
CUST_006440,2024-10-15,2026-06-30,20,Australia,Healthcare,Enterprise,Enterprise,Annual,617.28,1
CUST_006441,2022-04-22,2026-06-30,50,United States,Technology,Small,Basic,Monthly,49.65,1
CUST_006442,2025-01-24,2026-06-30,17,United States,Retail,Enterprise,Enterprise,Annual,574.93,1
CUST_006443,2023-10-07,2026-06-30,32,United States,Technology,Small,Pro,Monthly,103.06,1
CUST_006444,2022-06-04,2026-06-30,48,United States,Manufacturing,Small,Pro,Monthly,89.88,0
CUST_006445,2026-04-01,2026-06-30,2,United States,Manufacturing,Small,Business,Annual,243.92,1
CUST_006446,2022-09-05,2026-06-30,45,United States,Professional Services,Small,Pro,Monthly,100.07,0
CUST_006447,2024-12-29,2026-06-30,18,Australia,Technology,Mid-Market,Pro,Monthly,104.48,0
CUST_006448,2022-12-30,2026-06-30,41,United States,Retail,Small,Basic,Annual,47.64,1
CUST_006449,2025-06-28,2026-06-30,12,Germany,Manufacturing,Small,Pro,Monthly,104.56,1
CUST_006450,2025-09-24,2026-06-30,9,United Kingdom,Healthcare,Mid-Market,Pro,Monthly,95.77,0
CUST_006451,2022-07-17,2026-06-30,47,Australia,Technology,Mid-Market,Pro,Annual,103.07,1
CUST_006452,2022-06-11,2026-06-30,48,India,Technology,Mid-Market,Business,Annual,269.94,1
CUST_006453,2021-08-04,2026-06-30,58,United States,Retail,Mid-Market,Business,Annual,236.55,1
CUST_006454,2023-02-01,2026-06-30,40,United States,Healthcare,Enterprise,Enterprise,Annual,603.54,1
CUST_006455,2024-02-15,2026-06-30,28,Germany,Professional Services,Mid-Market,Business,Monthly,255.73,1
CUST_006456,2025-06-16,2026-06-30,12,United States,Professional Services,Enterprise,Enterprise,Annual,561.73,1
CUST_006457,2024-12-18,2026-06-30,18,United States,Manufacturing,Enterprise,Enterprise,Monthly,611.95,1
CUST_006458,2023-03-25,2026-06-30,39,United States,Professional Services,Enterprise,Enterprise,Annual,582.04,1
CUST_006459,2024-09-17,2026-06-30,21,India,Retail,Small,Basic,Monthly,46.93,0
CUST_006460,2024-01-15,2026-06-30,29,United States,Technology,Small,Basic,Monthly,47.96,1
CUST_006461,2025-08-03,2026-06-30,10,Canada,Technology,Small,Enterprise,Annual,584.14,1
CUST_006462,2024-04-03,2026-06-30,26,Canada,Manufacturing,Small,Business,Annual,258.97,1
CUST_006463,2025-03-30,2026-06-30,15,United Kingdom,Finance,Mid-Market,Pro,Annual,99.0,0
CUST_006464,2025-11-11,2026-06-30,7,United States,Professional Services,Small,Pro,Annual,110.44,0
CUST_006465,2025-10-07,2026-06-30,8,India,Technology,Mid-Market,Enterprise,Annual,582.94,1
CUST_006466,2023-11-13,2026-06-30,31,Germany,Technology,Mid-Market,Pro,Monthly,101.35,1
CUST_006467,2024-08-12,2026-06-30,22,Canada,Manufacturing,Small,Basic,Monthly,48.63,0
CUST_006468,2025-12-03,2026-06-30,6,United States,Professional Services,Enterprise,Enterprise,Annual,560.78,1
CUST_006469,2023-11-20,2026-06-30,31,Australia,Professional Services,Mid-Market,Basic,Monthly,52.9,0
CUST_006470,2025-08-10,2026-06-30,10,Germany,Technology,Mid-Market,Business,Annual,250.49,1
CUST_006471,2026-05-04,2026-06-30,1,United States,Finance,Small,Basic,Monthly,47.09,1
CUST_006472,2025-10-06,2026-06-30,8,United States,Retail,Enterprise,Enterprise,Annual,610.98,1
CUST_006473,2024-03-17,2026-06-30,27,United States,Professional Services,Small,Basic,Monthly,51.53,1
CUST_006474,2021-09-22,2026-06-30,57,United States,Technology,Mid-Market,Business,Annual,238.43,1
CUST_006475,2025-03-24,2026-06-30,15,United States,Retail,Small,Basic,Monthly,49.12,1
CUST_006476,2025-01-05,2026-06-30,17,United States,Technology,Small,Basic,Monthly,51.55,1
CUST_006477,2025-03-22,2026-06-30,15,United States,Manufacturing,Small,Basic,Monthly,49.4,1
CUST_006478,2024-09-01,2026-06-30,21,India,Technology,Mid-Market,Basic,Monthly,50.36,1
CUST_006479,2022-11-21,2026-06-30,43,Australia,Professional Services,Enterprise,Enterprise,Annual,591.09,1
CUST_006480,2024-10-30,2026-06-30,19,Australia,Technology,Mid-Market,Pro,Monthly,91.21,1
CUST_006481,2023-03-08,2026-06-30,39,United Kingdom,Retail,Mid-Market,Pro,Monthly,97.75,1
CUST_006482,2021-12-31,2026-06-30,53,United Kingdom,Manufacturing,Small,Basic,Monthly,47.63,1
CUST_006483,2021-10-06,2026-06-30,56,United States,Finance,Enterprise,Enterprise,Annual,595.74,1
CUST_006484,2023-08-25,2026-06-30,34,Germany,Finance,Small,Basic,Monthly,47.65,1
CUST_006485,2022-11-28,2026-06-30,43,United States,Retail,Enterprise,Enterprise,Annual,604.1,1
CUST_006486,2021-11-24,2026-06-30,55,Canada,Retail,Mid-Market,Business,Monthly,244.68,0
CUST_006487,2022-07-19,2026-06-30,47,India,Manufacturing,Small,Basic,Monthly,50.98,1
CUST_006488,2024-12-09,2026-06-30,18,India,Retail,Small,Basic,Monthly,50.51,0
CUST_006489,2025-10-07,2026-06-30,8,United States,Technology,Mid-Market,Pro,Monthly,94.42,0
CUST_006490,2025-11-06,2026-06-30,7,Germany,Professional Services,Enterprise,Enterprise,Annual,636.63,1
CUST_006491,2022-01-29,2026-06-30,52,United States,Technology,Mid-Market,Pro,Annual,95.42,0
CUST_006492,2023-09-06,2026-06-30,33,United States,Retail,Enterprise,Enterprise,Annual,565.33,1
CUST_006493,2024-12-16,2026-06-30,18,United States,Professional Services,Enterprise,Enterprise,Annual,630.61,0
CUST_006494,2024-09-18,2026-06-30,21,United States,Professional Services,Small,Basic,Monthly,47.55,0
CUST_006495,2025-01-11,2026-06-30,17,Germany,Technology,Small,Basic,Monthly,49.24,0
CUST_006496,2022-06-22,2026-06-30,48,United States,Technology,Mid-Market,Business,Annual,232.97,1
CUST_006497,2023-05-28,2026-06-30,37,United States,Retail,Small,Business,Annual,244.44,1
CUST_006498,2022-02-03,2026-06-30,52,India,Finance,Mid-Market,Pro,Monthly,98.43,1
CUST_006499,2024-12-06,2026-06-30,18,United Kingdom,Manufacturing,Small,Pro,Monthly,97.06,0
CUST_006500,2024-02-03,2026-06-30,28,United States,Healthcare,Mid-Market,Business,Annual,242.6,1
CUST_006501,2025-10-25,2026-06-30,8,Canada,Finance,Small,Basic,Monthly,49.1,1
CUST_006502,2021-08-22,2026-06-30,58,Canada,Healthcare,Mid-Market,Business,Annual,261.33,1
CUST_006503,2023-11-25,2026-06-30,31,Canada,Retail,Small,Basic,Monthly,46.69,0
CUST_006504,2023-09-12,2026-06-30,33,United Kingdom,Manufacturing,Mid-Market,Enterprise,Annual,523.3,1
CUST_006505,2024-05-19,2026-06-30,25,India,Finance,Small,Basic,Annual,52.04,1
CUST_006506,2025-01-30,2026-06-30,16,United States,Technology,Mid-Market,Business,Annual,240.8,1
CUST_006507,2021-10-02,2026-06-30,56,Canada,Finance,Small,Pro,Annual,96.16,1
CUST_006508,2024-01-05,2026-06-30,29,United States,Retail,Mid-Market,Pro,Monthly,96.3,0
CUST_006509,2023-02-05,2026-06-30,40,India,Manufacturing,Mid-Market,Business,Monthly,232.46,0
CUST_006510,2026-03-26,2026-06-30,3,United States,Professional Services,Small,Basic,Monthly,48.03,0
CUST_006511,2025-01-21,2026-06-30,17,United States,Professional Services,Small,Pro,Monthly,97.61,1
CUST_006512,2022-06-18,2026-06-30,48,India,Healthcare,Small,Basic,Monthly,50.07,1
CUST_006513,2025-12-25,2026-06-30,6,United Kingdom,Professional Services,Mid-Market,Business,Annual,242.18,1
CUST_006514,2025-11-30,2026-06-30,6,United States,Finance,Small,Pro,Annual,86.92,1
CUST_006515,2022-06-08,2026-06-30,48,United States,Retail,Small,Basic,Monthly,45.72,0
CUST_006516,2024-11-23,2026-06-30,19,United States,Healthcare,Small,Pro,Annual,104.52,1
CUST_006517,2025-01-25,2026-06-30,17,India,Manufacturing,Small,Basic,Monthly,46.94,0
CUST_006518,2023-08-21,2026-06-30,34,Canada,Manufacturing,Small,Basic,Monthly,50.34,0
CUST_006519,2025-06-16,2026-06-30,12,United States,Finance,Small,Basic,Monthly,47.25,1
CUST_006520,2026-03-15,2026-06-30,3,United Kingdom,Professional Services,Mid-Market,Pro,Annual,103.02,1
CUST_006521,2026-05-24,2026-06-30,1,Canada,Professional Services,Mid-Market,Business,Annual,250.23,0
CUST_006522,2026-01-09,2026-06-30,5,United States,Professional Services,Small,Business,Annual,230.93,1
CUST_006523,2025-08-20,2026-06-30,10,India,Healthcare,Enterprise,Enterprise,Annual,563.93,1
CUST_006524,2022-12-29,2026-06-30,42,United States,Professional Services,Small,Basic,Monthly,45.35,1
CUST_006525,2024-12-13,2026-06-30,18,India,Manufacturing,Mid-Market,Basic,Monthly,51.24,1
CUST_006526,2026-01-23,2026-06-30,5,Australia,Retail,Mid-Market,Basic,Monthly,45.92,0
CUST_006527,2026-05-06,2026-06-30,1,United States,Healthcare,Small,Pro,Annual,97.17,1
CUST_006528,2024-01-26,2026-06-30,29,Germany,Professional Services,Mid-Market,Pro,Monthly,98.6,1
CUST_006529,2022-04-14,2026-06-30,50,Australia,Manufacturing,Small,Pro,Monthly,100.1,0
CUST_006530,2024-10-01,2026-06-30,20,United Kingdom,Retail,Enterprise,Business,Annual,243.26,1
CUST_006531,2026-02-06,2026-06-30,4,United Kingdom,Professional Services,Mid-Market,Business,Annual,229.38,1
CUST_006532,2025-04-17,2026-06-30,14,United States,Technology,Small,Pro,Monthly,93.03,0
CUST_006533,2023-12-17,2026-06-30,30,United States,Retail,Small,Basic,Monthly,46.42,1
CUST_006534,2025-06-27,2026-06-30,12,Germany,Finance,Mid-Market,Business,Annual,216.03,0
CUST_006535,2021-08-09,2026-06-30,58,United States,Healthcare,Small,Pro,Annual,101.14,1
CUST_006536,2022-08-30,2026-06-30,45,United States,Finance,Small,Basic,Annual,50.24,1
CUST_006537,2024-09-20,2026-06-30,21,Canada,Finance,Enterprise,Pro,Monthly,93.69,0
CUST_006538,2021-09-26,2026-06-30,57,United States,Finance,Small,Basic,Monthly,52.2,0
CUST_006539,2024-10-25,2026-06-30,20,Australia,Technology,Small,Business,Monthly,247.68,0
CUST_006540,2025-09-22,2026-06-30,9,Australia,Technology,Small,Business,Annual,259.55,1
CUST_006541,2021-10-20,2026-06-30,56,Australia,Manufacturing,Mid-Market,Pro,Monthly,102.84,0
CUST_006542,2021-09-12,2026-06-30,57,United States,Finance,Mid-Market,Business,Monthly,247.33,1
CUST_006543,2024-11-16,2026-06-30,19,Canada,Technology,Mid-Market,Business,Annual,223.74,1
CUST_006544,2023-06-29,2026-06-30,36,Australia,Technology,Enterprise,Enterprise,Annual,604.96,0
CUST_006545,2025-07-24,2026-06-30,11,United States,Technology,Small,Basic,Monthly,50.29,1
CUST_006546,2023-04-06,2026-06-30,38,Germany,Technology,Small,Business,Monthly,240.88,0
CUST_006547,2023-01-09,2026-06-30,41,United Kingdom,Professional Services,Small,Pro,Monthly,99.8,0
CUST_006548,2022-12-04,2026-06-30,42,United States,Retail,Small,Pro,Annual,98.86,1
CUST_006549,2023-08-15,2026-06-30,34,United States,Finance,Small,Basic,Monthly,46.66,1
CUST_006550,2022-12-15,2026-06-30,42,United Kingdom,Healthcare,Small,Basic,Annual,48.76,1
CUST_006551,2023-09-08,2026-06-30,33,United States,Technology,Mid-Market,Pro,Monthly,96.48,0
CUST_006552,2022-05-21,2026-06-30,49,India,Manufacturing,Small,Pro,Monthly,100.86,1
CUST_006553,2025-07-13,2026-06-30,11,United Kingdom,Professional Services,Enterprise,Enterprise,Annual,581.33,1
CUST_006554,2024-01-15,2026-06-30,29,United States,Technology,Enterprise,Enterprise,Annual,577.69,1
CUST_006555,2024-05-14,2026-06-30,25,Germany,Technology,Small,Basic,Monthly,44.99,0
CUST_006556,2023-10-17,2026-06-30,32,Canada,Retail,Enterprise,Enterprise,Annual,665.08,1
CUST_006557,2025-09-18,2026-06-30,9,United States,Technology,Mid-Market,Business,Monthly,243.37,1
CUST_006558,2024-10-27,2026-06-30,20,India,Technology,Small,Basic,Monthly,46.23,0
CUST_006559,2021-09-22,2026-06-30,57,Germany,Retail,Mid-Market,Pro,Annual,101.99,0
CUST_006560,2025-11-24,2026-06-30,7,United Kingdom,Retail,Small,Pro,Monthly,99.93,1
CUST_006561,2023-04-17,2026-06-30,38,Australia,Technology,Small,Pro,Monthly,101.71,1
CUST_006562,2023-02-23,2026-06-30,40,United Kingdom,Professional Services,Mid-Market,Pro,Annual,102.24,1
CUST_006563,2024-01-31,2026-06-30,28,Canada,Technology,Mid-Market,Business,Annual,262.66,0
CUST_006564,2026-04-01,2026-06-30,2,United States,Finance,Small,Basic,Monthly,46.39,1
CUST_006565,2026-03-31,2026-06-30,2,United States,Manufacturing,Mid-Market,Business,Monthly,250.82,0
CUST_006566,2025-01-22,2026-06-30,17,Canada,Retail,Enterprise,Enterprise,Annual,551.71,1
CUST_006567,2025-11-28,2026-06-30,7,Canada,Retail,Small,Basic,Monthly,48.25,0
CUST_006568,2025-12-13,2026-06-30,6,Germany,Retail,Small,Basic,Monthly,50.64,1
CUST_006569,2025-08-17,2026-06-30,10,Canada,Retail,Small,Pro,Monthly,94.57,1
CUST_006570,2025-06-23,2026-06-30,12,United Kingdom,Professional Services,Enterprise,Enterprise,Annual,665.81,1
CUST_006571,2022-04-17,2026-06-30,50,Australia,Retail,Small,Basic,Monthly,49.04,1
CUST_006572,2023-04-11,2026-06-30,38,India,Healthcare,Small,Basic,Monthly,44.56,0
CUST_006573,2026-04-07,2026-06-30,2,United States,Manufacturing,Mid-Market,Business,Monthly,257.78,0
CUST_006574,2023-04-29,2026-06-30,38,India,Finance,Small,Pro,Monthly,109.99,1
CUST_006575,2025-09-28,2026-06-30,9,Australia,Manufacturing,Small,Pro,Monthly,87.93,0
CUST_006576,2024-05-06,2026-06-30,25,United States,Finance,Enterprise,Business,Monthly,257.89,0
CUST_006577,2026-03-24,2026-06-30,3,United States,Healthcare,Mid-Market,Pro,Annual,94.1,1
CUST_006578,2025-12-21,2026-06-30,6,United States,Manufacturing,Small,Basic,Monthly,48.87,1
CUST_006579,2025-10-05,2026-06-30,8,United Kingdom,Retail,Enterprise,Business,Annual,232.7,1
CUST_006580,2024-04-14,2026-06-30,26,United Kingdom,Technology,Small,Basic,Monthly,51.09,1
CUST_006581,2024-02-20,2026-06-30,28,Canada,Healthcare,Small,Pro,Monthly,97.42,1
CUST_006582,2024-09-05,2026-06-30,21,Germany,Manufacturing,Small,Pro,Monthly,104.74,1
CUST_006583,2023-05-14,2026-06-30,37,United States,Professional Services,Small,Basic,Monthly,46.48,1
CUST_006584,2022-11-15,2026-06-30,43,United States,Healthcare,Mid-Market,Business,Monthly,246.43,1
CUST_006585,2022-10-31,2026-06-30,43,India,Technology,Small,Basic,Monthly,43.33,1
CUST_006586,2023-07-27,2026-06-30,35,India,Finance,Small,Pro,Monthly,111.86,1
CUST_006587,2023-09-25,2026-06-30,33,Australia,Healthcare,Enterprise,Enterprise,Annual,656.49,1
CUST_006588,2023-12-31,2026-06-30,29,United States,Technology,Small,Basic,Annual,54.34,1
CUST_006589,2025-03-30,2026-06-30,15,United States,Professional Services,Small,Pro,Monthly,106.59,1
CUST_006590,2024-01-08,2026-06-30,29,United States,Healthcare,Small,Basic,Monthly,47.55,0
CUST_006591,2026-05-13,2026-06-30,1,Canada,Healthcare,Mid-Market,Enterprise,Annual,597.68,1
CUST_006592,2021-08-31,2026-06-30,57,United States,Finance,Small,Basic,Monthly,49.71,1
CUST_006593,2024-08-05,2026-06-30,22,India,Technology,Small,Pro,Monthly,100.85,1
CUST_006594,2022-09-12,2026-06-30,45,Germany,Healthcare,Enterprise,Business,Monthly,235.36,1
CUST_006595,2021-09-17,2026-06-30,57,Canada,Healthcare,Small,Basic,Monthly,46.19,0
CUST_006596,2023-12-21,2026-06-30,30,United States,Finance,Enterprise,Business,Annual,232.35,1
CUST_006597,2022-03-07,2026-06-30,51,United States,Retail,Mid-Market,Business,Annual,243.69,1
CUST_006598,2024-01-22,2026-06-30,29,Canada,Healthcare,Mid-Market,Pro,Annual,97.42,1
CUST_006599,2025-10-06,2026-06-30,8,Germany,Retail,Small,Basic,Monthly,47.89,0
CUST_006600,2026-04-14,2026-06-30,2,United States,Professional Services,Enterprise,Basic,Monthly,49.62,0
CUST_006601,2025-09-30,2026-06-30,8,Australia,Finance,Small,Basic,Monthly,45.61,1
CUST_006602,2021-10-13,2026-06-30,56,United States,Finance,Small,Basic,Monthly,46.91,0
CUST_006603,2024-01-30,2026-06-30,28,United States,Professional Services,Mid-Market,Business,Monthly,239.53,0
CUST_006604,2024-11-05,2026-06-30,19,India,Finance,Small,Basic,Monthly,51.01,0
CUST_006605,2024-03-22,2026-06-30,27,United States,Healthcare,Small,Business,Monthly,251.46,0
CUST_006606,2025-02-26,2026-06-30,16,United States,Manufacturing,Mid-Market,Business,Annual,253.21,0
CUST_006607,2022-02-19,2026-06-30,52,United Kingdom,Retail,Small,Basic,Monthly,46.71,1
CUST_006608,2021-07-03,2026-06-30,59,United States,Professional Services,Small,Pro,Annual,99.2,1
CUST_006609,2025-12-30,2026-06-30,5,United States,Healthcare,Small,Basic,Annual,47.1,0
CUST_006610,2022-11-18,2026-06-30,43,United States,Healthcare,Small,Pro,Monthly,95.34,0
CUST_006611,2024-10-06,2026-06-30,20,United States,Technology,Mid-Market,Pro,Annual,100.83,1
CUST_006612,2026-03-07,2026-06-30,3,United Kingdom,Technology,Mid-Market,Basic,Monthly,47.42,1
CUST_006613,2021-11-18,2026-06-30,55,United States,Healthcare,Small,Business,Monthly,247.69,1
CUST_006614,2026-02-09,2026-06-30,4,Australia,Technology,Small,Basic,Monthly,48.34,1
CUST_006615,2025-05-27,2026-06-30,13,India,Healthcare,Small,Pro,Annual,93.19,1
CUST_006616,2026-04-16,2026-06-30,2,United States,Finance,Small,Basic,Annual,47.59,1
CUST_006617,2024-02-06,2026-06-30,28,United States,Technology,Small,Basic,Monthly,47.62,0
CUST_006618,2023-06-20,2026-06-30,36,United States,Healthcare,Mid-Market,Pro,Monthly,97.11,1
CUST_006619,2024-11-02,2026-06-30,19,United States,Retail,Small,Basic,Monthly,44.58,1
CUST_006620,2026-01-23,2026-06-30,5,United States,Finance,Mid-Market,Business,Annual,239.92,1
CUST_006621,2025-11-04,2026-06-30,7,Australia,Manufacturing,Small,Basic,Monthly,51.23,0
CUST_006622,2021-10-29,2026-06-30,56,United States,Technology,Small,Basic,Monthly,50.07,1
CUST_006623,2022-06-15,2026-06-30,48,Canada,Technology,Small,Basic,Annual,48.02,1
CUST_006624,2021-10-23,2026-06-30,56,Germany,Professional Services,Small,Basic,Monthly,46.11,1
CUST_006625,2023-10-22,2026-06-30,32,Australia,Professional Services,Mid-Market,Pro,Monthly,99.5,0
CUST_006626,2023-09-24,2026-06-30,33,United States,Healthcare,Mid-Market,Pro,Monthly,103.79,1
CUST_006627,2022-07-21,2026-06-30,47,United States,Healthcare,Enterprise,Enterprise,Annual,644.44,1
CUST_006628,2023-05-21,2026-06-30,37,India,Professional Services,Small,Pro,Annual,96.41,1
CUST_006629,2024-04-08,2026-06-30,26,United States,Healthcare,Small,Business,Annual,235.8,1
CUST_006630,2024-12-24,2026-06-30,18,Germany,Technology,Enterprise,Business,Annual,255.0,1
CUST_006631,2024-01-11,2026-06-30,29,Germany,Technology,Mid-Market,Business,Monthly,253.47,0
CUST_006632,2026-02-06,2026-06-30,4,Canada,Technology,Small,Basic,Annual,49.03,1
CUST_006633,2025-06-20,2026-06-30,12,United States,Manufacturing,Small,Pro,Annual,95.86,1
CUST_006634,2022-10-16,2026-06-30,44,United States,Retail,Small,Basic,Annual,45.79,1
CUST_006635,2022-02-23,2026-06-30,52,Canada,Finance,Small,Basic,Monthly,50.65,1
CUST_006636,2025-11-30,2026-06-30,6,Canada,Technology,Mid-Market,Business,Monthly,260.16,0
CUST_006637,2025-12-09,2026-06-30,6,Australia,Technology,Small,Basic,Monthly,48.12,0
CUST_006638,2025-12-29,2026-06-30,6,Germany,Manufacturing,Enterprise,Pro,Monthly,107.47,0
CUST_006639,2022-07-11,2026-06-30,47,India,Professional Services,Small,Pro,Monthly,100.17,1
CUST_006640,2024-11-19,2026-06-30,19,India,Healthcare,Mid-Market,Business,Annual,246.82,1
CUST_006641,2024-10-22,2026-06-30,20,Germany,Manufacturing,Small,Basic,Monthly,46.1,0
CUST_006642,2026-05-09,2026-06-30,1,United States,Finance,Mid-Market,Basic,Monthly,44.83,1
CUST_006643,2021-08-20,2026-06-30,58,Canada,Retail,Enterprise,Business,Monthly,242.63,1
CUST_006644,2024-04-12,2026-06-30,26,United Kingdom,Healthcare,Small,Basic,Monthly,49.9,1
CUST_006645,2022-06-30,2026-06-30,47,United Kingdom,Technology,Small,Pro,Annual,110.55,0
CUST_006646,2022-12-08,2026-06-30,42,United States,Healthcare,Small,Pro,Monthly,99.33,0
CUST_006647,2025-09-19,2026-06-30,9,United Kingdom,Professional Services,Small,Basic,Annual,50.45,0
CUST_006648,2022-06-23,2026-06-30,48,United States,Technology,Mid-Market,Pro,Annual,94.91,1
CUST_006649,2023-09-17,2026-06-30,33,United States,Healthcare,Mid-Market,Pro,Monthly,100.03,1
CUST_006650,2023-06-12,2026-06-30,36,Australia,Professional Services,Mid-Market,Business,Annual,249.97,1
CUST_006651,2025-06-06,2026-06-30,12,Canada,Manufacturing,Small,Basic,Monthly,46.68,1
CUST_006652,2022-04-02,2026-06-30,50,United Kingdom,Healthcare,Mid-Market,Business,Monthly,265.66,0
CUST_006653,2021-11-01,2026-06-30,55,United Kingdom,Technology,Mid-Market,Business,Monthly,247.33,0
CUST_006654,2024-06-01,2026-06-30,24,United Kingdom,Professional Services,Small,Basic,Monthly,51.71,1
CUST_006655,2025-12-17,2026-06-30,6,United States,Technology,Enterprise,Enterprise,Annual,599.29,1
CUST_006656,2022-03-30,2026-06-30,51,United Kingdom,Finance,Small,Pro,Annual,97.36,1
CUST_006657,2022-01-20,2026-06-30,53,United States,Technology,Small,Basic,Annual,47.09,1
CUST_006658,2023-12-04,2026-06-30,30,United Kingdom,Healthcare,Mid-Market,Basic,Monthly,48.14,1
CUST_006659,2023-07-27,2026-06-30,35,United States,Retail,Small,Basic,Monthly,52.59,1
CUST_006660,2025-04-26,2026-06-30,14,India,Professional Services,Small,Basic,Annual,46.8,0
CUST_006661,2026-01-30,2026-06-30,4,Australia,Healthcare,Small,Basic,Monthly,50.63,0
CUST_006662,2021-10-10,2026-06-30,56,Canada,Professional Services,Enterprise,Business,Monthly,245.13,1
CUST_006663,2024-01-16,2026-06-30,29,United States,Retail,Small,Pro,Annual,101.92,1
CUST_006664,2025-01-23,2026-06-30,17,United States,Retail,Small,Basic,Monthly,49.51,0
CUST_006665,2023-01-03,2026-06-30,41,Germany,Technology,Small,Basic,Monthly,45.73,1
CUST_006666,2026-04-14,2026-06-30,2,United Kingdom,Technology,Small,Business,Monthly,251.06,0
CUST_006667,2026-01-08,2026-06-30,5,Germany,Retail,Small,Basic,Monthly,54.31,1
CUST_006668,2025-03-22,2026-06-30,15,India,Manufacturing,Enterprise,Business,Monthly,252.83,1
CUST_006669,2024-03-14,2026-06-30,27,Canada,Technology,Mid-Market,Enterprise,Annual,626.77,1
CUST_006670,2024-08-11,2026-06-30,22,United Kingdom,Healthcare,Enterprise,Enterprise,Annual,607.9,1
CUST_006671,2025-06-29,2026-06-30,12,Canada,Finance,Mid-Market,Business,Monthly,258.81,1
CUST_006672,2024-09-08,2026-06-30,21,United Kingdom,Healthcare,Small,Basic,Monthly,47.24,0
CUST_006673,2024-10-09,2026-06-30,20,Canada,Technology,Small,Pro,Monthly,98.4,1
CUST_006674,2023-11-02,2026-06-30,31,Australia,Technology,Small,Pro,Monthly,103.36,1
CUST_006675,2023-08-25,2026-06-30,34,United States,Finance,Small,Pro,Monthly,97.27,1
CUST_006676,2022-01-27,2026-06-30,53,United States,Professional Services,Mid-Market,Pro,Annual,104.31,1
CUST_006677,2022-06-13,2026-06-30,48,United States,Manufacturing,Small,Business,Annual,236.51,1
CUST_006678,2024-12-23,2026-06-30,18,India,Technology,Mid-Market,Business,Annual,249.73,1
CUST_006679,2021-12-23,2026-06-30,54,Canada,Technology,Small,Pro,Annual,97.72,0
CUST_006680,2023-11-09,2026-06-30,31,United States,Healthcare,Small,Basic,Annual,55.46,1
CUST_006681,2025-06-29,2026-06-30,12,Canada,Finance,Enterprise,Enterprise,Annual,587.33,1
CUST_006682,2024-09-28,2026-06-30,21,Canada,Professional Services,Small,Business,Monthly,254.23,1
CUST_006683,2022-10-08,2026-06-30,44,India,Healthcare,Small,Pro,Monthly,89.14,1
CUST_006684,2022-05-17,2026-06-30,49,India,Professional Services,Small,Basic,Monthly,46.14,0
CUST_006685,2024-07-29,2026-06-30,23,Australia,Technology,Small,Pro,Monthly,100.51,1
CUST_006686,2025-08-22,2026-06-30,10,Australia,Professional Services,Small,Basic,Monthly,48.35,1
CUST_006687,2025-06-21,2026-06-30,12,United States,Manufacturing,Enterprise,Business,Annual,245.95,1
CUST_006688,2025-11-27,2026-06-30,7,United States,Manufacturing,Enterprise,Business,Annual,244.95,0
CUST_006689,2022-12-24,2026-06-30,42,United Kingdom,Professional Services,Mid-Market,Pro,Monthly,98.08,0
CUST_006690,2023-12-11,2026-06-30,30,United Kingdom,Healthcare,Mid-Market,Basic,Annual,44.81,1
CUST_006691,2024-03-13,2026-06-30,27,United States,Technology,Small,Pro,Monthly,98.57,1
CUST_006692,2023-02-10,2026-06-30,40,Germany,Healthcare,Enterprise,Enterprise,Annual,592.43,0
CUST_006693,2022-05-05,2026-06-30,49,United States,Manufacturing,Small,Basic,Monthly,51.61,1
CUST_006694,2022-07-04,2026-06-30,47,United States,Professional Services,Small,Basic,Monthly,51.05,1
CUST_006695,2025-09-27,2026-06-30,9,United States,Healthcare,Enterprise,Enterprise,Annual,514.28,1
CUST_006696,2023-07-08,2026-06-30,35,Australia,Manufacturing,Small,Enterprise,Annual,577.0,1
CUST_006697,2022-01-28,2026-06-30,53,Germany,Technology,Small,Pro,Annual,107.92,1
CUST_006698,2022-08-11,2026-06-30,46,United Kingdom,Technology,Mid-Market,Enterprise,Annual,626.13,1
CUST_006699,2024-10-17,2026-06-30,20,Australia,Retail,Small,Pro,Monthly,101.43,1
CUST_006700,2024-06-26,2026-06-30,24,Australia,Healthcare,Small,Pro,Monthly,96.51,0
CUST_006701,2022-01-15,2026-06-30,53,United States,Technology,Small,Basic,Monthly,50.81,1
CUST_006702,2026-04-03,2026-06-30,2,Australia,Manufacturing,Mid-Market,Business,Annual,230.13,1
CUST_006703,2023-10-31,2026-06-30,31,United States,Healthcare,Small,Pro,Monthly,96.2,0
CUST_006704,2025-11-04,2026-06-30,7,Canada,Healthcare,Small,Basic,Monthly,49.84,0
CUST_006705,2022-01-07,2026-06-30,53,United States,Technology,Small,Basic,Monthly,50.49,0
CUST_006706,2026-03-23,2026-06-30,3,Canada,Technology,Small,Basic,Monthly,49.53,0
CUST_006707,2026-04-20,2026-06-30,2,United Kingdom,Retail,Small,Basic,Monthly,49.96,1
CUST_006708,2024-10-18,2026-06-30,20,United States,Professional Services,Small,Business,Annual,251.04,1
CUST_006709,2025-06-06,2026-06-30,12,Canada,Technology,Small,Basic,Monthly,48.23,1
CUST_006710,2023-12-24,2026-06-30,30,United Kingdom,Manufacturing,Small,Basic,Monthly,52.28,1
CUST_006711,2024-12-10,2026-06-30,18,United Kingdom,Manufacturing,Small,Basic,Monthly,53.54,1
CUST_006712,2024-08-30,2026-06-30,21,United States,Manufacturing,Small,Basic,Annual,48.88,1
CUST_006713,2023-08-21,2026-06-30,34,United States,Retail,Mid-Market,Business,Annual,234.37,1
CUST_006714,2023-08-29,2026-06-30,34,United States,Finance,Small,Basic,Monthly,48.42,0
CUST_006715,2021-10-26,2026-06-30,56,Australia,Manufacturing,Small,Basic,Monthly,49.21,1
CUST_006716,2024-01-20,2026-06-30,29,India,Healthcare,Small,Business,Monthly,221.49,1
CUST_006717,2023-08-23,2026-06-30,34,United States,Technology,Mid-Market,Pro,Monthly,105.63,1
CUST_006718,2023-01-31,2026-06-30,40,Germany,Healthcare,Small,Basic,Monthly,47.44,1
CUST_006719,2025-07-23,2026-06-30,11,United Kingdom,Healthcare,Mid-Market,Pro,Annual,94.91,1
CUST_006720,2023-02-19,2026-06-30,40,India,Healthcare,Mid-Market,Pro,Monthly,97.32,0
CUST_006721,2022-03-06,2026-06-30,51,United States,Professional Services,Small,Basic,Monthly,47.84,0
CUST_006722,2024-11-07,2026-06-30,19,United Kingdom,Healthcare,Small,Pro,Annual,99.28,1
CUST_006723,2025-07-15,2026-06-30,11,United Kingdom,Finance,Enterprise,Pro,Monthly,102.91,0
CUST_006724,2024-09-17,2026-06-30,21,United States,Professional Services,Small,Pro,Monthly,105.31,1
CUST_006725,2025-01-23,2026-06-30,17,United States,Technology,Small,Basic,Annual,50.94,1
CUST_006726,2023-07-16,2026-06-30,35,United States,Technology,Small,Basic,Monthly,46.69,1
CUST_006727,2022-03-03,2026-06-30,51,Canada,Professional Services,Small,Pro,Monthly,98.46,1
CUST_006728,2023-06-26,2026-06-30,36,Germany,Professional Services,Mid-Market,Business,Monthly,250.3,1
CUST_006729,2025-10-18,2026-06-30,8,Germany,Retail,Small,Enterprise,Annual,608.2,1
CUST_006730,2024-11-13,2026-06-30,19,United States,Healthcare,Small,Basic,Annual,50.2,1
CUST_006731,2023-01-10,2026-06-30,41,India,Healthcare,Mid-Market,Pro,Monthly,99.39,0
CUST_006732,2024-10-16,2026-06-30,20,United States,Professional Services,Enterprise,Enterprise,Annual,596.41,1
CUST_006733,2023-07-14,2026-06-30,35,India,Professional Services,Small,Basic,Annual,51.23,1
CUST_006734,2023-01-02,2026-06-30,41,United States,Technology,Mid-Market,Business,Annual,247.35,1
CUST_006735,2024-10-18,2026-06-30,20,Australia,Professional Services,Small,Basic,Annual,51.34,1
CUST_006736,2023-03-26,2026-06-30,39,India,Retail,Mid-Market,Pro,Annual,103.03,1
CUST_006737,2024-06-16,2026-06-30,24,Australia,Technology,Small,Business,Annual,267.09,1
CUST_006738,2025-10-01,2026-06-30,8,Australia,Technology,Small,Business,Annual,251.71,0
CUST_006739,2024-08-01,2026-06-30,22,United States,Technology,Enterprise,Enterprise,Annual,642.24,1
CUST_006740,2024-03-31,2026-06-30,26,Germany,Professional Services,Mid-Market,Business,Annual,245.22,1
CUST_006741,2026-05-27,2026-06-30,1,United Kingdom,Healthcare,Small,Basic,Monthly,49.85,1
CUST_006742,2022-01-10,2026-06-30,53,Canada,Manufacturing,Enterprise,Enterprise,Annual,621.91,1
CUST_006743,2023-10-27,2026-06-30,32,India,Technology,Small,Basic,Monthly,46.52,0
CUST_006744,2026-03-27,2026-06-30,3,United States,Manufacturing,Mid-Market,Business,Monthly,244.11,1
CUST_006745,2022-02-23,2026-06-30,52,Canada,Healthcare,Mid-Market,Business,Annual,240.69,1
CUST_006746,2022-03-18,2026-06-30,51,India,Professional Services,Mid-Market,Business,Annual,248.28,1
CUST_006747,2026-05-10,2026-06-30,1,United States,Healthcare,Small,Basic,Annual,47.69,1
CUST_006748,2025-08-12,2026-06-30,10,United States,Manufacturing,Mid-Market,Pro,Monthly,99.53,1
CUST_006749,2024-08-16,2026-06-30,22,United States,Retail,Mid-Market,Business,Annual,248.03,1
CUST_006750,2023-12-03,2026-06-30,30,Germany,Healthcare,Small,Business,Annual,245.52,1
CUST_006751,2022-11-06,2026-06-30,43,India,Professional Services,Enterprise,Business,Monthly,250.88,0
CUST_006752,2024-04-30,2026-06-30,25,United States,Healthcare,Small,Basic,Monthly,47.33,0
CUST_006753,2023-05-29,2026-06-30,37,United Kingdom,Professional Services,Small,Business,Annual,238.27,1
CUST_006754,2026-05-13,2026-06-30,1,United Kingdom,Technology,Mid-Market,Business,Annual,234.14,1
CUST_006755,2023-03-06,2026-06-30,39,United Kingdom,Retail,Small,Pro,Monthly,90.15,1
CUST_006756,2021-11-30,2026-06-30,54,Germany,Professional Services,Mid-Market,Enterprise,Annual,578.64,1
CUST_006757,2023-10-30,2026-06-30,31,India,Professional Services,Small,Pro,Monthly,101.67,1
CUST_006758,2024-03-06,2026-06-30,27,United States,Healthcare,Small,Pro,Monthly,98.02,0
CUST_006759,2024-12-14,2026-06-30,18,United States,Healthcare,Mid-Market,Business,Annual,249.15,1
CUST_006760,2021-09-22,2026-06-30,57,United Kingdom,Manufacturing,Enterprise,Enterprise,Monthly,586.88,1
CUST_006761,2026-04-02,2026-06-30,2,Canada,Finance,Mid-Market,Pro,Monthly,108.56,0
CUST_006762,2025-01-02,2026-06-30,17,Canada,Professional Services,Small,Basic,Monthly,49.41,0
CUST_006763,2025-09-25,2026-06-30,9,United States,Finance,Small,Pro,Monthly,96.19,1
CUST_006764,2022-02-27,2026-06-30,52,United States,Technology,Mid-Market,Pro,Monthly,93.77,1
CUST_006765,2024-01-16,2026-06-30,29,India,Manufacturing,Enterprise,Enterprise,Annual,650.31,1
CUST_006766,2021-11-18,2026-06-30,55,United States,Healthcare,Mid-Market,Pro,Monthly,92.06,0
CUST_006767,2023-02-23,2026-06-30,40,United Kingdom,Finance,Mid-Market,Business,Annual,239.11,1
CUST_006768,2023-09-05,2026-06-30,33,Germany,Finance,Small,Basic,Annual,47.05,1
CUST_006769,2023-11-15,2026-06-30,31,United States,Professional Services,Small,Basic,Monthly,48.91,0
CUST_006770,2025-06-02,2026-06-30,12,United States,Retail,Small,Basic,Monthly,49.87,0
CUST_006771,2023-08-27,2026-06-30,34,United States,Professional Services,Small,Pro,Annual,99.34,1
CUST_006772,2023-01-17,2026-06-30,41,Canada,Finance,Small,Basic,Monthly,48.11,1
CUST_006773,2021-09-02,2026-06-30,57,United States,Healthcare,Mid-Market,Pro,Monthly,92.08,0
CUST_006774,2023-09-19,2026-06-30,33,United Kingdom,Technology,Small,Pro,Annual,108.19,1
CUST_006775,2021-10-19,2026-06-30,56,United States,Healthcare,Small,Pro,Annual,100.31,1
CUST_006776,2021-10-09,2026-06-30,56,United States,Technology,Enterprise,Enterprise,Annual,616.0,1
CUST_006777,2023-11-06,2026-06-30,31,United States,Technology,Small,Pro,Monthly,95.65,1
CUST_006778,2024-04-03,2026-06-30,26,United States,Healthcare,Mid-Market,Business,Monthly,245.3,1
CUST_006779,2025-09-17,2026-06-30,9,United States,Manufacturing,Mid-Market,Pro,Annual,104.81,1
CUST_006780,2025-02-04,2026-06-30,16,India,Healthcare,Mid-Market,Pro,Monthly,88.08,1
CUST_006781,2022-02-04,2026-06-30,52,United States,Healthcare,Mid-Market,Basic,Monthly,50.87,1
CUST_006782,2025-09-25,2026-06-30,9,United Kingdom,Healthcare,Mid-Market,Pro,Monthly,97.78,1
CUST_006783,2024-06-18,2026-06-30,24,United Kingdom,Healthcare,Small,Basic,Monthly,50.02,1
CUST_006784,2022-12-24,2026-06-30,42,Germany,Manufacturing,Mid-Market,Business,Annual,269.73,1
CUST_006785,2025-03-26,2026-06-30,15,United Kingdom,Manufacturing,Enterprise,Enterprise,Annual,584.69,1
CUST_006786,2021-08-17,2026-06-30,58,United States,Professional Services,Small,Basic,Monthly,42.38,0
CUST_006787,2023-03-23,2026-06-30,39,United Kingdom,Technology,Mid-Market,Business,Annual,235.41,1
CUST_006788,2026-04-11,2026-06-30,2,United States,Healthcare,Small,Basic,Monthly,49.03,1
CUST_006789,2025-03-14,2026-06-30,15,Australia,Professional Services,Mid-Market,Pro,Annual,107.16,1
CUST_006790,2022-10-10,2026-06-30,44,United States,Professional Services,Small,Basic,Monthly,48.05,1
CUST_006791,2022-03-04,2026-06-30,51,Germany,Healthcare,Mid-Market,Business,Annual,268.27,1
CUST_006792,2021-11-10,2026-06-30,55,United Kingdom,Healthcare,Small,Pro,Annual,87.49,1
CUST_006793,2022-03-26,2026-06-30,51,United Kingdom,Manufacturing,Small,Basic,Annual,47.77,1
CUST_006794,2026-01-17,2026-06-30,5,United States,Professional Services,Small,Pro,Monthly,104.14,1
CUST_006795,2022-10-30,2026-06-30,43,United Kingdom,Healthcare,Mid-Market,Business,Annual,260.75,1
CUST_006796,2025-11-15,2026-06-30,7,Germany,Technology,Enterprise,Business,Annual,224.67,1
CUST_006797,2026-01-14,2026-06-30,5,Canada,Professional Services,Small,Pro,Annual,94.84,1
CUST_006798,2023-01-05,2026-06-30,41,United States,Manufacturing,Small,Basic,Annual,48.66,1
CUST_006799,2024-01-24,2026-06-30,29,United States,Technology,Mid-Market,Pro,Annual,95.71,1
CUST_006800,2023-03-25,2026-06-30,39,United States,Finance,Mid-Market,Business,Annual,263.56,1
CUST_006801,2022-03-25,2026-06-30,51,Germany,Retail,Small,Basic,Annual,49.03,1
CUST_006802,2026-01-28,2026-06-30,5,Canada,Manufacturing,Mid-Market,Business,Monthly,231.02,1
CUST_006803,2023-10-28,2026-06-30,32,Germany,Manufacturing,Enterprise,Pro,Annual,101.28,1
CUST_006804,2022-04-25,2026-06-30,50,Germany,Technology,Small,Basic,Monthly,50.26,0
CUST_006805,2024-04-01,2026-06-30,26,Germany,Technology,Small,Basic,Monthly,46.18,1
CUST_006806,2023-11-04,2026-06-30,31,Germany,Manufacturing,Small,Pro,Annual,94.59,1
CUST_006807,2023-12-20,2026-06-30,30,United Kingdom,Technology,Enterprise,Business,Annual,240.14,1
CUST_006808,2021-12-15,2026-06-30,54,Canada,Healthcare,Mid-Market,Business,Monthly,266.01,1
CUST_006809,2026-03-03,2026-06-30,3,United States,Healthcare,Small,Basic,Annual,48.78,1
CUST_006810,2022-02-06,2026-06-30,52,Australia,Finance,Enterprise,Business,Monthly,221.49,1
CUST_006811,2022-05-27,2026-06-30,49,India,Manufacturing,Small,Basic,Monthly,46.05,1
CUST_006812,2022-06-03,2026-06-30,48,Canada,Technology,Mid-Market,Enterprise,Annual,620.44,1
CUST_006813,2024-05-21,2026-06-30,25,India,Manufacturing,Mid-Market,Pro,Annual,96.98,1
CUST_006814,2023-11-17,2026-06-30,31,India,Retail,Mid-Market,Pro,Annual,92.92,1
CUST_006815,2024-08-07,2026-06-30,22,Canada,Healthcare,Mid-Market,Pro,Annual,97.13,1
CUST_006816,2025-03-06,2026-06-30,15,Germany,Professional Services,Small,Basic,Monthly,51.4,1
CUST_006817,2022-02-10,2026-06-30,52,United Kingdom,Technology,Small,Basic,Monthly,54.33,1
CUST_006818,2023-12-05,2026-06-30,30,United States,Manufacturing,Small,Basic,Monthly,48.86,1
CUST_006819,2022-11-10,2026-06-30,43,United States,Technology,Enterprise,Enterprise,Annual,613.66,0
CUST_006820,2025-12-02,2026-06-30,6,Canada,Professional Services,Small,Pro,Annual,98.5,1
CUST_006821,2022-07-15,2026-06-30,47,Australia,Technology,Small,Basic,Monthly,49.54,0
CUST_006822,2023-03-06,2026-06-30,39,United States,Retail,Small,Basic,Monthly,46.73,0
CUST_006823,2021-07-06,2026-06-30,59,Australia,Technology,Small,Basic,Monthly,52.54,1
CUST_006824,2025-10-03,2026-06-30,8,United Kingdom,Healthcare,Small,Business,Annual,243.29,1
CUST_006825,2023-10-05,2026-06-30,32,Germany,Technology,Small,Basic,Monthly,46.31,0
CUST_006826,2023-11-26,2026-06-30,31,United States,Technology,Small,Basic,Monthly,47.12,0
CUST_006827,2023-10-08,2026-06-30,32,Canada,Technology,Small,Pro,Monthly,102.29,1
CUST_006828,2026-02-23,2026-06-30,4,United States,Technology,Small,Basic,Monthly,47.29,0
CUST_006829,2024-02-02,2026-06-30,28,United States,Manufacturing,Enterprise,Pro,Monthly,106.51,0
CUST_006830,2024-12-10,2026-06-30,18,United States,Healthcare,Mid-Market,Enterprise,Annual,618.15,1
CUST_006831,2023-05-19,2026-06-30,37,United States,Technology,Mid-Market,Pro,Annual,103.26,1
CUST_006832,2025-04-10,2026-06-30,14,United States,Professional Services,Enterprise,Business,Annual,243.79,1
CUST_006833,2024-04-11,2026-06-30,26,United Kingdom,Retail,Mid-Market,Business,Annual,241.26,1
CUST_006834,2023-05-15,2026-06-30,37,Canada,Finance,Mid-Market,Business,Annual,249.41,0
CUST_006835,2026-02-06,2026-06-30,4,United States,Healthcare,Small,Basic,Monthly,46.09,0
CUST_006836,2022-07-19,2026-06-30,47,India,Healthcare,Small,Pro,Monthly,101.34,1
CUST_006837,2022-11-24,2026-06-30,43,United Kingdom,Retail,Small,Pro,Annual,103.54,1
CUST_006838,2026-02-18,2026-06-30,4,India,Professional Services,Enterprise,Enterprise,Annual,578.27,1
CUST_006839,2026-02-04,2026-06-30,4,United Kingdom,Retail,Small,Basic,Monthly,50.69,1
CUST_006840,2022-03-27,2026-06-30,51,United States,Professional Services,Small,Basic,Annual,49.62,1
CUST_006841,2025-01-08,2026-06-30,17,India,Manufacturing,Mid-Market,Enterprise,Annual,632.43,1
CUST_006842,2022-03-08,2026-06-30,51,India,Professional Services,Small,Pro,Monthly,107.14,0
CUST_006843,2023-12-17,2026-06-30,30,United Kingdom,Retail,Mid-Market,Business,Annual,258.73,1
CUST_006844,2024-09-24,2026-06-30,21,United Kingdom,Retail,Mid-Market,Business,Annual,248.3,1
CUST_006845,2025-01-25,2026-06-30,17,Canada,Manufacturing,Small,Basic,Monthly,51.95,1
CUST_006846,2023-03-06,2026-06-30,39,Canada,Manufacturing,Small,Business,Annual,249.59,1
CUST_006847,2025-11-16,2026-06-30,7,Germany,Technology,Small,Pro,Monthly,97.69,0
CUST_006848,2024-06-08,2026-06-30,24,Canada,Technology,Mid-Market,Business,Monthly,241.41,1
CUST_006849,2024-09-18,2026-06-30,21,United States,Technology,Enterprise,Enterprise,Annual,601.93,1
CUST_006850,2025-08-28,2026-06-30,10,United States,Finance,Mid-Market,Business,Annual,261.51,1
CUST_006851,2024-09-05,2026-06-30,21,United States,Professional Services,Small,Basic,Monthly,46.47,0
CUST_006852,2023-10-26,2026-06-30,32,United States,Manufacturing,Small,Basic,Annual,45.96,1
CUST_006853,2023-01-31,2026-06-30,40,United States,Technology,Mid-Market,Pro,Monthly,92.96,1
CUST_006854,2025-12-27,2026-06-30,6,India,Healthcare,Mid-Market,Business,Monthly,261.72,0
CUST_006855,2022-02-16,2026-06-30,52,United States,Technology,Small,Pro,Monthly,100.97,1
CUST_006856,2022-02-05,2026-06-30,52,United States,Professional Services,Small,Basic,Monthly,52.61,1
CUST_006857,2023-01-05,2026-06-30,41,United States,Professional Services,Small,Basic,Monthly,47.73,1
CUST_006858,2021-11-14,2026-06-30,55,United Kingdom,Technology,Small,Basic,Monthly,46.0,0
CUST_006859,2024-04-23,2026-06-30,26,United Kingdom,Healthcare,Mid-Market,Business,Monthly,268.38,0
CUST_006860,2022-05-18,2026-06-30,49,United Kingdom,Professional Services,Enterprise,Enterprise,Annual,576.97,1
CUST_006861,2022-11-03,2026-06-30,43,India,Retail,Small,Pro,Annual,102.35,1
CUST_006862,2023-08-26,2026-06-30,34,India,Professional Services,Small,Basic,Annual,45.73,1
CUST_006863,2025-07-13,2026-06-30,11,Australia,Finance,Small,Basic,Monthly,49.44,1
CUST_006864,2023-09-04,2026-06-30,33,Australia,Technology,Small,Basic,Monthly,48.6,1
CUST_006865,2021-12-26,2026-06-30,54,United States,Retail,Small,Basic,Monthly,45.51,1
CUST_006866,2021-07-29,2026-06-30,59,United Kingdom,Technology,Small,Basic,Annual,53.64,1
CUST_006867,2024-03-18,2026-06-30,27,United States,Professional Services,Small,Pro,Annual,94.6,1
CUST_006868,2025-03-13,2026-06-30,15,Australia,Manufacturing,Mid-Market,Pro,Annual,94.37,1
CUST_006869,2022-09-28,2026-06-30,45,United States,Finance,Mid-Market,Pro,Annual,95.76,1
CUST_006870,2026-01-15,2026-06-30,5,United States,Healthcare,Mid-Market,Business,Annual,221.87,1
CUST_006871,2025-09-02,2026-06-30,9,United States,Manufacturing,Small,Basic,Monthly,48.2,1
CUST_006872,2023-08-27,2026-06-30,34,United Kingdom,Professional Services,Small,Pro,Monthly,95.76,0
CUST_006873,2021-07-19,2026-06-30,59,Germany,Finance,Small,Pro,Annual,103.91,1
CUST_006874,2024-10-18,2026-06-30,20,United States,Manufacturing,Small,Pro,Annual,100.56,1
CUST_006875,2024-03-27,2026-06-30,27,Canada,Technology,Small,Basic,Monthly,45.89,0
CUST_006876,2024-10-30,2026-06-30,19,United States,Professional Services,Small,Basic,Monthly,47.4,0
CUST_006877,2024-04-01,2026-06-30,26,Australia,Retail,Enterprise,Business,Annual,275.84,1
CUST_006878,2026-05-19,2026-06-30,1,United States,Technology,Enterprise,Enterprise,Annual,571.69,1
CUST_006879,2023-06-29,2026-06-30,36,United States,Manufacturing,Mid-Market,Pro,Monthly,103.08,1
CUST_006880,2023-06-26,2026-06-30,36,United Kingdom,Manufacturing,Mid-Market,Business,Annual,240.53,0
CUST_006881,2024-11-11,2026-06-30,19,United Kingdom,Manufacturing,Mid-Market,Enterprise,Annual,568.96,1
CUST_006882,2025-02-12,2026-06-30,16,Australia,Finance,Mid-Market,Business,Annual,242.25,1
CUST_006883,2022-09-02,2026-06-30,45,United Kingdom,Manufacturing,Mid-Market,Pro,Monthly,106.28,0
CUST_006884,2025-06-28,2026-06-30,12,India,Professional Services,Small,Pro,Monthly,91.74,0
CUST_006885,2026-03-08,2026-06-30,3,United States,Finance,Enterprise,Business,Annual,257.17,1
CUST_006886,2026-03-20,2026-06-30,3,United States,Technology,Mid-Market,Enterprise,Monthly,635.52,1
CUST_006887,2022-01-30,2026-06-30,52,India,Professional Services,Small,Basic,Monthly,47.65,1
CUST_006888,2024-08-15,2026-06-30,22,United States,Retail,Small,Pro,Monthly,103.94,1
CUST_006889,2025-11-30,2026-06-30,6,Australia,Healthcare,Mid-Market,Basic,Monthly,51.06,0
CUST_006890,2022-02-04,2026-06-30,52,United States,Professional Services,Enterprise,Enterprise,Annual,574.84,1
CUST_006891,2025-09-07,2026-06-30,9,Canada,Technology,Small,Basic,Monthly,46.67,0
CUST_006892,2024-10-04,2026-06-30,20,United States,Manufacturing,Small,Basic,Annual,48.62,1
CUST_006893,2026-04-24,2026-06-30,2,United Kingdom,Healthcare,Small,Basic,Monthly,49.27,0
CUST_006894,2023-01-29,2026-06-30,40,Australia,Technology,Small,Basic,Monthly,48.09,1
CUST_006895,2022-12-23,2026-06-30,42,United States,Professional Services,Small,Basic,Annual,50.38,1
CUST_006896,2022-09-11,2026-06-30,45,United States,Manufacturing,Small,Pro,Monthly,95.17,0
CUST_006897,2025-02-13,2026-06-30,16,United States,Technology,Small,Basic,Monthly,46.77,0
CUST_006898,2024-10-20,2026-06-30,20,United States,Professional Services,Small,Pro,Monthly,99.02,1
CUST_006899,2021-10-21,2026-06-30,56,United States,Professional Services,Mid-Market,Basic,Annual,49.56,1
CUST_006900,2022-05-18,2026-06-30,49,India,Manufacturing,Small,Pro,Monthly,105.49,0
CUST_006901,2026-03-26,2026-06-30,3,United States,Technology,Small,Business,Annual,254.66,1
CUST_006902,2023-01-06,2026-06-30,41,Canada,Technology,Small,Basic,Monthly,50.74,1
CUST_006903,2022-06-03,2026-06-30,48,Canada,Manufacturing,Mid-Market,Enterprise,Annual,588.67,0
CUST_006904,2023-09-01,2026-06-30,33,United States,Professional Services,Small,Pro,Monthly,97.33,0
CUST_006905,2023-04-09,2026-06-30,38,United States,Technology,Mid-Market,Business,Annual,241.09,0
CUST_006906,2026-05-30,2026-06-30,1,Germany,Healthcare,Small,Basic,Monthly,49.45,1
CUST_006907,2026-04-08,2026-06-30,2,United Kingdom,Technology,Small,Business,Annual,250.81,1
CUST_006908,2026-03-30,2026-06-30,3,Australia,Healthcare,Enterprise,Enterprise,Annual,601.9,1
CUST_006909,2025-08-19,2026-06-30,10,Canada,Retail,Small,Basic,Monthly,48.5,1
CUST_006910,2021-07-18,2026-06-30,59,United Kingdom,Technology,Small,Basic,Monthly,48.9,1
CUST_006911,2023-04-19,2026-06-30,38,India,Retail,Small,Basic,Annual,53.06,1
CUST_006912,2022-07-27,2026-06-30,47,India,Retail,Small,Basic,Monthly,49.67,0
CUST_006913,2024-12-17,2026-06-30,18,India,Healthcare,Mid-Market,Pro,Annual,101.89,1
CUST_006914,2021-10-22,2026-06-30,56,United States,Professional Services,Mid-Market,Enterprise,Annual,613.04,1
CUST_006915,2025-06-08,2026-06-30,12,India,Technology,Enterprise,Enterprise,Annual,593.78,1
CUST_006916,2021-12-24,2026-06-30,54,Australia,Technology,Small,Basic,Monthly,50.32,1
CUST_006917,2026-04-06,2026-06-30,2,Australia,Healthcare,Small,Basic,Monthly,49.05,1
CUST_006918,2026-04-25,2026-06-30,2,United Kingdom,Healthcare,Enterprise,Enterprise,Annual,561.55,0
CUST_006919,2026-01-10,2026-06-30,5,India,Finance,Small,Business,Annual,241.77,1
CUST_006920,2022-07-10,2026-06-30,47,Canada,Professional Services,Mid-Market,Business,Annual,273.82,1
CUST_006921,2025-02-23,2026-06-30,16,Germany,Finance,Mid-Market,Business,Annual,263.53,1
CUST_006922,2024-03-13,2026-06-30,27,Germany,Finance,Small,Pro,Monthly,97.52,0
CUST_006923,2024-02-05,2026-06-30,28,Germany,Manufacturing,Enterprise,Enterprise,Annual,619.21,1
CUST_006924,2022-07-14,2026-06-30,47,Germany,Professional Services,Small,Basic,Annual,49.54,1
CUST_006925,2024-09-13,2026-06-30,21,United States,Healthcare,Mid-Market,Business,Annual,270.7,1
CUST_006926,2026-05-19,2026-06-30,1,United States,Technology,Small,Pro,Annual,98.36,1
CUST_006927,2024-07-07,2026-06-30,23,United States,Finance,Mid-Market,Business,Annual,251.79,1
CUST_006928,2024-12-30,2026-06-30,17,Germany,Technology,Small,Pro,Annual,95.05,1
CUST_006929,2022-10-28,2026-06-30,44,Germany,Healthcare,Small,Basic,Monthly,48.67,1
CUST_006930,2022-09-21,2026-06-30,45,Australia,Retail,Enterprise,Business,Annual,214.87,1
CUST_006931,2025-12-17,2026-06-30,6,Australia,Finance,Small,Pro,Monthly,100.29,1
CUST_006932,2022-07-08,2026-06-30,47,United Kingdom,Healthcare,Small,Basic,Annual,51.46,1
CUST_006933,2026-01-25,2026-06-30,5,United States,Manufacturing,Small,Basic,Monthly,53.15,1
CUST_006934,2023-05-15,2026-06-30,37,United Kingdom,Technology,Mid-Market,Business,Monthly,254.99,1
CUST_006935,2024-07-02,2026-06-30,23,India,Technology,Small,Basic,Monthly,48.1,0
CUST_006936,2024-12-07,2026-06-30,18,United Kingdom,Manufacturing,Mid-Market,Business,Annual,238.77,1
CUST_006937,2024-01-15,2026-06-30,29,India,Technology,Mid-Market,Business,Monthly,243.08,1
CUST_006938,2024-11-20,2026-06-30,19,India,Technology,Mid-Market,Business,Annual,229.1,1
CUST_006939,2022-07-07,2026-06-30,47,United States,Technology,Enterprise,Enterprise,Annual,591.46,1
CUST_006940,2021-08-30,2026-06-30,57,Germany,Retail,Enterprise,Business,Annual,233.74,1
CUST_006941,2022-05-28,2026-06-30,49,United Kingdom,Retail,Small,Business,Monthly,241.56,0
CUST_006942,2024-04-03,2026-06-30,26,Canada,Healthcare,Mid-Market,Business,Monthly,246.46,0
CUST_006943,2023-12-10,2026-06-30,30,United States,Healthcare,Small,Pro,Monthly,100.63,0
CUST_006944,2024-03-20,2026-06-30,27,United States,Healthcare,Small,Pro,Monthly,90.83,0
CUST_006945,2022-07-07,2026-06-30,47,United States,Technology,Small,Basic,Monthly,48.16,1
CUST_006946,2023-09-13,2026-06-30,33,United Kingdom,Professional Services,Small,Basic,Monthly,50.68,1
CUST_006947,2024-02-11,2026-06-30,28,United States,Professional Services,Small,Basic,Monthly,52.43,0
CUST_006948,2024-05-26,2026-06-30,25,Canada,Healthcare,Small,Pro,Annual,98.63,1
CUST_006949,2024-07-27,2026-06-30,23,United Kingdom,Finance,Mid-Market,Basic,Monthly,54.38,0
CUST_006950,2023-09-12,2026-06-30,33,Canada,Manufacturing,Enterprise,Pro,Annual,102.47,1
CUST_006951,2023-01-11,2026-06-30,41,India,Technology,Small,Business,Annual,249.77,1
CUST_006952,2024-04-15,2026-06-30,26,Canada,Finance,Small,Business,Monthly,264.48,1
CUST_006953,2022-06-14,2026-06-30,48,United States,Professional Services,Small,Pro,Monthly,96.49,1
CUST_006954,2022-05-09,2026-06-30,49,India,Technology,Small,Basic,Monthly,46.43,0
CUST_006955,2024-04-21,2026-06-30,26,Australia,Technology,Enterprise,Enterprise,Annual,626.82,0
CUST_006956,2021-12-12,2026-06-30,54,United Kingdom,Healthcare,Small,Business,Annual,255.61,1
CUST_006957,2025-07-25,2026-06-30,11,Germany,Retail,Small,Basic,Monthly,51.56,0
CUST_006958,2021-10-31,2026-06-30,55,United States,Retail,Small,Basic,Monthly,51.5,0
CUST_006959,2024-12-20,2026-06-30,18,Germany,Technology,Small,Business,Annual,274.03,1
CUST_006960,2023-08-23,2026-06-30,34,United States,Manufacturing,Small,Basic,Monthly,45.44,1
CUST_006961,2025-01-07,2026-06-30,17,Canada,Technology,Enterprise,Enterprise,Annual,588.38,1
CUST_006962,2024-03-29,2026-06-30,27,United States,Professional Services,Mid-Market,Business,Monthly,245.42,1
CUST_006963,2024-09-28,2026-06-30,21,Germany,Technology,Small,Basic,Monthly,51.86,0
CUST_006964,2022-12-13,2026-06-30,42,United States,Technology,Mid-Market,Basic,Monthly,49.91,1
CUST_006965,2026-01-06,2026-06-30,5,United States,Retail,Enterprise,Enterprise,Annual,634.06,1
CUST_006966,2022-04-18,2026-06-30,50,United States,Technology,Small,Pro,Monthly,100.4,1
CUST_006967,2021-12-21,2026-06-30,54,Germany,Retail,Mid-Market,Enterprise,Annual,598.45,1
CUST_006968,2023-08-25,2026-06-30,34,United States,Technology,Mid-Market,Business,Monthly,257.47,1
CUST_006969,2023-09-22,2026-06-30,33,Canada,Healthcare,Mid-Market,Enterprise,Annual,606.83,1
CUST_006970,2022-12-22,2026-06-30,42,United States,Technology,Small,Basic,Monthly,49.95,1
CUST_006971,2025-06-08,2026-06-30,12,Australia,Healthcare,Mid-Market,Pro,Monthly,102.23,1
CUST_006972,2022-09-24,2026-06-30,45,United States,Technology,Mid-Market,Enterprise,Annual,611.99,1
CUST_006973,2025-05-04,2026-06-30,13,India,Finance,Mid-Market,Basic,Monthly,51.41,0
CUST_006974,2023-02-02,2026-06-30,40,United States,Technology,Small,Basic,Monthly,49.13,0
CUST_006975,2024-11-29,2026-06-30,18,United States,Manufacturing,Small,Basic,Annual,49.42,1
CUST_006976,2022-09-30,2026-06-30,44,United States,Manufacturing,Mid-Market,Business,Annual,236.54,1
CUST_006977,2022-07-12,2026-06-30,47,United States,Technology,Mid-Market,Business,Annual,261.24,1
CUST_006978,2025-05-22,2026-06-30,13,Canada,Technology,Enterprise,Enterprise,Annual,650.25,1
CUST_006979,2023-05-19,2026-06-30,37,United States,Technology,Small,Basic,Monthly,44.58,0
CUST_006980,2023-12-19,2026-06-30,30,India,Technology,Small,Basic,Annual,50.57,1
CUST_006981,2024-12-20,2026-06-30,18,Canada,Healthcare,Mid-Market,Pro,Monthly,98.28,0
CUST_006982,2023-07-11,2026-06-30,35,United States,Finance,Mid-Market,Enterprise,Annual,593.48,1
CUST_006983,2021-07-15,2026-06-30,59,Canada,Professional Services,Small,Basic,Annual,50.54,1
CUST_006984,2026-05-27,2026-06-30,1,United States,Manufacturing,Mid-Market,Pro,Monthly,98.85,1
CUST_006985,2021-09-17,2026-06-30,57,United States,Technology,Small,Basic,Monthly,49.96,1
CUST_006986,2022-03-17,2026-06-30,51,United States,Technology,Small,Basic,Monthly,48.12,1
CUST_006987,2023-10-24,2026-06-30,32,United States,Technology,Small,Pro,Monthly,106.45,0
CUST_006988,2023-06-02,2026-06-30,36,United States,Technology,Small,Basic,Monthly,48.43,1
CUST_006989,2024-08-07,2026-06-30,22,India,Healthcare,Mid-Market,Business,Annual,239.52,1
CUST_006990,2025-10-12,2026-06-30,8,United Kingdom,Technology,Small,Basic,Monthly,49.85,1
CUST_006991,2023-08-10,2026-06-30,34,India,Technology,Enterprise,Pro,Monthly,94.87,0
CUST_006992,2022-05-27,2026-06-30,49,United States,Technology,Small,Pro,Annual,100.16,1
CUST_006993,2025-04-12,2026-06-30,14,India,Retail,Mid-Market,Business,Annual,269.51,1
CUST_006994,2022-11-21,2026-06-30,43,United States,Technology,Small,Basic,Monthly,48.89,0
CUST_006995,2022-09-27,2026-06-30,45,United States,Professional Services,Small,Pro,Annual,92.3,1
CUST_006996,2022-09-08,2026-06-30,45,Australia,Finance,Mid-Market,Business,Annual,243.83,1
CUST_006997,2024-09-28,2026-06-30,21,United States,Finance,Enterprise,Enterprise,Annual,623.33,1
CUST_006998,2024-06-27,2026-06-30,24,Canada,Healthcare,Enterprise,Enterprise,Annual,602.2,1
CUST_006999,2024-05-14,2026-06-30,25,Australia,Healthcare,Small,Pro,Monthly,102.47,1
CUST_007000,2022-03-20,2026-06-30,51,United Kingdom,Healthcare,Small,Basic,Monthly,47.45,1
CUST_007001,2021-12-27,2026-06-30,54,Canada,Healthcare,Small,Basic,Monthly,47.99,1
CUST_007002,2024-05-18,2026-06-30,25,United States,Finance,Small,Basic,Monthly,50.55,0
CUST_007003,2021-08-24,2026-06-30,58,United States,Finance,Small,Basic,Monthly,52.95,1
CUST_007004,2023-08-11,2026-06-30,34,India,Technology,Enterprise,Enterprise,Annual,587.4,1
CUST_007005,2024-07-09,2026-06-30,23,United States,Retail,Mid-Market,Business,Annual,249.47,1
CUST_007006,2026-05-30,2026-06-30,1,United States,Retail,Small,Basic,Monthly,51.69,0
CUST_007007,2023-05-31,2026-06-30,36,United States,Retail,Enterprise,Enterprise,Annual,602.92,1
CUST_007008,2023-03-31,2026-06-30,38,India,Professional Services,Mid-Market,Enterprise,Annual,618.1,1
CUST_007009,2021-08-27,2026-06-30,58,Germany,Healthcare,Small,Basic,Annual,47.19,1
CUST_007010,2022-11-19,2026-06-30,43,Canada,Professional Services,Mid-Market,Business,Monthly,249.04,1
CUST_007011,2026-04-08,2026-06-30,2,India,Healthcare,Mid-Market,Pro,Annual,95.92,1
CUST_007012,2023-08-18,2026-06-30,34,United States,Healthcare,Small,Business,Annual,228.01,0
CUST_007013,2022-10-06,2026-06-30,44,India,Retail,Small,Basic,Monthly,46.83,0
CUST_007014,2023-12-22,2026-06-30,30,United States,Technology,Small,Pro,Annual,101.22,1
CUST_007015,2024-04-21,2026-06-30,26,United States,Technology,Small,Business,Annual,255.87,0
CUST_007016,2022-06-08,2026-06-30,48,United States,Healthcare,Mid-Market,Business,Annual,258.57,1
CUST_007017,2023-05-30,2026-06-30,37,India,Technology,Small,Pro,Monthly,101.52,1
CUST_007018,2023-01-24,2026-06-30,41,India,Technology,Small,Basic,Monthly,48.46,1
CUST_007019,2024-02-18,2026-06-30,28,United Kingdom,Manufacturing,Enterprise,Business,Annual,226.18,1
CUST_007020,2025-01-17,2026-06-30,17,United States,Healthcare,Enterprise,Business,Annual,234.76,0
CUST_007021,2023-11-12,2026-06-30,31,United States,Technology,Mid-Market,Business,Annual,262.75,0
CUST_007022,2021-09-13,2026-06-30,57,Canada,Technology,Mid-Market,Basic,Annual,46.94,1
CUST_007023,2023-06-15,2026-06-30,36,United States,Professional Services,Enterprise,Business,Annual,248.07,1
CUST_007024,2022-12-09,2026-06-30,42,United States,Professional Services,Mid-Market,Business,Annual,249.78,1
CUST_007025,2025-10-21,2026-06-30,8,United Kingdom,Retail,Small,Basic,Monthly,45.61,0
CUST_007026,2021-07-23,2026-06-30,59,United Kingdom,Technology,Small,Pro,Annual,100.64,0
CUST_007027,2025-03-18,2026-06-30,15,India,Finance,Small,Basic,Annual,52.74,1
CUST_007028,2021-08-22,2026-06-30,58,Canada,Finance,Small,Basic,Annual,48.95,1
CUST_007029,2024-03-22,2026-06-30,27,United States,Manufacturing,Small,Basic,Monthly,48.34,0
CUST_007030,2021-11-24,2026-06-30,55,Canada,Healthcare,Small,Pro,Annual,93.27,1
CUST_007031,2022-01-12,2026-06-30,53,United States,Manufacturing,Small,Basic,Annual,48.33,1
CUST_007032,2022-09-14,2026-06-30,45,United Kingdom,Finance,Mid-Market,Pro,Monthly,101.68,1
CUST_007033,2021-11-29,2026-06-30,54,Australia,Professional Services,Small,Pro,Monthly,98.97,1
CUST_007034,2023-06-03,2026-06-30,36,United States,Healthcare,Small,Basic,Monthly,47.92,1
CUST_007035,2022-03-30,2026-06-30,51,United States,Healthcare,Mid-Market,Business,Annual,261.52,1
CUST_007036,2025-07-26,2026-06-30,11,India,Healthcare,Small,Basic,Annual,48.36,1
CUST_007037,2026-01-25,2026-06-30,5,Canada,Retail,Small,Business,Annual,243.67,1
CUST_007038,2023-09-29,2026-06-30,33,United Kingdom,Professional Services,Small,Pro,Monthly,99.7,1
CUST_007039,2022-06-08,2026-06-30,48,Germany,Healthcare,Mid-Market,Basic,Monthly,52.2,1
CUST_007040,2022-08-27,2026-06-30,46,United Kingdom,Professional Services,Enterprise,Enterprise,Annual,594.37,1
CUST_007041,2023-10-27,2026-06-30,32,United States,Finance,Small,Basic,Annual,46.83,1
CUST_007042,2023-11-09,2026-06-30,31,Australia,Finance,Mid-Market,Pro,Monthly,101.7,1
CUST_007043,2023-06-02,2026-06-30,36,India,Finance,Enterprise,Enterprise,Annual,589.06,1
CUST_007044,2022-02-23,2026-06-30,52,United States,Technology,Enterprise,Enterprise,Annual,615.62,1
CUST_007045,2022-04-11,2026-06-30,50,United States,Professional Services,Mid-Market,Business,Monthly,223.49,1
CUST_007046,2025-11-16,2026-06-30,7,Germany,Technology,Mid-Market,Business,Monthly,249.46,1
CUST_007047,2023-06-27,2026-06-30,36,United Kingdom,Finance,Small,Basic,Annual,48.39,1
CUST_007048,2024-07-17,2026-06-30,23,United States,Finance,Small,Pro,Monthly,94.25,1
CUST_007049,2022-06-27,2026-06-30,48,United Kingdom,Manufacturing,Small,Basic,Monthly,46.03,1
CUST_007050,2023-12-05,2026-06-30,30,Germany,Professional Services,Small,Basic,Monthly,48.31,0
CUST_007051,2021-07-17,2026-06-30,59,Canada,Manufacturing,Enterprise,Enterprise,Annual,566.97,1
CUST_007052,2024-04-15,2026-06-30,26,United States,Finance,Small,Enterprise,Annual,510.17,1
CUST_007053,2023-01-28,2026-06-30,41,United States,Healthcare,Small,Business,Monthly,234.37,1
CUST_007054,2025-11-18,2026-06-30,7,Canada,Technology,Enterprise,Enterprise,Annual,562.5,1
CUST_007055,2021-10-31,2026-06-30,55,India,Professional Services,Small,Basic,Monthly,49.07,0
CUST_007056,2025-08-29,2026-06-30,10,United Kingdom,Technology,Small,Basic,Monthly,46.09,0
CUST_007057,2024-07-21,2026-06-30,23,United States,Professional Services,Small,Business,Monthly,248.99,1
CUST_007058,2022-04-19,2026-06-30,50,India,Manufacturing,Small,Basic,Monthly,46.66,0
CUST_007059,2021-08-29,2026-06-30,58,United States,Manufacturing,Small,Basic,Annual,50.92,1
CUST_007060,2024-01-13,2026-06-30,29,Canada,Manufacturing,Small,Basic,Monthly,49.92,0
CUST_007061,2024-01-12,2026-06-30,29,United States,Finance,Mid-Market,Business,Annual,245.26,1
CUST_007062,2026-03-05,2026-06-30,3,Germany,Finance,Small,Basic,Monthly,49.35,0
CUST_007063,2021-08-08,2026-06-30,58,Germany,Finance,Mid-Market,Business,Annual,256.16,1
CUST_007064,2026-05-02,2026-06-30,1,Australia,Technology,Small,Pro,Monthly,99.3,0
CUST_007065,2026-04-15,2026-06-30,2,United States,Manufacturing,Small,Basic,Annual,49.35,1
CUST_007066,2024-02-02,2026-06-30,28,Canada,Healthcare,Small,Pro,Monthly,88.57,1
CUST_007067,2026-05-25,2026-06-30,1,United States,Professional Services,Mid-Market,Business,Monthly,242.55,0
CUST_007068,2025-08-09,2026-06-30,10,India,Professional Services,Mid-Market,Pro,Monthly,95.15,0
CUST_007069,2023-05-01,2026-06-30,37,United States,Technology,Small,Basic,Annual,51.57,1
CUST_007070,2022-12-13,2026-06-30,42,United Kingdom,Technology,Mid-Market,Business,Monthly,244.14,0
CUST_007071,2024-12-12,2026-06-30,18,Germany,Healthcare,Small,Basic,Annual,47.35,1
CUST_007072,2022-07-04,2026-06-30,47,United States,Technology,Mid-Market,Pro,Monthly,101.88,0
CUST_007073,2023-06-06,2026-06-30,36,United States,Retail,Enterprise,Enterprise,Annual,553.51,0
CUST_007074,2025-04-17,2026-06-30,14,United States,Manufacturing,Small,Basic,Monthly,48.79,0
CUST_007075,2022-11-30,2026-06-30,42,United Kingdom,Manufacturing,Small,Basic,Monthly,44.16,1
CUST_007076,2023-07-04,2026-06-30,35,India,Healthcare,Small,Basic,Monthly,47.24,0
CUST_007077,2022-06-04,2026-06-30,48,Canada,Professional Services,Mid-Market,Pro,Annual,96.71,1
CUST_007078,2025-08-27,2026-06-30,10,India,Retail,Small,Basic,Monthly,52.57,0
CUST_007079,2025-04-12,2026-06-30,14,United States,Professional Services,Small,Basic,Monthly,48.64,1
CUST_007080,2024-12-03,2026-06-30,18,United States,Manufacturing,Enterprise,Enterprise,Annual,572.33,1
CUST_007081,2024-09-26,2026-06-30,21,India,Manufacturing,Small,Pro,Annual,98.34,1
CUST_007082,2022-01-17,2026-06-30,53,India,Technology,Mid-Market,Business,Annual,266.94,1
CUST_007083,2022-10-25,2026-06-30,44,United States,Professional Services,Small,Pro,Annual,88.83,1
CUST_007084,2023-09-28,2026-06-30,33,Germany,Finance,Enterprise,Business,Monthly,258.62,1
CUST_007085,2023-10-04,2026-06-30,32,India,Healthcare,Mid-Market,Business,Annual,253.72,1
CUST_007086,2022-01-22,2026-06-30,53,Germany,Healthcare,Small,Pro,Monthly,98.42,1
CUST_007087,2024-03-21,2026-06-30,27,United Kingdom,Finance,Small,Pro,Monthly,97.46,1
CUST_007088,2025-04-22,2026-06-30,14,United States,Technology,Small,Business,Annual,266.89,1
CUST_007089,2025-09-28,2026-06-30,9,United States,Technology,Mid-Market,Business,Annual,257.94,1
CUST_007090,2024-10-16,2026-06-30,20,United Kingdom,Manufacturing,Small,Business,Monthly,236.08,0
CUST_007091,2023-03-16,2026-06-30,39,Canada,Retail,Enterprise,Pro,Monthly,99.11,1
CUST_007092,2024-02-06,2026-06-30,28,United States,Professional Services,Mid-Market,Basic,Monthly,52.05,1
CUST_007093,2024-05-04,2026-06-30,25,United States,Professional Services,Enterprise,Business,Monthly,255.7,1
CUST_007094,2024-01-21,2026-06-30,29,United States,Healthcare,Small,Pro,Monthly,100.3,1
CUST_007095,2021-08-16,2026-06-30,58,Canada,Manufacturing,Small,Basic,Annual,45.81,1
CUST_007096,2021-07-06,2026-06-30,59,United States,Retail,Small,Basic,Annual,54.67,1
CUST_007097,2025-08-15,2026-06-30,10,United States,Finance,Small,Business,Annual,257.98,1
CUST_007098,2025-11-07,2026-06-30,7,United States,Professional Services,Small,Pro,Monthly,107.83,1
CUST_007099,2025-03-19,2026-06-30,15,India,Professional Services,Small,Basic,Monthly,49.74,0
CUST_007100,2022-03-24,2026-06-30,51,United Kingdom,Technology,Mid-Market,Basic,Annual,48.96,1
CUST_007101,2024-02-27,2026-06-30,28,United States,Professional Services,Small,Pro,Annual,95.81,1
CUST_007102,2022-03-03,2026-06-30,51,Canada,Technology,Small,Business,Annual,261.14,1
CUST_007103,2023-03-28,2026-06-30,39,Canada,Professional Services,Small,Pro,Annual,106.41,1
CUST_007104,2023-09-12,2026-06-30,33,United Kingdom,Retail,Mid-Market,Pro,Annual,104.15,0
CUST_007105,2025-01-11,2026-06-30,17,United Kingdom,Technology,Mid-Market,Business,Monthly,277.08,0
CUST_007106,2024-09-21,2026-06-30,21,United Kingdom,Manufacturing,Mid-Market,Pro,Monthly,99.65,1
CUST_007107,2025-09-08,2026-06-30,9,Germany,Healthcare,Small,Business,Annual,241.27,1
CUST_007108,2023-11-11,2026-06-30,31,United States,Technology,Mid-Market,Business,Monthly,252.2,0
CUST_007109,2025-01-13,2026-06-30,17,United States,Manufacturing,Mid-Market,Business,Monthly,259.01,1
CUST_007110,2024-12-23,2026-06-30,18,United States,Manufacturing,Small,Basic,Annual,48.36,1
CUST_007111,2026-03-22,2026-06-30,3,Canada,Healthcare,Small,Basic,Monthly,48.89,1
CUST_007112,2022-06-27,2026-06-30,48,Canada,Manufacturing,Enterprise,Enterprise,Annual,605.4,1
CUST_007113,2021-10-19,2026-06-30,56,Germany,Technology,Small,Pro,Monthly,101.44,0
CUST_007114,2023-12-19,2026-06-30,30,United States,Finance,Small,Basic,Monthly,49.33,1
CUST_007115,2023-10-12,2026-06-30,32,United Kingdom,Retail,Small,Pro,Monthly,100.04,0
CUST_007116,2021-11-12,2026-06-30,55,United States,Technology,Enterprise,Business,Monthly,256.92,1
CUST_007117,2023-11-25,2026-06-30,31,United States,Healthcare,Small,Pro,Annual,102.8,0
CUST_007118,2023-05-10,2026-06-30,37,Germany,Professional Services,Enterprise,Enterprise,Annual,584.17,1
CUST_007119,2024-04-23,2026-06-30,26,United States,Professional Services,Mid-Market,Basic,Annual,44.5,1
CUST_007120,2023-11-20,2026-06-30,31,United States,Retail,Mid-Market,Business,Monthly,236.07,1
CUST_007121,2023-11-07,2026-06-30,31,United States,Retail,Small,Basic,Monthly,50.13,1
CUST_007122,2022-12-02,2026-06-30,42,Germany,Professional Services,Small,Basic,Monthly,47.21,0
CUST_007123,2023-06-12,2026-06-30,36,United States,Professional Services,Mid-Market,Enterprise,Annual,606.95,1
CUST_007124,2023-12-09,2026-06-30,30,India,Technology,Enterprise,Enterprise,Annual,597.29,1
CUST_007125,2026-01-15,2026-06-30,5,India,Healthcare,Enterprise,Business,Annual,249.83,1
CUST_007126,2021-12-20,2026-06-30,54,Australia,Technology,Enterprise,Enterprise,Annual,613.72,1
CUST_007127,2022-01-18,2026-06-30,53,United States,Technology,Mid-Market,Business,Monthly,263.82,0
CUST_007128,2025-07-04,2026-06-30,11,United Kingdom,Finance,Small,Pro,Monthly,98.92,0
CUST_007129,2024-12-21,2026-06-30,18,United States,Retail,Small,Basic,Monthly,46.45,1
CUST_007130,2021-08-18,2026-06-30,58,India,Manufacturing,Small,Basic,Monthly,49.76,1
CUST_007131,2024-11-01,2026-06-30,19,Canada,Professional Services,Small,Basic,Annual,50.75,1
CUST_007132,2022-06-04,2026-06-30,48,United States,Healthcare,Small,Business,Annual,220.94,1
CUST_007133,2022-07-21,2026-06-30,47,United States,Healthcare,Small,Business,Annual,240.01,1
CUST_007134,2022-03-08,2026-06-30,51,Australia,Technology,Small,Basic,Annual,49.07,1
CUST_007135,2026-05-03,2026-06-30,1,India,Technology,Small,Basic,Monthly,47.82,1
CUST_007136,2024-01-16,2026-06-30,29,Canada,Technology,Mid-Market,Pro,Monthly,99.67,1
CUST_007137,2023-08-20,2026-06-30,34,Canada,Professional Services,Mid-Market,Pro,Monthly,95.91,0
CUST_007138,2022-04-20,2026-06-30,50,Germany,Technology,Mid-Market,Basic,Monthly,51.3,0
CUST_007139,2025-04-24,2026-06-30,14,Australia,Manufacturing,Mid-Market,Business,Monthly,249.64,1
CUST_007140,2024-11-27,2026-06-30,19,Germany,Finance,Small,Basic,Monthly,44.59,0
CUST_007141,2025-07-13,2026-06-30,11,United States,Healthcare,Small,Basic,Monthly,50.79,1
CUST_007142,2022-09-02,2026-06-30,45,United Kingdom,Professional Services,Small,Business,Annual,258.9,1
CUST_007143,2021-07-04,2026-06-30,59,India,Professional Services,Small,Basic,Monthly,48.91,1
CUST_007144,2025-09-21,2026-06-30,9,United States,Technology,Mid-Market,Business,Annual,226.1,1
CUST_007145,2025-04-08,2026-06-30,14,United States,Professional Services,Mid-Market,Enterprise,Annual,626.01,0
CUST_007146,2024-11-26,2026-06-30,19,United States,Finance,Small,Pro,Monthly,93.94,1
CUST_007147,2022-01-17,2026-06-30,53,Canada,Manufacturing,Enterprise,Business,Monthly,244.5,1
CUST_007148,2024-03-22,2026-06-30,27,Australia,Technology,Small,Basic,Monthly,47.59,1
CUST_007149,2025-01-10,2026-06-30,17,United States,Healthcare,Small,Pro,Annual,91.87,1
CUST_007150,2024-10-30,2026-06-30,19,United Kingdom,Manufacturing,Enterprise,Pro,Annual,99.03,1
CUST_007151,2023-06-23,2026-06-30,36,United States,Professional Services,Mid-Market,Business,Annual,251.52,1
CUST_007152,2024-07-06,2026-06-30,23,India,Professional Services,Mid-Market,Pro,Monthly,99.56,1
CUST_007153,2025-09-21,2026-06-30,9,Australia,Finance,Mid-Market,Business,Annual,246.39,1
CUST_007154,2022-05-20,2026-06-30,49,United Kingdom,Professional Services,Small,Basic,Monthly,47.17,1
CUST_007155,2024-05-04,2026-06-30,25,Germany,Finance,Mid-Market,Pro,Annual,106.27,1
CUST_007156,2025-02-25,2026-06-30,16,United States,Technology,Mid-Market,Business,Monthly,251.31,0
CUST_007157,2022-11-01,2026-06-30,43,Australia,Technology,Small,Basic,Annual,46.71,1
CUST_007158,2022-10-02,2026-06-30,44,Germany,Technology,Small,Pro,Monthly,101.18,0
CUST_007159,2025-08-26,2026-06-30,10,United States,Technology,Enterprise,Enterprise,Annual,609.91,1
CUST_007160,2026-01-19,2026-06-30,5,India,Retail,Small,Pro,Monthly,102.05,0
CUST_007161,2026-03-11,2026-06-30,3,United States,Technology,Enterprise,Pro,Monthly,98.84,0
CUST_007162,2022-08-26,2026-06-30,46,United Kingdom,Retail,Small,Business,Annual,241.25,1
CUST_007163,2023-05-04,2026-06-30,37,United States,Technology,Small,Basic,Annual,45.64,1
CUST_007164,2022-07-10,2026-06-30,47,Germany,Manufacturing,Mid-Market,Pro,Annual,96.38,1
CUST_007165,2023-05-03,2026-06-30,37,United States,Finance,Mid-Market,Pro,Monthly,90.8,1
CUST_007166,2024-06-09,2026-06-30,24,United States,Finance,Small,Pro,Monthly,100.49,1
CUST_007167,2023-07-08,2026-06-30,35,Canada,Retail,Small,Basic,Monthly,45.06,0
CUST_007168,2022-11-12,2026-06-30,43,India,Professional Services,Small,Basic,Monthly,48.13,0
CUST_007169,2024-06-15,2026-06-30,24,United States,Professional Services,Mid-Market,Pro,Monthly,102.61,0
CUST_007170,2021-12-01,2026-06-30,54,United Kingdom,Finance,Small,Basic,Monthly,48.41,1
CUST_007171,2021-12-29,2026-06-30,54,Canada,Professional Services,Small,Pro,Monthly,98.71,1
CUST_007172,2022-06-24,2026-06-30,48,Australia,Retail,Small,Basic,Monthly,50.09,0
CUST_007173,2021-07-15,2026-06-30,59,United States,Professional Services,Small,Basic,Monthly,50.26,1
CUST_007174,2024-06-30,2026-06-30,23,United Kingdom,Technology,Small,Basic,Monthly,51.54,0
CUST_007175,2025-11-08,2026-06-30,7,India,Technology,Small,Business,Annual,256.01,1
CUST_007176,2024-01-13,2026-06-30,29,United States,Technology,Mid-Market,Pro,Monthly,100.77,1
CUST_007177,2022-10-01,2026-06-30,44,Canada,Manufacturing,Enterprise,Business,Annual,224.58,1
CUST_007178,2022-08-02,2026-06-30,46,India,Technology,Small,Basic,Monthly,49.59,1
CUST_007179,2024-07-03,2026-06-30,23,United States,Technology,Small,Business,Annual,269.65,1
CUST_007180,2024-12-22,2026-06-30,18,United States,Retail,Enterprise,Enterprise,Annual,618.39,0
CUST_007181,2024-03-23,2026-06-30,27,United States,Professional Services,Small,Basic,Monthly,51.38,1
CUST_007182,2022-06-19,2026-06-30,48,Australia,Retail,Small,Basic,Monthly,47.35,1
CUST_007183,2026-02-12,2026-06-30,4,India,Manufacturing,Mid-Market,Business,Monthly,248.14,1
CUST_007184,2024-10-20,2026-06-30,20,United Kingdom,Technology,Small,Basic,Monthly,50.38,1
CUST_007185,2025-04-14,2026-06-30,14,United Kingdom,Professional Services,Small,Pro,Annual,101.19,1
CUST_007186,2022-06-15,2026-06-30,48,United States,Technology,Enterprise,Business,Annual,258.84,1
CUST_007187,2024-02-08,2026-06-30,28,United States,Finance,Mid-Market,Pro,Monthly,93.39,1
CUST_007188,2025-12-27,2026-06-30,6,United States,Healthcare,Mid-Market,Business,Monthly,239.13,0
CUST_007189,2025-02-16,2026-06-30,16,United States,Technology,Small,Basic,Monthly,45.83,1
CUST_007190,2026-03-13,2026-06-30,3,United States,Retail,Small,Basic,Monthly,49.63,0
CUST_007191,2024-01-29,2026-06-30,29,United Kingdom,Retail,Enterprise,Business,Annual,246.67,1
CUST_007192,2021-07-06,2026-06-30,59,United States,Technology,Enterprise,Enterprise,Annual,593.17,1
CUST_007193,2023-08-17,2026-06-30,34,United States,Technology,Mid-Market,Business,Annual,240.53,1
CUST_007194,2022-02-21,2026-06-30,52,United States,Technology,Small,Pro,Monthly,94.82,1
CUST_007195,2022-10-07,2026-06-30,44,United States,Technology,Mid-Market,Business,Annual,249.02,1
CUST_007196,2022-01-28,2026-06-30,53,United States,Professional Services,Small,Basic,Monthly,51.71,0
CUST_007197,2024-11-19,2026-06-30,19,United States,Retail,Mid-Market,Pro,Annual,106.76,1
CUST_007198,2021-09-27,2026-06-30,57,United States,Technology,Mid-Market,Basic,Monthly,52.85,0
CUST_007199,2025-03-29,2026-06-30,15,United Kingdom,Technology,Small,Basic,Monthly,47.85,0
CUST_007200,2024-04-05,2026-06-30,26,Germany,Manufacturing,Small,Pro,Monthly,93.14,0
CUST_007201,2023-01-25,2026-06-30,41,India,Manufacturing,Mid-Market,Basic,Monthly,51.17,0
CUST_007202,2025-01-02,2026-06-30,17,Germany,Professional Services,Enterprise,Enterprise,Annual,637.17,1
CUST_007203,2025-02-11,2026-06-30,16,United Kingdom,Technology,Small,Basic,Annual,50.02,1
CUST_007204,2025-10-10,2026-06-30,8,India,Healthcare,Small,Pro,Annual,98.89,1
CUST_007205,2026-05-24,2026-06-30,1,Canada,Technology,Mid-Market,Business,Monthly,241.2,0
CUST_007206,2023-12-14,2026-06-30,30,United Kingdom,Manufacturing,Small,Pro,Annual,102.0,1
CUST_007207,2021-07-25,2026-06-30,59,Canada,Healthcare,Small,Basic,Monthly,50.41,1
CUST_007208,2025-05-02,2026-06-30,13,United States,Retail,Small,Business,Annual,252.52,1
CUST_007209,2024-04-01,2026-06-30,26,United States,Technology,Small,Pro,Annual,93.52,1
CUST_007210,2021-10-25,2026-06-30,56,United States,Manufacturing,Small,Pro,Annual,94.08,1
CUST_007211,2022-08-14,2026-06-30,46,Australia,Technology,Enterprise,Enterprise,Annual,596.19,1
CUST_007212,2026-05-24,2026-06-30,1,United States,Professional Services,Mid-Market,Pro,Annual,104.16,1
CUST_007213,2023-12-15,2026-06-30,30,Germany,Technology,Small,Pro,Monthly,103.5,1
CUST_007214,2025-09-16,2026-06-30,9,India,Manufacturing,Small,Business,Annual,244.03,1
CUST_007215,2025-03-14,2026-06-30,15,Canada,Technology,Mid-Market,Pro,Annual,89.96,1
CUST_007216,2025-03-15,2026-06-30,15,United States,Retail,Small,Basic,Monthly,52.27,0
CUST_007217,2023-05-28,2026-06-30,37,Canada,Manufacturing,Mid-Market,Pro,Annual,105.14,1
CUST_007218,2025-06-08,2026-06-30,12,United States,Finance,Small,Business,Annual,250.54,1
CUST_007219,2025-03-05,2026-06-30,15,India,Technology,Mid-Market,Business,Annual,243.65,1
CUST_007220,2025-04-21,2026-06-30,14,Germany,Finance,Small,Business,Monthly,245.18,0
CUST_007221,2024-08-29,2026-06-30,22,Germany,Finance,Mid-Market,Business,Monthly,260.59,1
CUST_007222,2023-03-11,2026-06-30,39,Canada,Retail,Mid-Market,Pro,Monthly,101.66,0
CUST_007223,2024-06-13,2026-06-30,24,Germany,Technology,Small,Basic,Monthly,47.95,1
CUST_007224,2024-10-21,2026-06-30,20,Germany,Technology,Enterprise,Business,Annual,276.41,1
CUST_007225,2023-11-14,2026-06-30,31,United States,Finance,Small,Basic,Monthly,45.25,1
CUST_007226,2023-05-24,2026-06-30,37,United States,Finance,Small,Basic,Monthly,47.53,1
CUST_007227,2026-05-04,2026-06-30,1,United States,Technology,Mid-Market,Business,Monthly,241.79,1
CUST_007228,2022-01-14,2026-06-30,53,Canada,Manufacturing,Mid-Market,Pro,Annual,99.52,1
CUST_007229,2021-11-29,2026-06-30,54,India,Technology,Small,Basic,Annual,51.77,1
CUST_007230,2023-06-15,2026-06-30,36,United Kingdom,Professional Services,Small,Pro,Monthly,103.1,0
CUST_007231,2023-08-04,2026-06-30,34,Canada,Manufacturing,Small,Basic,Monthly,49.31,0
CUST_007232,2023-01-01,2026-06-30,41,India,Healthcare,Small,Business,Annual,232.48,1
CUST_007233,2024-03-31,2026-06-30,26,United States,Professional Services,Small,Basic,Monthly,51.34,0
CUST_007234,2024-08-13,2026-06-30,22,United States,Retail,Small,Pro,Annual,93.38,1
CUST_007235,2024-09-05,2026-06-30,21,India,Retail,Small,Basic,Monthly,48.02,0
CUST_007236,2025-08-18,2026-06-30,10,India,Finance,Mid-Market,Pro,Monthly,98.63,1
CUST_007237,2022-04-13,2026-06-30,50,Germany,Retail,Mid-Market,Business,Annual,238.95,1
CUST_007238,2024-11-02,2026-06-30,19,United States,Technology,Enterprise,Enterprise,Annual,574.23,1
CUST_007239,2025-01-06,2026-06-30,17,India,Healthcare,Small,Basic,Monthly,51.17,0
CUST_007240,2021-09-04,2026-06-30,57,Germany,Technology,Small,Basic,Annual,52.56,1
CUST_007241,2023-12-04,2026-06-30,30,Germany,Healthcare,Small,Pro,Monthly,98.63,1
CUST_007242,2023-05-11,2026-06-30,37,United States,Retail,Small,Business,Annual,226.85,1
CUST_007243,2025-03-17,2026-06-30,15,Canada,Technology,Small,Pro,Annual,100.39,1
CUST_007244,2025-01-18,2026-06-30,17,Australia,Technology,Small,Basic,Monthly,47.29,1
CUST_007245,2022-11-01,2026-06-30,43,India,Manufacturing,Mid-Market,Pro,Monthly,100.78,0
CUST_007246,2024-03-13,2026-06-30,27,United Kingdom,Finance,Enterprise,Enterprise,Annual,607.85,1
CUST_007247,2025-09-08,2026-06-30,9,United Kingdom,Technology,Small,Basic,Monthly,44.39,1
CUST_007248,2022-04-23,2026-06-30,50,Germany,Finance,Small,Basic,Monthly,48.04,1
CUST_007249,2024-06-08,2026-06-30,24,United Kingdom,Professional Services,Mid-Market,Business,Annual,256.67,1
CUST_007250,2023-02-17,2026-06-30,40,Canada,Retail,Mid-Market,Business,Annual,247.84,1
CUST_007251,2024-09-26,2026-06-30,21,United States,Retail,Small,Basic,Annual,46.31,1
CUST_007252,2023-08-29,2026-06-30,34,United States,Professional Services,Mid-Market,Business,Annual,257.17,1
CUST_007253,2022-08-08,2026-06-30,46,Germany,Retail,Small,Business,Annual,228.26,1
CUST_007254,2022-01-24,2026-06-30,53,United States,Manufacturing,Mid-Market,Business,Monthly,251.91,1
CUST_007255,2025-05-24,2026-06-30,13,United States,Retail,Mid-Market,Basic,Monthly,47.68,1
CUST_007256,2023-02-09,2026-06-30,40,India,Professional Services,Small,Pro,Monthly,101.15,1
CUST_007257,2021-12-02,2026-06-30,54,Germany,Retail,Small,Pro,Monthly,97.87,1
CUST_007258,2023-04-04,2026-06-30,38,United States,Finance,Mid-Market,Pro,Annual,101.41,0
CUST_007259,2025-09-17,2026-06-30,9,United States,Technology,Mid-Market,Basic,Monthly,52.33,1
CUST_007260,2025-06-25,2026-06-30,12,Germany,Technology,Enterprise,Enterprise,Annual,619.79,1
CUST_007261,2025-06-01,2026-06-30,12,Canada,Healthcare,Small,Basic,Monthly,50.66,1
CUST_007262,2025-11-22,2026-06-30,7,Canada,Professional Services,Mid-Market,Pro,Monthly,101.89,0
CUST_007263,2022-09-17,2026-06-30,45,Canada,Manufacturing,Mid-Market,Business,Annual,227.63,1
CUST_007264,2021-09-02,2026-06-30,57,United States,Manufacturing,Mid-Market,Business,Annual,250.0,1
CUST_007265,2023-11-16,2026-06-30,31,Germany,Retail,Small,Basic,Annual,49.66,0
CUST_007266,2023-06-22,2026-06-30,36,United States,Professional Services,Small,Pro,Monthly,101.74,1
CUST_007267,2022-08-12,2026-06-30,46,Canada,Manufacturing,Mid-Market,Business,Annual,247.95,1
CUST_007268,2024-05-15,2026-06-30,25,United States,Finance,Small,Pro,Annual,102.54,1
CUST_007269,2024-02-03,2026-06-30,28,United States,Healthcare,Small,Pro,Monthly,94.25,1
CUST_007270,2023-07-09,2026-06-30,35,United States,Healthcare,Small,Basic,Monthly,53.88,0
CUST_007271,2024-12-01,2026-06-30,18,India,Technology,Enterprise,Enterprise,Monthly,615.72,1
CUST_007272,2026-02-10,2026-06-30,4,United States,Technology,Mid-Market,Business,Annual,237.54,1
CUST_007273,2023-08-16,2026-06-30,34,United States,Finance,Mid-Market,Pro,Annual,105.71,1
CUST_007274,2022-05-17,2026-06-30,49,United States,Technology,Enterprise,Pro,Annual,93.48,1
CUST_007275,2026-01-20,2026-06-30,5,Germany,Technology,Mid-Market,Business,Annual,249.12,1
CUST_007276,2025-05-08,2026-06-30,13,Canada,Professional Services,Small,Basic,Monthly,49.28,0
CUST_007277,2025-02-13,2026-06-30,16,India,Finance,Small,Basic,Monthly,48.0,0
CUST_007278,2022-06-17,2026-06-30,48,United Kingdom,Professional Services,Mid-Market,Pro,Monthly,98.4,0
CUST_007279,2023-12-08,2026-06-30,30,United Kingdom,Technology,Enterprise,Enterprise,Annual,600.89,1
CUST_007280,2023-10-15,2026-06-30,32,United Kingdom,Professional Services,Mid-Market,Basic,Monthly,46.37,0
CUST_007281,2023-03-30,2026-06-30,39,United States,Manufacturing,Small,Pro,Annual,100.35,1
CUST_007282,2025-01-20,2026-06-30,17,India,Professional Services,Mid-Market,Business,Annual,249.04,1
CUST_007283,2022-11-28,2026-06-30,43,India,Healthcare,Small,Basic,Monthly,53.76,1
CUST_007284,2026-04-07,2026-06-30,2,United States,Retail,Small,Business,Annual,267.47,1
CUST_007285,2025-11-08,2026-06-30,7,United Kingdom,Finance,Small,Basic,Monthly,47.2,0
CUST_007286,2022-05-28,2026-06-30,49,United States,Healthcare,Small,Pro,Annual,98.3,1
CUST_007287,2023-03-07,2026-06-30,39,United Kingdom,Manufacturing,Small,Basic,Monthly,47.3,1
CUST_007288,2025-07-19,2026-06-30,11,Australia,Technology,Mid-Market,Business,Monthly,245.83,0
CUST_007289,2024-04-04,2026-06-30,26,India,Technology,Small,Pro,Monthly,103.25,1
CUST_007290,2026-02-28,2026-06-30,4,United States,Professional Services,Enterprise,Business,Annual,247.72,1
CUST_007291,2023-02-11,2026-06-30,40,Germany,Technology,Small,Business,Monthly,242.79,0
CUST_007292,2022-09-13,2026-06-30,45,Germany,Manufacturing,Small,Basic,Monthly,50.48,1
CUST_007293,2025-01-17,2026-06-30,17,United States,Technology,Small,Pro,Annual,89.41,1
CUST_007294,2024-09-10,2026-06-30,21,United Kingdom,Finance,Small,Basic,Monthly,48.05,1
CUST_007295,2025-04-01,2026-06-30,14,United Kingdom,Finance,Small,Basic,Monthly,52.36,0
CUST_007296,2024-07-02,2026-06-30,23,Germany,Healthcare,Small,Pro,Annual,106.02,1
CUST_007297,2025-01-28,2026-06-30,17,India,Professional Services,Small,Basic,Monthly,52.2,1
CUST_007298,2025-03-14,2026-06-30,15,United States,Professional Services,Small,Pro,Monthly,92.91,0
CUST_007299,2024-04-19,2026-06-30,26,United States,Technology,Mid-Market,Business,Monthly,233.58,1
CUST_007300,2022-03-11,2026-06-30,51,United States,Finance,Small,Pro,Monthly,96.56,1
CUST_007301,2022-08-31,2026-06-30,45,United States,Professional Services,Small,Basic,Monthly,49.03,1
CUST_007302,2024-12-14,2026-06-30,18,Canada,Technology,Small,Business,Monthly,239.87,0
CUST_007303,2021-10-12,2026-06-30,56,India,Technology,Small,Pro,Monthly,90.68,0
CUST_007304,2025-05-19,2026-06-30,13,Canada,Healthcare,Mid-Market,Business,Monthly,260.55,1
CUST_007305,2021-12-09,2026-06-30,54,United Kingdom,Manufacturing,Small,Basic,Monthly,50.86,0
CUST_007306,2024-11-22,2026-06-30,19,United States,Finance,Mid-Market,Business,Annual,241.65,1
CUST_007307,2023-10-05,2026-06-30,32,United States,Technology,Enterprise,Business,Monthly,257.86,1
CUST_007308,2025-06-01,2026-06-30,12,Australia,Professional Services,Small,Pro,Monthly,103.67,0
CUST_007309,2022-09-02,2026-06-30,45,United Kingdom,Professional Services,Enterprise,Business,Annual,219.37,1
CUST_007310,2024-11-07,2026-06-30,19,United States,Retail,Mid-Market,Pro,Monthly,102.19,0
CUST_007311,2022-02-15,2026-06-30,52,India,Retail,Mid-Market,Pro,Monthly,98.7,0
CUST_007312,2026-01-03,2026-06-30,5,Canada,Professional Services,Enterprise,Business,Annual,217.71,1
CUST_007313,2023-12-12,2026-06-30,30,United States,Retail,Small,Pro,Monthly,104.04,1
CUST_007314,2025-08-20,2026-06-30,10,Canada,Manufacturing,Small,Pro,Monthly,99.39,0
CUST_007315,2022-01-17,2026-06-30,53,Germany,Healthcare,Small,Business,Annual,229.13,1
CUST_007316,2024-05-13,2026-06-30,25,United States,Technology,Mid-Market,Basic,Monthly,49.97,1
CUST_007317,2023-02-06,2026-06-30,40,Australia,Professional Services,Small,Basic,Monthly,49.44,0
CUST_007318,2022-02-03,2026-06-30,52,United Kingdom,Retail,Small,Basic,Monthly,50.33,0
CUST_007319,2023-10-13,2026-06-30,32,Canada,Finance,Enterprise,Enterprise,Annual,541.07,1
CUST_007320,2026-02-18,2026-06-30,4,India,Retail,Small,Business,Monthly,245.26,0
CUST_007321,2025-04-30,2026-06-30,13,Canada,Manufacturing,Small,Basic,Monthly,46.6,0
CUST_007322,2025-05-15,2026-06-30,13,Canada,Finance,Small,Basic,Annual,48.6,1
CUST_007323,2021-12-03,2026-06-30,54,United States,Manufacturing,Mid-Market,Enterprise,Annual,548.14,0
CUST_007324,2021-12-13,2026-06-30,54,United States,Technology,Small,Basic,Monthly,46.26,1
CUST_007325,2024-01-26,2026-06-30,29,United States,Retail,Small,Basic,Monthly,52.77,1
CUST_007326,2022-01-15,2026-06-30,53,United States,Professional Services,Enterprise,Business,Annual,263.46,1
CUST_007327,2025-03-16,2026-06-30,15,United Kingdom,Professional Services,Small,Basic,Monthly,51.38,0
CUST_007328,2023-01-28,2026-06-30,41,United States,Professional Services,Small,Basic,Monthly,52.6,0
CUST_007329,2024-06-27,2026-06-30,24,United States,Retail,Mid-Market,Business,Annual,225.72,1
CUST_007330,2025-03-26,2026-06-30,15,United Kingdom,Healthcare,Small,Pro,Annual,98.72,0
CUST_007331,2025-03-09,2026-06-30,15,United States,Retail,Small,Basic,Monthly,49.6,0
CUST_007332,2024-05-08,2026-06-30,25,United Kingdom,Finance,Mid-Market,Business,Annual,244.18,1
CUST_007333,2024-09-29,2026-06-30,20,Germany,Retail,Mid-Market,Pro,Monthly,89.79,0
CUST_007334,2025-05-17,2026-06-30,13,United States,Healthcare,Small,Basic,Monthly,51.16,1
CUST_007335,2024-10-09,2026-06-30,20,United States,Healthcare,Mid-Market,Basic,Annual,50.51,0
CUST_007336,2025-10-13,2026-06-30,8,Canada,Healthcare,Mid-Market,Pro,Monthly,95.93,0
CUST_007337,2021-08-25,2026-06-30,58,United States,Finance,Mid-Market,Enterprise,Annual,624.33,1
CUST_007338,2024-07-18,2026-06-30,23,Canada,Finance,Mid-Market,Pro,Monthly,99.62,0
CUST_007339,2025-11-20,2026-06-30,7,Germany,Technology,Mid-Market,Pro,Annual,102.14,1
CUST_007340,2023-08-02,2026-06-30,34,United Kingdom,Healthcare,Small,Pro,Monthly,94.47,0
CUST_007341,2022-01-27,2026-06-30,53,Canada,Technology,Small,Basic,Monthly,49.58,1
CUST_007342,2024-08-23,2026-06-30,22,India,Professional Services,Small,Basic,Monthly,49.61,1
CUST_007343,2022-04-05,2026-06-30,50,United States,Technology,Small,Basic,Monthly,48.43,1
CUST_007344,2023-05-31,2026-06-30,36,India,Professional Services,Enterprise,Business,Annual,215.71,1
CUST_007345,2022-10-13,2026-06-30,44,Australia,Technology,Small,Basic,Monthly,49.42,0
CUST_007346,2024-12-16,2026-06-30,18,Canada,Professional Services,Small,Pro,Annual,100.19,1
CUST_007347,2026-03-26,2026-06-30,3,United States,Manufacturing,Small,Basic,Annual,46.68,1
CUST_007348,2024-09-18,2026-06-30,21,United States,Professional Services,Mid-Market,Pro,Annual,101.83,1
CUST_007349,2021-11-14,2026-06-30,55,India,Professional Services,Mid-Market,Business,Annual,252.05,1
CUST_007350,2022-07-12,2026-06-30,47,United States,Manufacturing,Small,Basic,Annual,50.0,0
CUST_007351,2022-07-24,2026-06-30,47,India,Technology,Mid-Market,Pro,Annual,97.13,1
CUST_007352,2022-02-05,2026-06-30,52,Canada,Healthcare,Small,Basic,Monthly,44.81,1
CUST_007353,2024-07-30,2026-06-30,22,Canada,Finance,Enterprise,Pro,Annual,90.65,1
CUST_007354,2024-10-30,2026-06-30,19,United Kingdom,Professional Services,Mid-Market,Business,Annual,257.56,1
CUST_007355,2021-11-13,2026-06-30,55,United States,Professional Services,Small,Basic,Monthly,46.32,1
CUST_007356,2023-08-10,2026-06-30,34,Canada,Finance,Enterprise,Pro,Monthly,95.05,0
CUST_007357,2024-12-13,2026-06-30,18,India,Retail,Small,Basic,Monthly,51.06,1
CUST_007358,2025-01-17,2026-06-30,17,United States,Finance,Small,Pro,Annual,88.42,1
CUST_007359,2022-02-07,2026-06-30,52,India,Retail,Small,Basic,Annual,45.06,1
CUST_007360,2026-02-25,2026-06-30,4,India,Retail,Small,Basic,Monthly,50.93,0
CUST_007361,2026-02-10,2026-06-30,4,United States,Healthcare,Enterprise,Business,Annual,250.05,1
CUST_007362,2022-10-15,2026-06-30,44,United Kingdom,Professional Services,Mid-Market,Pro,Annual,89.13,1
CUST_007363,2026-05-29,2026-06-30,1,United States,Technology,Mid-Market,Pro,Annual,96.82,1
CUST_007364,2025-07-29,2026-06-30,11,United Kingdom,Manufacturing,Enterprise,Business,Annual,251.19,1
CUST_007365,2021-07-18,2026-06-30,59,India,Retail,Small,Basic,Monthly,46.3,1
CUST_007366,2024-04-27,2026-06-30,26,India,Finance,Small,Business,Monthly,231.0,1
CUST_007367,2022-11-02,2026-06-30,43,India,Healthcare,Mid-Market,Business,Monthly,227.98,1
CUST_007368,2024-01-08,2026-06-30,29,United States,Technology,Small,Basic,Monthly,51.07,0
CUST_007369,2025-12-20,2026-06-30,6,United Kingdom,Retail,Mid-Market,Business,Monthly,261.99,1
CUST_007370,2025-07-04,2026-06-30,11,United States,Professional Services,Small,Basic,Monthly,50.85,1
CUST_007371,2022-09-03,2026-06-30,45,India,Technology,Small,Pro,Annual,105.1,1
CUST_007372,2025-12-13,2026-06-30,6,United States,Technology,Small,Pro,Monthly,105.34,1
CUST_007373,2023-06-29,2026-06-30,36,United States,Healthcare,Small,Pro,Annual,91.5,1
CUST_007374,2024-09-14,2026-06-30,21,United States,Finance,Small,Basic,Monthly,51.45,1
CUST_007375,2024-08-05,2026-06-30,22,United States,Finance,Small,Pro,Monthly,99.56,0
CUST_007376,2021-09-25,2026-06-30,57,United States,Retail,Small,Basic,Monthly,53.65,1
CUST_007377,2023-06-09,2026-06-30,36,United States,Healthcare,Mid-Market,Business,Monthly,291.15,1
CUST_007378,2023-05-23,2026-06-30,37,India,Professional Services,Small,Basic,Annual,48.52,1
CUST_007379,2024-09-10,2026-06-30,21,Australia,Healthcare,Small,Basic,Monthly,48.25,1
CUST_007380,2024-07-16,2026-06-30,23,United States,Retail,Small,Basic,Monthly,48.06,0
CUST_007381,2023-01-17,2026-06-30,41,Australia,Finance,Small,Basic,Monthly,49.18,0
CUST_007382,2026-03-23,2026-06-30,3,Canada,Finance,Small,Basic,Annual,49.57,1
CUST_007383,2025-04-01,2026-06-30,14,Australia,Healthcare,Small,Basic,Monthly,55.46,0
CUST_007384,2023-06-19,2026-06-30,36,United States,Manufacturing,Small,Basic,Annual,49.35,1
CUST_007385,2023-05-08,2026-06-30,37,United Kingdom,Professional Services,Enterprise,Pro,Monthly,96.87,1
CUST_007386,2025-12-17,2026-06-30,6,United States,Technology,Small,Basic,Monthly,49.03,1
CUST_007387,2022-07-17,2026-06-30,47,United States,Healthcare,Small,Basic,Monthly,46.98,1
CUST_007388,2023-10-01,2026-06-30,32,United Kingdom,Retail,Mid-Market,Enterprise,Annual,548.74,1
CUST_007389,2025-03-31,2026-06-30,14,Germany,Technology,Small,Basic,Annual,48.64,1
CUST_007390,2022-09-20,2026-06-30,45,Germany,Professional Services,Small,Pro,Monthly,110.55,1
CUST_007391,2021-07-18,2026-06-30,59,United States,Finance,Small,Basic,Monthly,51.18,1
CUST_007392,2024-05-01,2026-06-30,25,Canada,Professional Services,Mid-Market,Pro,Monthly,96.63,0
CUST_007393,2025-01-08,2026-06-30,17,Germany,Retail,Mid-Market,Basic,Annual,49.86,1
CUST_007394,2024-12-10,2026-06-30,18,United States,Technology,Small,Basic,Monthly,55.16,0
CUST_007395,2023-07-03,2026-06-30,35,United States,Manufacturing,Enterprise,Enterprise,Annual,604.96,1
CUST_007396,2026-03-07,2026-06-30,3,United States,Technology,Small,Basic,Monthly,46.82,1
CUST_007397,2024-01-15,2026-06-30,29,United States,Manufacturing,Mid-Market,Pro,Monthly,99.34,0
CUST_007398,2026-04-17,2026-06-30,2,United States,Manufacturing,Small,Pro,Annual,102.18,1
CUST_007399,2026-03-23,2026-06-30,3,United States,Retail,Enterprise,Enterprise,Annual,611.48,0
CUST_007400,2024-04-20,2026-06-30,26,United Kingdom,Finance,Small,Pro,Monthly,106.19,1
CUST_007401,2022-10-01,2026-06-30,44,Germany,Healthcare,Small,Basic,Monthly,49.24,0
CUST_007402,2022-01-27,2026-06-30,53,Australia,Healthcare,Small,Business,Monthly,219.83,1
CUST_007403,2025-12-25,2026-06-30,6,United Kingdom,Retail,Enterprise,Business,Annual,254.87,1
CUST_007404,2025-03-19,2026-06-30,15,United States,Retail,Small,Basic,Monthly,49.99,0
CUST_007405,2024-05-05,2026-06-30,25,India,Healthcare,Small,Pro,Annual,100.68,1
CUST_007406,2023-08-05,2026-06-30,34,Germany,Manufacturing,Enterprise,Enterprise,Annual,573.59,1
CUST_007407,2021-07-25,2026-06-30,59,United Kingdom,Manufacturing,Mid-Market,Enterprise,Annual,658.7,1
CUST_007408,2023-01-19,2026-06-30,41,United States,Retail,Mid-Market,Business,Annual,235.46,1
CUST_007409,2023-10-08,2026-06-30,32,United Kingdom,Finance,Small,Pro,Annual,94.14,1
CUST_007410,2026-02-11,2026-06-30,4,United Kingdom,Healthcare,Small,Basic,Monthly,48.44,0
CUST_007411,2026-01-06,2026-06-30,5,Germany,Healthcare,Enterprise,Enterprise,Annual,638.73,1
CUST_007412,2025-08-30,2026-06-30,9,Australia,Manufacturing,Small,Pro,Monthly,105.78,1
CUST_007413,2023-03-02,2026-06-30,39,India,Manufacturing,Mid-Market,Pro,Monthly,102.17,0
CUST_007414,2024-10-14,2026-06-30,20,India,Professional Services,Mid-Market,Pro,Monthly,103.42,0
CUST_007415,2025-03-25,2026-06-30,15,United Kingdom,Technology,Enterprise,Enterprise,Annual,559.99,1
CUST_007416,2023-02-14,2026-06-30,40,India,Manufacturing,Mid-Market,Pro,Monthly,90.59,1
CUST_007417,2022-05-29,2026-06-30,49,India,Professional Services,Small,Business,Annual,244.37,1
CUST_007418,2024-04-03,2026-06-30,26,United States,Technology,Mid-Market,Business,Annual,260.03,1
CUST_007419,2022-01-30,2026-06-30,52,United Kingdom,Technology,Enterprise,Enterprise,Monthly,626.3,1
CUST_007420,2022-10-22,2026-06-30,44,United States,Technology,Enterprise,Business,Annual,238.18,1
CUST_007421,2022-11-23,2026-06-30,43,United States,Retail,Small,Pro,Monthly,94.16,1
CUST_007422,2022-02-24,2026-06-30,52,United States,Healthcare,Small,Pro,Monthly,104.78,1
CUST_007423,2025-07-06,2026-06-30,11,Canada,Technology,Mid-Market,Pro,Monthly,99.94,0
CUST_007424,2022-09-08,2026-06-30,45,United States,Healthcare,Mid-Market,Basic,Monthly,43.92,1
CUST_007425,2021-09-15,2026-06-30,57,United States,Manufacturing,Small,Pro,Annual,93.44,1
CUST_007426,2021-07-15,2026-06-30,59,United States,Professional Services,Small,Basic,Monthly,50.19,0
CUST_007427,2023-07-29,2026-06-30,35,United Kingdom,Manufacturing,Small,Basic,Annual,46.09,1
CUST_007428,2022-09-15,2026-06-30,45,India,Professional Services,Small,Basic,Monthly,46.59,0
CUST_007429,2022-01-17,2026-06-30,53,India,Retail,Small,Basic,Monthly,46.68,1
CUST_007430,2022-03-24,2026-06-30,51,Canada,Professional Services,Enterprise,Enterprise,Annual,625.2,1
CUST_007431,2022-01-01,2026-06-30,53,United States,Healthcare,Mid-Market,Basic,Monthly,48.98,1
CUST_007432,2022-04-28,2026-06-30,50,India,Professional Services,Small,Basic,Monthly,53.11,1
CUST_007433,2024-07-16,2026-06-30,23,United States,Professional Services,Mid-Market,Business,Annual,243.66,1
CUST_007434,2022-10-29,2026-06-30,44,India,Retail,Small,Basic,Monthly,48.48,1
CUST_007435,2024-05-25,2026-06-30,25,Germany,Healthcare,Mid-Market,Business,Annual,253.17,1
CUST_007436,2022-06-22,2026-06-30,48,Canada,Finance,Enterprise,Business,Annual,241.22,1
CUST_007437,2022-06-07,2026-06-30,48,United States,Finance,Small,Basic,Annual,45.08,0
CUST_007438,2021-10-27,2026-06-30,56,United States,Technology,Enterprise,Enterprise,Annual,588.44,1
CUST_007439,2023-07-10,2026-06-30,35,United Kingdom,Technology,Small,Pro,Monthly,95.29,0
CUST_007440,2024-01-30,2026-06-30,28,Canada,Healthcare,Mid-Market,Business,Annual,247.42,1
CUST_007441,2025-08-07,2026-06-30,10,Australia,Technology,Enterprise,Enterprise,Annual,581.08,1
CUST_007442,2023-04-12,2026-06-30,38,United Kingdom,Professional Services,Mid-Market,Pro,Monthly,101.23,1
CUST_007443,2023-08-19,2026-06-30,34,Canada,Retail,Small,Pro,Annual,97.26,1
CUST_007444,2023-11-19,2026-06-30,31,United States,Professional Services,Small,Business,Monthly,228.88,0
CUST_007445,2023-02-02,2026-06-30,40,Canada,Healthcare,Small,Business,Annual,241.25,0
CUST_007446,2022-03-26,2026-06-30,51,United States,Technology,Small,Enterprise,Annual,562.99,1
CUST_007447,2025-09-07,2026-06-30,9,United Kingdom,Finance,Small,Basic,Monthly,53.71,0
CUST_007448,2024-04-17,2026-06-30,26,United Kingdom,Professional Services,Small,Pro,Monthly,99.23,1
CUST_007449,2022-11-12,2026-06-30,43,Australia,Technology,Mid-Market,Basic,Monthly,50.63,1
CUST_007450,2022-05-21,2026-06-30,49,Canada,Retail,Small,Basic,Annual,48.77,1
CUST_007451,2022-08-03,2026-06-30,46,United States,Technology,Small,Pro,Annual,108.08,1
CUST_007452,2022-06-27,2026-06-30,48,Australia,Finance,Mid-Market,Pro,Monthly,92.76,1
CUST_007453,2022-03-19,2026-06-30,51,Germany,Technology,Small,Basic,Monthly,47.06,0
CUST_007454,2021-09-08,2026-06-30,57,Germany,Healthcare,Mid-Market,Basic,Annual,51.73,1
CUST_007455,2023-06-05,2026-06-30,36,United Kingdom,Technology,Mid-Market,Basic,Monthly,47.73,1
CUST_007456,2025-03-11,2026-06-30,15,India,Professional Services,Small,Basic,Monthly,47.17,1
CUST_007457,2023-08-24,2026-06-30,34,United States,Technology,Small,Basic,Monthly,47.62,1
CUST_007458,2022-12-05,2026-06-30,42,Canada,Finance,Mid-Market,Pro,Monthly,108.56,0
CUST_007459,2025-12-02,2026-06-30,6,Australia,Technology,Small,Basic,Monthly,54.01,0
CUST_007460,2022-09-11,2026-06-30,45,United States,Professional Services,Small,Pro,Monthly,101.03,1
CUST_007461,2023-09-28,2026-06-30,33,Australia,Retail,Mid-Market,Basic,Monthly,49.48,0
CUST_007462,2021-10-24,2026-06-30,56,United States,Retail,Mid-Market,Business,Annual,258.75,0
CUST_007463,2025-05-16,2026-06-30,13,United States,Healthcare,Small,Basic,Monthly,49.96,0
CUST_007464,2021-12-16,2026-06-30,54,United States,Professional Services,Small,Pro,Annual,99.87,1
CUST_007465,2024-03-18,2026-06-30,27,Australia,Technology,Mid-Market,Enterprise,Annual,585.5,0
CUST_007466,2023-08-06,2026-06-30,34,Australia,Manufacturing,Small,Business,Annual,241.33,1
CUST_007467,2023-03-04,2026-06-30,39,United States,Manufacturing,Mid-Market,Business,Annual,255.18,1
CUST_007468,2023-07-27,2026-06-30,35,United States,Technology,Small,Pro,Monthly,99.69,0
CUST_007469,2021-12-21,2026-06-30,54,United States,Technology,Small,Basic,Monthly,52.6,0
CUST_007470,2025-08-04,2026-06-30,10,United States,Healthcare,Small,Business,Annual,245.78,1
CUST_007471,2022-10-29,2026-06-30,44,Germany,Technology,Mid-Market,Basic,Monthly,46.73,1
CUST_007472,2021-08-15,2026-06-30,58,United States,Finance,Small,Basic,Annual,45.42,1
CUST_007473,2025-05-01,2026-06-30,13,United States,Healthcare,Enterprise,Enterprise,Annual,575.99,1
CUST_007474,2025-02-28,2026-06-30,15,United States,Technology,Mid-Market,Business,Monthly,231.1,1
CUST_007475,2024-01-30,2026-06-30,28,United Kingdom,Manufacturing,Mid-Market,Business,Annual,263.29,1
CUST_007476,2022-11-08,2026-06-30,43,Germany,Healthcare,Mid-Market,Pro,Monthly,96.9,0
CUST_007477,2021-09-13,2026-06-30,57,United Kingdom,Retail,Small,Basic,Monthly,47.12,0
CUST_007478,2022-07-03,2026-06-30,47,United Kingdom,Healthcare,Small,Pro,Annual,101.37,1
CUST_007479,2022-07-06,2026-06-30,47,India,Healthcare,Small,Business,Annual,273.27,1
CUST_007480,2024-03-31,2026-06-30,26,Canada,Healthcare,Small,Basic,Monthly,47.95,1
CUST_007481,2023-03-30,2026-06-30,39,India,Professional Services,Small,Pro,Annual,93.39,1
CUST_007482,2025-05-17,2026-06-30,13,United Kingdom,Finance,Mid-Market,Business,Annual,244.07,1
CUST_007483,2024-02-20,2026-06-30,28,United States,Retail,Mid-Market,Pro,Monthly,89.8,1
CUST_007484,2025-06-26,2026-06-30,12,Australia,Professional Services,Small,Basic,Monthly,50.26,0
CUST_007485,2026-04-13,2026-06-30,2,United Kingdom,Retail,Small,Pro,Monthly,101.86,1
CUST_007486,2022-03-16,2026-06-30,51,United Kingdom,Technology,Mid-Market,Pro,Monthly,96.82,1
CUST_007487,2022-06-17,2026-06-30,48,United States,Technology,Mid-Market,Business,Monthly,235.05,0
CUST_007488,2023-11-27,2026-06-30,31,Canada,Retail,Enterprise,Business,Annual,278.88,1
CUST_007489,2026-05-05,2026-06-30,1,India,Manufacturing,Small,Basic,Monthly,45.99,0
CUST_007490,2025-12-21,2026-06-30,6,United States,Manufacturing,Small,Basic,Monthly,47.16,0
CUST_007491,2025-11-12,2026-06-30,7,United States,Retail,Enterprise,Enterprise,Annual,600.02,1
CUST_007492,2022-11-21,2026-06-30,43,United States,Technology,Small,Basic,Annual,51.11,1
CUST_007493,2025-05-31,2026-06-30,12,Canada,Manufacturing,Mid-Market,Pro,Monthly,98.25,1
CUST_007494,2025-03-08,2026-06-30,15,Australia,Retail,Small,Basic,Monthly,49.09,1
CUST_007495,2022-03-08,2026-06-30,51,United Kingdom,Professional Services,Small,Basic,Monthly,50.5,0
CUST_007496,2022-02-08,2026-06-30,52,India,Manufacturing,Mid-Market,Business,Annual,288.91,1
CUST_007497,2022-08-31,2026-06-30,45,Canada,Healthcare,Mid-Market,Basic,Monthly,47.58,0
CUST_007498,2024-11-22,2026-06-30,19,United States,Retail,Small,Basic,Annual,47.75,1
CUST_007499,2023-07-26,2026-06-30,35,United States,Retail,Mid-Market,Pro,Monthly,98.47,1
CUST_007500,2025-06-06,2026-06-30,12,United States,Finance,Enterprise,Pro,Monthly,102.36,0
CUST_007501,2022-03-14,2026-06-30,51,Germany,Healthcare,Mid-Market,Pro,Monthly,111.5,1
CUST_007502,2025-12-30,2026-06-30,5,United States,Technology,Enterprise,Pro,Annual,98.45,1
CUST_007503,2022-10-03,2026-06-30,44,United States,Technology,Enterprise,Enterprise,Annual,615.61,0
CUST_007504,2023-11-25,2026-06-30,31,India,Manufacturing,Mid-Market,Pro,Monthly,88.31,0
CUST_007505,2022-09-10,2026-06-30,45,United Kingdom,Finance,Mid-Market,Pro,Annual,99.32,1
CUST_007506,2024-03-13,2026-06-30,27,United States,Manufacturing,Mid-Market,Business,Annual,248.82,0
CUST_007507,2025-08-21,2026-06-30,10,Germany,Healthcare,Enterprise,Enterprise,Annual,629.52,1
CUST_007508,2022-09-21,2026-06-30,45,Canada,Manufacturing,Mid-Market,Business,Annual,242.56,1
CUST_007509,2023-04-25,2026-06-30,38,India,Manufacturing,Small,Basic,Monthly,46.01,0
CUST_007510,2024-02-18,2026-06-30,28,Germany,Manufacturing,Small,Basic,Monthly,49.56,0
CUST_007511,2024-07-31,2026-06-30,22,United States,Healthcare,Mid-Market,Pro,Monthly,91.28,1
CUST_007512,2024-09-21,2026-06-30,21,United States,Professional Services,Enterprise,Enterprise,Annual,574.93,1
CUST_007513,2024-01-19,2026-06-30,29,United States,Healthcare,Small,Business,Monthly,249.68,0
CUST_007514,2025-02-16,2026-06-30,16,Germany,Manufacturing,Enterprise,Enterprise,Annual,527.22,1
CUST_007515,2025-01-10,2026-06-30,17,Canada,Healthcare,Small,Business,Annual,245.82,1
CUST_007516,2025-01-17,2026-06-30,17,Germany,Technology,Small,Basic,Annual,52.87,1
CUST_007517,2026-05-09,2026-06-30,1,Canada,Retail,Enterprise,Business,Annual,228.94,1
CUST_007518,2021-11-08,2026-06-30,55,United States,Healthcare,Enterprise,Business,Annual,240.49,1
CUST_007519,2025-04-02,2026-06-30,14,United States,Finance,Mid-Market,Basic,Monthly,50.44,0
CUST_007520,2025-08-08,2026-06-30,10,United States,Finance,Enterprise,Pro,Annual,103.04,1
CUST_007521,2025-09-02,2026-06-30,9,Canada,Technology,Mid-Market,Enterprise,Annual,600.74,1
CUST_007522,2021-07-23,2026-06-30,59,United Kingdom,Professional Services,Enterprise,Enterprise,Annual,593.42,1
CUST_007523,2024-01-27,2026-06-30,29,India,Retail,Enterprise,Enterprise,Annual,648.52,1
CUST_007524,2024-10-22,2026-06-30,20,United States,Technology,Small,Pro,Monthly,100.05,0
CUST_007525,2024-06-06,2026-06-30,24,United Kingdom,Manufacturing,Small,Pro,Monthly,93.76,0
CUST_007526,2025-12-24,2026-06-30,6,United States,Retail,Small,Business,Annual,250.5,1
CUST_007527,2024-11-14,2026-06-30,19,Germany,Manufacturing,Small,Basic,Annual,48.67,1
CUST_007528,2025-03-11,2026-06-30,15,United States,Retail,Small,Pro,Monthly,96.83,1
CUST_007529,2022-06-20,2026-06-30,48,United Kingdom,Technology,Small,Pro,Monthly,90.68,0
CUST_007530,2026-02-16,2026-06-30,4,United States,Technology,Small,Basic,Monthly,48.98,0
CUST_007531,2024-04-28,2026-06-30,26,United States,Manufacturing,Mid-Market,Business,Monthly,256.25,0
CUST_007532,2022-07-13,2026-06-30,47,United Kingdom,Manufacturing,Small,Business,Monthly,258.34,1
CUST_007533,2022-04-26,2026-06-30,50,United States,Manufacturing,Small,Business,Annual,249.14,1
CUST_007534,2023-11-23,2026-06-30,31,Canada,Technology,Small,Basic,Monthly,49.09,1
CUST_007535,2025-04-27,2026-06-30,14,United States,Manufacturing,Small,Basic,Monthly,47.63,0
CUST_007536,2024-10-04,2026-06-30,20,India,Healthcare,Mid-Market,Pro,Monthly,103.79,1
CUST_007537,2025-04-27,2026-06-30,14,United States,Retail,Enterprise,Enterprise,Annual,563.39,1
CUST_007538,2023-02-28,2026-06-30,40,United Kingdom,Finance,Mid-Market,Basic,Monthly,47.72,1
CUST_007539,2024-12-22,2026-06-30,18,India,Manufacturing,Mid-Market,Business,Annual,238.97,1
CUST_007540,2023-04-25,2026-06-30,38,United Kingdom,Professional Services,Enterprise,Business,Annual,247.61,1
CUST_007541,2023-03-12,2026-06-30,39,United States,Finance,Mid-Market,Enterprise,Annual,638.32,1
CUST_007542,2021-10-17,2026-06-30,56,United Kingdom,Manufacturing,Small,Pro,Monthly,93.12,1
CUST_007543,2024-08-05,2026-06-30,22,United States,Retail,Small,Basic,Monthly,49.68,0
CUST_007544,2021-09-09,2026-06-30,57,United Kingdom,Finance,Mid-Market,Pro,Monthly,100.49,1
CUST_007545,2024-06-11,2026-06-30,24,Canada,Finance,Mid-Market,Business,Monthly,237.0,1
CUST_007546,2023-01-26,2026-06-30,41,Germany,Manufacturing,Mid-Market,Pro,Annual,98.05,1
CUST_007547,2023-03-01,2026-06-30,39,Australia,Finance,Small,Basic,Monthly,46.8,1
CUST_007548,2022-05-25,2026-06-30,49,United States,Technology,Enterprise,Enterprise,Annual,602.02,1
CUST_007549,2024-02-09,2026-06-30,28,United States,Professional Services,Small,Pro,Monthly,98.41,1
CUST_007550,2022-07-09,2026-06-30,47,United States,Retail,Enterprise,Enterprise,Annual,644.07,1
CUST_007551,2024-09-01,2026-06-30,21,United Kingdom,Manufacturing,Small,Basic,Monthly,47.13,1
CUST_007552,2024-01-01,2026-06-30,29,United States,Retail,Small,Pro,Annual,98.15,1
CUST_007553,2023-12-17,2026-06-30,30,United Kingdom,Healthcare,Small,Business,Monthly,244.35,1
CUST_007554,2022-12-14,2026-06-30,42,Canada,Manufacturing,Small,Pro,Annual,105.72,1
CUST_007555,2023-05-18,2026-06-30,37,India,Technology,Small,Business,Annual,242.87,1
CUST_007556,2026-01-11,2026-06-30,5,Canada,Finance,Enterprise,Enterprise,Annual,572.31,1
CUST_007557,2022-06-09,2026-06-30,48,United States,Retail,Small,Basic,Monthly,47.1,1
CUST_007558,2022-09-09,2026-06-30,45,United States,Professional Services,Small,Basic,Monthly,47.06,1
CUST_007559,2025-11-25,2026-06-30,7,United Kingdom,Finance,Small,Pro,Annual,96.12,1
CUST_007560,2021-09-08,2026-06-30,57,United States,Professional Services,Mid-Market,Business,Annual,238.35,1
CUST_007561,2023-03-03,2026-06-30,39,United States,Manufacturing,Small,Pro,Monthly,99.08,0
CUST_007562,2025-12-30,2026-06-30,5,United States,Healthcare,Small,Basic,Monthly,45.82,0
CUST_007563,2023-12-31,2026-06-30,29,Germany,Healthcare,Enterprise,Enterprise,Annual,616.27,1
CUST_007564,2022-04-22,2026-06-30,50,India,Technology,Small,Pro,Monthly,99.2,1
CUST_007565,2025-01-14,2026-06-30,17,United States,Retail,Enterprise,Business,Annual,269.19,0
CUST_007566,2021-10-30,2026-06-30,55,United States,Technology,Small,Basic,Monthly,50.14,0
CUST_007567,2024-05-10,2026-06-30,25,Canada,Healthcare,Mid-Market,Enterprise,Annual,609.96,1
CUST_007568,2025-04-20,2026-06-30,14,United States,Technology,Mid-Market,Business,Annual,274.02,1
CUST_007569,2024-08-30,2026-06-30,21,India,Professional Services,Small,Basic,Monthly,50.06,1
CUST_007570,2023-11-01,2026-06-30,31,Canada,Finance,Mid-Market,Business,Annual,246.33,1
CUST_007571,2023-01-12,2026-06-30,41,Germany,Healthcare,Small,Basic,Monthly,46.87,1
CUST_007572,2021-11-08,2026-06-30,55,India,Finance,Small,Pro,Monthly,106.19,1
CUST_007573,2025-06-16,2026-06-30,12,United Kingdom,Technology,Enterprise,Enterprise,Annual,568.8,0
CUST_007574,2021-09-11,2026-06-30,57,United States,Finance,Enterprise,Enterprise,Annual,564.87,0
CUST_007575,2023-10-27,2026-06-30,32,United Kingdom,Manufacturing,Small,Pro,Annual,93.38,1
CUST_007576,2025-10-14,2026-06-30,8,Canada,Retail,Mid-Market,Business,Annual,239.63,1
CUST_007577,2021-11-10,2026-06-30,55,Canada,Healthcare,Small,Basic,Monthly,49.11,0
CUST_007578,2024-09-12,2026-06-30,21,India,Professional Services,Small,Basic,Monthly,48.36,0
CUST_007579,2023-05-14,2026-06-30,37,United States,Technology,Small,Basic,Monthly,50.29,1
CUST_007580,2022-12-25,2026-06-30,42,Canada,Professional Services,Mid-Market,Pro,Annual,93.6,1
CUST_007581,2026-05-07,2026-06-30,1,United States,Technology,Mid-Market,Basic,Monthly,46.86,0
CUST_007582,2025-04-29,2026-06-30,14,United States,Professional Services,Small,Pro,Annual,99.76,1
CUST_007583,2023-01-15,2026-06-30,41,United Kingdom,Professional Services,Enterprise,Pro,Monthly,94.23,0
CUST_007584,2024-10-26,2026-06-30,20,Germany,Manufacturing,Mid-Market,Pro,Monthly,92.26,0
CUST_007585,2026-05-15,2026-06-30,1,United Kingdom,Technology,Small,Basic,Monthly,45.25,1
CUST_007586,2026-04-20,2026-06-30,2,United States,Healthcare,Small,Business,Annual,248.4,1
CUST_007587,2022-05-09,2026-06-30,49,United States,Professional Services,Mid-Market,Pro,Monthly,98.66,1
CUST_007588,2025-08-29,2026-06-30,10,Canada,Healthcare,Small,Pro,Annual,98.43,1
CUST_007589,2025-12-02,2026-06-30,6,Canada,Finance,Small,Basic,Annual,51.98,1
CUST_007590,2023-08-26,2026-06-30,34,Australia,Healthcare,Small,Basic,Monthly,49.74,1
CUST_007591,2025-10-30,2026-06-30,7,United Kingdom,Technology,Small,Basic,Monthly,49.0,1
CUST_007592,2023-03-16,2026-06-30,39,India,Healthcare,Small,Basic,Monthly,52.3,1
CUST_007593,2023-09-28,2026-06-30,33,Australia,Technology,Mid-Market,Pro,Monthly,103.83,1
CUST_007594,2023-03-24,2026-06-30,39,United States,Retail,Mid-Market,Pro,Monthly,95.39,0
CUST_007595,2023-12-31,2026-06-30,29,United Kingdom,Finance,Enterprise,Enterprise,Annual,623.99,1
CUST_007596,2022-08-03,2026-06-30,46,Germany,Technology,Mid-Market,Basic,Monthly,53.34,1
CUST_007597,2023-03-31,2026-06-30,38,India,Technology,Small,Basic,Annual,53.35,1
CUST_007598,2024-05-16,2026-06-30,25,Canada,Professional Services,Small,Basic,Annual,51.39,1
CUST_007599,2026-05-04,2026-06-30,1,United Kingdom,Retail,Small,Pro,Annual,100.92,1
CUST_007600,2025-01-26,2026-06-30,17,United States,Retail,Enterprise,Business,Monthly,252.61,0
CUST_007601,2025-10-08,2026-06-30,8,Germany,Manufacturing,Small,Basic,Monthly,52.57,1
CUST_007602,2026-05-04,2026-06-30,1,India,Retail,Small,Pro,Monthly,92.38,1
CUST_007603,2025-01-26,2026-06-30,17,India,Healthcare,Mid-Market,Pro,Annual,105.27,1
CUST_007604,2025-05-26,2026-06-30,13,United States,Retail,Small,Basic,Monthly,49.32,1
CUST_007605,2026-01-14,2026-06-30,5,United States,Finance,Enterprise,Enterprise,Annual,571.37,1
CUST_007606,2024-11-17,2026-06-30,19,Germany,Retail,Small,Business,Monthly,234.28,1
CUST_007607,2023-12-04,2026-06-30,30,United Kingdom,Technology,Small,Pro,Monthly,90.56,0
CUST_007608,2025-07-16,2026-06-30,11,India,Professional Services,Enterprise,Business,Annual,256.03,1
CUST_007609,2025-01-26,2026-06-30,17,United States,Healthcare,Small,Basic,Monthly,53.71,1
CUST_007610,2026-04-25,2026-06-30,2,Australia,Technology,Small,Basic,Monthly,47.78,0
CUST_007611,2026-03-02,2026-06-30,3,Germany,Retail,Mid-Market,Pro,Annual,94.77,1
CUST_007612,2025-08-22,2026-06-30,10,United States,Technology,Mid-Market,Enterprise,Monthly,635.19,1
CUST_007613,2024-03-10,2026-06-30,27,United States,Healthcare,Small,Basic,Monthly,49.28,1
CUST_007614,2023-02-21,2026-06-30,40,Germany,Professional Services,Small,Basic,Annual,52.07,1
CUST_007615,2022-07-16,2026-06-30,47,United States,Manufacturing,Small,Basic,Annual,46.61,1
CUST_007616,2023-04-27,2026-06-30,38,Australia,Manufacturing,Small,Pro,Monthly,102.23,0
CUST_007617,2023-05-20,2026-06-30,37,United Kingdom,Healthcare,Small,Basic,Annual,53.45,1
CUST_007618,2021-10-25,2026-06-30,56,Canada,Healthcare,Small,Basic,Monthly,46.43,1
CUST_007619,2025-02-27,2026-06-30,16,United States,Technology,Mid-Market,Pro,Annual,97.41,1
CUST_007620,2022-06-29,2026-06-30,48,India,Retail,Mid-Market,Pro,Annual,97.21,1
CUST_007621,2021-10-23,2026-06-30,56,Germany,Retail,Small,Basic,Monthly,50.84,0
CUST_007622,2023-08-16,2026-06-30,34,Australia,Technology,Small,Business,Monthly,264.7,0
CUST_007623,2022-04-14,2026-06-30,50,Germany,Technology,Small,Pro,Monthly,95.63,1
CUST_007624,2025-09-27,2026-06-30,9,United Kingdom,Technology,Small,Pro,Annual,111.37,0
CUST_007625,2022-02-04,2026-06-30,52,India,Finance,Enterprise,Enterprise,Annual,600.69,1
CUST_007626,2023-08-23,2026-06-30,34,United Kingdom,Technology,Small,Basic,Monthly,47.61,1
CUST_007627,2025-04-29,2026-06-30,14,United Kingdom,Healthcare,Enterprise,Enterprise,Annual,641.76,1
CUST_007628,2026-02-10,2026-06-30,4,United States,Healthcare,Mid-Market,Basic,Monthly,49.34,0
CUST_007629,2022-11-16,2026-06-30,43,United States,Healthcare,Mid-Market,Business,Monthly,244.32,1
CUST_007630,2024-04-18,2026-06-30,26,Germany,Technology,Enterprise,Enterprise,Annual,582.76,0
CUST_007631,2024-11-21,2026-06-30,19,United States,Healthcare,Mid-Market,Pro,Monthly,109.41,1
CUST_007632,2024-06-30,2026-06-30,23,Germany,Manufacturing,Mid-Market,Pro,Monthly,94.08,1
CUST_007633,2021-07-18,2026-06-30,59,India,Finance,Small,Pro,Monthly,104.57,1
CUST_007634,2024-04-24,2026-06-30,26,Canada,Finance,Mid-Market,Enterprise,Annual,574.69,1
CUST_007635,2026-01-10,2026-06-30,5,United States,Healthcare,Small,Basic,Monthly,47.47,0
CUST_007636,2025-01-14,2026-06-30,17,United Kingdom,Technology,Small,Basic,Monthly,48.8,0
CUST_007637,2025-09-13,2026-06-30,9,United States,Finance,Enterprise,Enterprise,Annual,612.94,1
CUST_007638,2023-01-16,2026-06-30,41,Australia,Healthcare,Mid-Market,Business,Annual,228.52,1
CUST_007639,2022-06-25,2026-06-30,48,United Kingdom,Finance,Small,Basic,Monthly,47.67,1
CUST_007640,2022-04-13,2026-06-30,50,Canada,Manufacturing,Enterprise,Enterprise,Annual,629.82,1
CUST_007641,2023-04-21,2026-06-30,38,United Kingdom,Professional Services,Small,Pro,Monthly,104.07,0
CUST_007642,2022-08-21,2026-06-30,46,Canada,Healthcare,Enterprise,Business,Annual,245.39,1
CUST_007643,2024-05-12,2026-06-30,25,United States,Healthcare,Mid-Market,Pro,Annual,93.18,1
CUST_007644,2023-05-01,2026-06-30,37,United States,Professional Services,Small,Basic,Monthly,49.53,0
CUST_007645,2025-11-20,2026-06-30,7,Canada,Healthcare,Small,Pro,Annual,103.13,1
CUST_007646,2023-10-08,2026-06-30,32,India,Professional Services,Enterprise,Enterprise,Annual,604.44,1
CUST_007647,2023-09-04,2026-06-30,33,United States,Manufacturing,Small,Business,Annual,266.5,1
CUST_007648,2026-04-06,2026-06-30,2,United States,Finance,Enterprise,Enterprise,Annual,590.92,1
CUST_007649,2023-09-20,2026-06-30,33,United States,Technology,Small,Pro,Annual,92.48,1
CUST_007650,2022-11-11,2026-06-30,43,Canada,Technology,Small,Basic,Monthly,47.54,1
CUST_007651,2024-08-10,2026-06-30,22,United States,Manufacturing,Mid-Market,Pro,Annual,99.01,1
CUST_007652,2023-09-26,2026-06-30,33,Germany,Finance,Small,Business,Monthly,240.24,0
CUST_007653,2025-01-03,2026-06-30,17,United States,Retail,Small,Basic,Annual,47.73,1
CUST_007654,2025-01-31,2026-06-30,16,United Kingdom,Healthcare,Mid-Market,Enterprise,Annual,627.8,1
CUST_007655,2025-10-11,2026-06-30,8,United States,Professional Services,Small,Basic,Monthly,47.01,1
CUST_007656,2024-10-20,2026-06-30,20,Canada,Manufacturing,Small,Pro,Annual,92.4,1
CUST_007657,2022-06-20,2026-06-30,48,United States,Technology,Mid-Market,Business,Annual,259.08,0
CUST_007658,2021-10-25,2026-06-30,56,Germany,Finance,Small,Basic,Monthly,50.58,1
CUST_007659,2023-04-17,2026-06-30,38,India,Healthcare,Mid-Market,Business,Annual,236.09,1
CUST_007660,2023-05-07,2026-06-30,37,United States,Manufacturing,Mid-Market,Enterprise,Annual,620.19,1
CUST_007661,2023-05-26,2026-06-30,37,India,Manufacturing,Mid-Market,Business,Annual,234.92,1
CUST_007662,2024-01-28,2026-06-30,29,United States,Healthcare,Small,Basic,Annual,47.23,1
CUST_007663,2024-05-02,2026-06-30,25,United Kingdom,Manufacturing,Enterprise,Enterprise,Annual,565.92,1
CUST_007664,2023-05-13,2026-06-30,37,Germany,Healthcare,Small,Pro,Annual,96.73,0
CUST_007665,2022-07-24,2026-06-30,47,United States,Technology,Enterprise,Enterprise,Annual,615.89,1
CUST_007666,2024-05-19,2026-06-30,25,Canada,Professional Services,Mid-Market,Business,Annual,252.36,1
CUST_007667,2023-08-20,2026-06-30,34,United States,Healthcare,Mid-Market,Pro,Annual,94.97,1
CUST_007668,2024-02-08,2026-06-30,28,Germany,Manufacturing,Small,Basic,Monthly,49.46,0
CUST_007669,2025-01-04,2026-06-30,17,Canada,Finance,Small,Business,Annual,253.76,1
CUST_007670,2024-12-26,2026-06-30,18,India,Retail,Small,Business,Monthly,260.9,0
CUST_007671,2026-01-10,2026-06-30,5,United States,Finance,Mid-Market,Business,Annual,253.47,1
CUST_007672,2024-04-02,2026-06-30,26,India,Healthcare,Small,Basic,Monthly,50.81,0
CUST_007673,2022-11-30,2026-06-30,42,United States,Technology,Small,Business,Monthly,249.81,0
CUST_007674,2023-01-17,2026-06-30,41,United Kingdom,Manufacturing,Small,Basic,Monthly,47.0,0
CUST_007675,2021-07-27,2026-06-30,59,United States,Finance,Small,Basic,Monthly,49.4,1
CUST_007676,2026-03-21,2026-06-30,3,United States,Finance,Small,Basic,Monthly,51.98,0
CUST_007677,2022-09-04,2026-06-30,45,United States,Finance,Small,Pro,Monthly,105.28,1
CUST_007678,2022-07-04,2026-06-30,47,United Kingdom,Healthcare,Small,Basic,Monthly,42.68,1
CUST_007679,2024-04-08,2026-06-30,26,United States,Retail,Small,Basic,Monthly,50.54,0
CUST_007680,2025-01-09,2026-06-30,17,United Kingdom,Retail,Small,Pro,Annual,96.55,1
CUST_007681,2024-08-29,2026-06-30,22,India,Retail,Mid-Market,Business,Annual,253.99,1
CUST_007682,2023-01-22,2026-06-30,41,United States,Healthcare,Enterprise,Pro,Annual,92.24,1
CUST_007683,2022-03-06,2026-06-30,51,United States,Healthcare,Small,Basic,Monthly,47.95,0
CUST_007684,2023-04-04,2026-06-30,38,United States,Technology,Mid-Market,Business,Annual,229.03,1
CUST_007685,2023-11-21,2026-06-30,31,United States,Healthcare,Small,Basic,Monthly,47.94,0
CUST_007686,2023-03-17,2026-06-30,39,Canada,Professional Services,Mid-Market,Basic,Annual,50.49,1
CUST_007687,2026-01-25,2026-06-30,5,Germany,Healthcare,Small,Enterprise,Annual,612.33,1
CUST_007688,2023-06-05,2026-06-30,36,United States,Professional Services,Mid-Market,Business,Monthly,275.72,0
CUST_007689,2026-03-17,2026-06-30,3,United States,Technology,Mid-Market,Pro,Monthly,96.45,1
CUST_007690,2021-09-13,2026-06-30,57,United Kingdom,Manufacturing,Mid-Market,Business,Annual,238.07,1
CUST_007691,2022-01-16,2026-06-30,53,United States,Manufacturing,Small,Pro,Monthly,105.86,0
CUST_007692,2023-12-01,2026-06-30,30,United Kingdom,Retail,Mid-Market,Business,Annual,227.63,1
CUST_007693,2024-07-29,2026-06-30,23,India,Retail,Small,Pro,Monthly,99.96,0
CUST_007694,2022-10-25,2026-06-30,44,United States,Technology,Small,Pro,Annual,101.49,1
CUST_007695,2023-04-13,2026-06-30,38,Canada,Manufacturing,Mid-Market,Pro,Annual,87.56,1
CUST_007696,2022-12-12,2026-06-30,42,Australia,Healthcare,Mid-Market,Pro,Monthly,93.6,0
CUST_007697,2023-11-18,2026-06-30,31,Germany,Healthcare,Mid-Market,Pro,Monthly,92.24,1
CUST_007698,2025-04-02,2026-06-30,14,Germany,Technology,Mid-Market,Business,Monthly,259.37,0
CUST_007699,2026-01-20,2026-06-30,5,Australia,Technology,Mid-Market,Business,Annual,241.0,1
CUST_007700,2025-01-08,2026-06-30,17,United Kingdom,Professional Services,Small,Pro,Monthly,97.71,1
CUST_007701,2023-10-25,2026-06-30,32,United Kingdom,Finance,Small,Basic,Annual,45.05,1
CUST_007702,2024-04-30,2026-06-30,25,Germany,Finance,Small,Basic,Monthly,47.02,1
CUST_007703,2023-12-05,2026-06-30,30,Germany,Technology,Mid-Market,Business,Annual,239.16,0
CUST_007704,2025-01-18,2026-06-30,17,Germany,Retail,Mid-Market,Pro,Annual,97.92,1
CUST_007705,2021-10-21,2026-06-30,56,United States,Manufacturing,Mid-Market,Enterprise,Annual,589.84,1
CUST_007706,2024-08-11,2026-06-30,22,Australia,Professional Services,Mid-Market,Pro,Annual,106.28,1
CUST_007707,2022-04-04,2026-06-30,50,United States,Retail,Small,Basic,Monthly,50.69,0
CUST_007708,2024-06-29,2026-06-30,24,United States,Finance,Small,Pro,Monthly,90.21,0
CUST_007709,2024-03-26,2026-06-30,27,United States,Technology,Enterprise,Enterprise,Annual,629.48,1
CUST_007710,2023-06-13,2026-06-30,36,United States,Finance,Small,Basic,Monthly,51.16,1
CUST_007711,2025-02-13,2026-06-30,16,United Kingdom,Retail,Small,Basic,Monthly,49.17,1
CUST_007712,2025-05-02,2026-06-30,13,United States,Professional Services,Mid-Market,Business,Monthly,261.27,0
CUST_007713,2024-07-20,2026-06-30,23,United Kingdom,Technology,Small,Basic,Monthly,51.95,1
CUST_007714,2022-06-18,2026-06-30,48,Canada,Finance,Small,Basic,Annual,47.81,1
CUST_007715,2025-09-14,2026-06-30,9,United States,Retail,Mid-Market,Business,Annual,233.81,1
CUST_007716,2024-04-06,2026-06-30,26,United States,Retail,Small,Basic,Monthly,50.38,1
CUST_007717,2023-02-10,2026-06-30,40,United Kingdom,Retail,Enterprise,Enterprise,Annual,574.58,1
CUST_007718,2022-12-11,2026-06-30,42,Germany,Healthcare,Enterprise,Pro,Monthly,100.31,0
CUST_007719,2024-04-12,2026-06-30,26,United States,Finance,Small,Pro,Annual,93.86,0
CUST_007720,2026-01-05,2026-06-30,5,United States,Healthcare,Enterprise,Business,Annual,261.13,1
CUST_007721,2026-05-03,2026-06-30,1,United States,Finance,Small,Basic,Monthly,47.14,0
CUST_007722,2024-02-08,2026-06-30,28,United States,Manufacturing,Small,Basic,Monthly,48.48,1
CUST_007723,2022-06-07,2026-06-30,48,United States,Technology,Mid-Market,Pro,Monthly,97.64,1
CUST_007724,2026-04-11,2026-06-30,2,India,Healthcare,Mid-Market,Business,Annual,231.37,1
CUST_007725,2022-01-19,2026-06-30,53,United States,Professional Services,Small,Basic,Monthly,51.64,0
CUST_007726,2023-02-03,2026-06-30,40,United States,Healthcare,Small,Basic,Monthly,52.15,0
CUST_007727,2026-05-17,2026-06-30,1,India,Technology,Small,Enterprise,Annual,594.7,1
CUST_007728,2024-09-22,2026-06-30,21,United Kingdom,Professional Services,Small,Basic,Monthly,47.14,0
CUST_007729,2025-05-01,2026-06-30,13,Canada,Technology,Small,Basic,Monthly,48.43,0
CUST_007730,2021-10-01,2026-06-30,56,United Kingdom,Manufacturing,Enterprise,Enterprise,Annual,583.84,0
CUST_007731,2023-09-09,2026-06-30,33,India,Technology,Mid-Market,Business,Annual,248.72,1
CUST_007732,2024-10-27,2026-06-30,20,United States,Professional Services,Small,Basic,Monthly,48.24,0
CUST_007733,2025-01-17,2026-06-30,17,United States,Technology,Small,Basic,Monthly,46.78,0
CUST_007734,2023-08-23,2026-06-30,34,India,Finance,Small,Pro,Annual,104.6,1
CUST_007735,2026-05-22,2026-06-30,1,Australia,Professional Services,Small,Basic,Annual,48.48,1
CUST_007736,2025-02-23,2026-06-30,16,India,Retail,Mid-Market,Business,Annual,273.05,1
CUST_007737,2025-08-08,2026-06-30,10,United States,Finance,Mid-Market,Basic,Monthly,49.26,1
CUST_007738,2023-05-14,2026-06-30,37,India,Technology,Small,Basic,Monthly,48.01,1
CUST_007739,2023-02-15,2026-06-30,40,United States,Technology,Enterprise,Enterprise,Annual,590.55,1
CUST_007740,2024-02-13,2026-06-30,28,Germany,Finance,Mid-Market,Pro,Monthly,97.18,1
CUST_007741,2025-09-22,2026-06-30,9,India,Healthcare,Small,Basic,Monthly,48.74,1
CUST_007742,2024-08-04,2026-06-30,22,United States,Healthcare,Enterprise,Pro,Annual,100.11,0
CUST_007743,2022-04-09,2026-06-30,50,United States,Professional Services,Small,Basic,Monthly,46.25,0
CUST_007744,2025-05-31,2026-06-30,12,United Kingdom,Manufacturing,Enterprise,Enterprise,Annual,568.41,1
CUST_007745,2025-08-11,2026-06-30,10,Australia,Professional Services,Mid-Market,Enterprise,Annual,622.37,1
CUST_007746,2025-11-12,2026-06-30,7,United States,Healthcare,Small,Basic,Monthly,50.26,1
CUST_007747,2022-05-26,2026-06-30,49,India,Healthcare,Small,Basic,Monthly,45.14,1
CUST_007748,2025-10-28,2026-06-30,8,United States,Retail,Mid-Market,Enterprise,Annual,614.65,1
CUST_007749,2023-07-22,2026-06-30,35,Canada,Finance,Mid-Market,Business,Monthly,259.46,0
CUST_007750,2021-07-03,2026-06-30,59,United States,Technology,Mid-Market,Business,Annual,252.14,1
CUST_007751,2023-04-05,2026-06-30,38,India,Professional Services,Small,Pro,Annual,90.81,1
CUST_007752,2024-05-21,2026-06-30,25,United States,Retail,Mid-Market,Pro,Monthly,92.38,1
CUST_007753,2025-05-25,2026-06-30,13,United Kingdom,Finance,Small,Basic,Monthly,48.88,0
CUST_007754,2026-05-28,2026-06-30,1,United States,Healthcare,Small,Pro,Monthly,108.32,1
CUST_007755,2025-08-25,2026-06-30,10,India,Technology,Small,Basic,Monthly,47.68,0
CUST_007756,2021-09-24,2026-06-30,57,Australia,Retail,Mid-Market,Business,Annual,256.54,1
CUST_007757,2025-09-16,2026-06-30,9,United States,Finance,Mid-Market,Enterprise,Annual,579.71,1
CUST_007758,2026-04-26,2026-06-30,2,United States,Professional Services,Small,Basic,Monthly,53.16,0
CUST_007759,2022-05-28,2026-06-30,49,United States,Healthcare,Mid-Market,Business,Annual,249.52,1
CUST_007760,2024-05-10,2026-06-30,25,Canada,Healthcare,Enterprise,Business,Annual,233.9,1
CUST_007761,2024-08-29,2026-06-30,22,Australia,Manufacturing,Small,Business,Annual,238.85,1
CUST_007762,2022-11-21,2026-06-30,43,United Kingdom,Professional Services,Small,Basic,Monthly,46.8,0
CUST_007763,2023-11-05,2026-06-30,31,Canada,Manufacturing,Small,Basic,Monthly,49.29,0
CUST_007764,2021-12-02,2026-06-30,54,Germany,Healthcare,Small,Pro,Monthly,95.55,0
CUST_007765,2024-02-12,2026-06-30,28,Canada,Finance,Small,Business,Annual,242.83,1
CUST_007766,2022-11-29,2026-06-30,43,United States,Retail,Mid-Market,Business,Annual,273.23,1
CUST_007767,2022-02-04,2026-06-30,52,United States,Manufacturing,Small,Pro,Annual,96.1,1
CUST_007768,2024-02-19,2026-06-30,28,United States,Professional Services,Mid-Market,Enterprise,Annual,604.28,1
CUST_007769,2025-01-06,2026-06-30,17,United Kingdom,Healthcare,Enterprise,Enterprise,Annual,590.82,1
CUST_007770,2021-08-16,2026-06-30,58,United States,Retail,Small,Pro,Annual,98.76,0
CUST_007771,2025-04-19,2026-06-30,14,United Kingdom,Finance,Small,Basic,Monthly,50.63,1
CUST_007772,2026-03-22,2026-06-30,3,United States,Technology,Small,Basic,Monthly,43.61,1
CUST_007773,2023-07-29,2026-06-30,35,Germany,Finance,Mid-Market,Pro,Monthly,99.74,1
CUST_007774,2021-07-25,2026-06-30,59,United States,Technology,Small,Business,Annual,244.32,1
CUST_007775,2025-12-27,2026-06-30,6,Canada,Healthcare,Mid-Market,Pro,Monthly,99.87,0
CUST_007776,2022-03-29,2026-06-30,51,United States,Finance,Mid-Market,Pro,Monthly,97.99,1
CUST_007777,2022-05-02,2026-06-30,49,United States,Retail,Mid-Market,Basic,Monthly,48.52,0
CUST_007778,2021-11-06,2026-06-30,55,United States,Retail,Small,Basic,Monthly,49.72,0
CUST_007779,2024-05-05,2026-06-30,25,Canada,Technology,Enterprise,Enterprise,Annual,582.52,1
CUST_007780,2025-02-28,2026-06-30,15,Germany,Retail,Enterprise,Pro,Annual,108.74,1
CUST_007781,2023-11-24,2026-06-30,31,United States,Technology,Mid-Market,Business,Annual,237.02,0
CUST_007782,2025-09-18,2026-06-30,9,Germany,Technology,Small,Pro,Annual,106.12,1
CUST_007783,2022-04-10,2026-06-30,50,United Kingdom,Professional Services,Mid-Market,Business,Monthly,233.55,1
CUST_007784,2023-02-26,2026-06-30,40,Canada,Technology,Enterprise,Business,Annual,245.72,1
CUST_007785,2024-01-15,2026-06-30,29,United Kingdom,Finance,Mid-Market,Business,Annual,252.87,1
CUST_007786,2023-11-18,2026-06-30,31,United States,Retail,Mid-Market,Business,Annual,237.39,1
CUST_007787,2022-11-30,2026-06-30,42,Germany,Finance,Small,Basic,Monthly,46.55,1
CUST_007788,2023-11-04,2026-06-30,31,Australia,Finance,Small,Basic,Monthly,48.31,1
CUST_007789,2022-04-15,2026-06-30,50,Australia,Manufacturing,Mid-Market,Pro,Annual,103.43,1
CUST_007790,2021-11-14,2026-06-30,55,United States,Retail,Enterprise,Enterprise,Annual,601.45,1
CUST_007791,2021-09-30,2026-06-30,56,United Kingdom,Healthcare,Small,Basic,Monthly,53.64,1
CUST_007792,2023-05-14,2026-06-30,37,United States,Professional Services,Small,Pro,Annual,101.8,1
CUST_007793,2022-10-07,2026-06-30,44,Canada,Technology,Small,Pro,Monthly,96.74,1
CUST_007794,2024-11-19,2026-06-30,19,United States,Healthcare,Small,Basic,Monthly,42.4,0
CUST_007795,2026-03-24,2026-06-30,3,United States,Technology,Mid-Market,Pro,Monthly,91.32,0
CUST_007796,2024-06-12,2026-06-30,24,United Kingdom,Technology,Small,Pro,Annual,97.69,0
CUST_007797,2022-02-17,2026-06-30,52,India,Professional Services,Mid-Market,Pro,Annual,91.25,1
CUST_007798,2025-10-04,2026-06-30,8,United States,Manufacturing,Small,Basic,Annual,48.53,1
CUST_007799,2023-09-25,2026-06-30,33,United Kingdom,Technology,Mid-Market,Business,Monthly,251.78,0
CUST_007800,2025-06-20,2026-06-30,12,United Kingdom,Healthcare,Small,Basic,Annual,48.28,1
CUST_007801,2024-04-21,2026-06-30,26,India,Technology,Mid-Market,Pro,Annual,97.66,1
CUST_007802,2025-09-16,2026-06-30,9,United Kingdom,Retail,Small,Basic,Monthly,53.8,0
CUST_007803,2022-10-21,2026-06-30,44,United States,Finance,Small,Basic,Monthly,49.16,0
CUST_007804,2022-06-07,2026-06-30,48,United States,Professional Services,Mid-Market,Basic,Annual,48.66,1
CUST_007805,2022-09-08,2026-06-30,45,United Kingdom,Technology,Small,Pro,Monthly,94.08,1
CUST_007806,2022-12-13,2026-06-30,42,United States,Finance,Small,Basic,Annual,48.99,1
CUST_007807,2025-04-04,2026-06-30,14,India,Professional Services,Enterprise,Pro,Monthly,96.63,0
CUST_007808,2023-10-23,2026-06-30,32,India,Professional Services,Mid-Market,Business,Annual,271.43,1
CUST_007809,2025-11-24,2026-06-30,7,India,Finance,Small,Basic,Monthly,50.39,1
CUST_007810,2024-07-29,2026-06-30,23,United States,Healthcare,Mid-Market,Enterprise,Annual,641.54,1
CUST_007811,2023-12-06,2026-06-30,30,Germany,Professional Services,Small,Basic,Monthly,49.51,1
CUST_007812,2023-02-17,2026-06-30,40,United Kingdom,Retail,Small,Basic,Monthly,52.05,0
CUST_007813,2025-12-09,2026-06-30,6,United States,Retail,Small,Pro,Monthly,94.05,1
CUST_007814,2022-06-02,2026-06-30,48,United States,Retail,Small,Business,Annual,252.11,1
CUST_007815,2024-02-28,2026-06-30,28,United States,Professional Services,Small,Pro,Monthly,94.7,1
CUST_007816,2022-01-31,2026-06-30,52,United States,Healthcare,Mid-Market,Business,Annual,243.53,1
CUST_007817,2023-10-28,2026-06-30,32,India,Technology,Small,Pro,Annual,99.21,1
CUST_007818,2023-09-23,2026-06-30,33,Australia,Healthcare,Small,Basic,Annual,46.65,1
CUST_007819,2023-01-04,2026-06-30,41,United States,Manufacturing,Small,Pro,Annual,91.76,0
CUST_007820,2022-05-21,2026-06-30,49,United Kingdom,Healthcare,Small,Basic,Monthly,51.41,0
CUST_007821,2025-08-22,2026-06-30,10,United States,Finance,Mid-Market,Pro,Monthly,90.68,1
CUST_007822,2023-11-26,2026-06-30,31,United States,Retail,Small,Basic,Monthly,53.14,1
CUST_007823,2026-04-08,2026-06-30,2,United States,Healthcare,Small,Basic,Annual,47.0,1
CUST_007824,2024-01-31,2026-06-30,28,United Kingdom,Professional Services,Small,Basic,Monthly,50.39,1
CUST_007825,2022-06-01,2026-06-30,48,United Kingdom,Finance,Small,Basic,Monthly,50.53,0
CUST_007826,2022-02-28,2026-06-30,52,Australia,Manufacturing,Mid-Market,Basic,Monthly,46.29,0
CUST_007827,2025-01-08,2026-06-30,17,India,Retail,Mid-Market,Business,Annual,254.73,1
CUST_007828,2024-07-07,2026-06-30,23,United States,Technology,Mid-Market,Business,Annual,251.14,1
CUST_007829,2023-09-14,2026-06-30,33,Germany,Healthcare,Small,Basic,Monthly,50.55,1
CUST_007830,2024-06-20,2026-06-30,24,United States,Technology,Small,Pro,Monthly,104.99,0
CUST_007831,2025-07-16,2026-06-30,11,United States,Manufacturing,Mid-Market,Pro,Monthly,103.03,1
CUST_007832,2024-11-30,2026-06-30,18,Canada,Manufacturing,Enterprise,Enterprise,Annual,572.99,1
CUST_007833,2024-06-05,2026-06-30,24,United States,Technology,Small,Business,Annual,247.31,1
CUST_007834,2023-11-12,2026-06-30,31,United States,Healthcare,Mid-Market,Business,Monthly,238.74,1
CUST_007835,2021-11-21,2026-06-30,55,United States,Professional Services,Small,Basic,Monthly,47.59,1
CUST_007836,2023-09-26,2026-06-30,33,United States,Finance,Enterprise,Enterprise,Annual,613.61,1
CUST_007837,2024-07-06,2026-06-30,23,India,Professional Services,Small,Basic,Monthly,50.48,0
CUST_007838,2023-03-03,2026-06-30,39,United States,Technology,Small,Basic,Monthly,50.43,0
CUST_007839,2022-08-13,2026-06-30,46,Canada,Technology,Small,Basic,Monthly,49.71,0
CUST_007840,2024-04-19,2026-06-30,26,India,Healthcare,Mid-Market,Business,Annual,254.49,0
CUST_007841,2024-01-04,2026-06-30,29,United Kingdom,Technology,Mid-Market,Enterprise,Annual,585.38,1
CUST_007842,2025-05-05,2026-06-30,13,Canada,Professional Services,Mid-Market,Business,Annual,265.82,1
CUST_007843,2022-03-01,2026-06-30,51,India,Retail,Mid-Market,Business,Monthly,257.32,1
CUST_007844,2022-02-26,2026-06-30,52,United States,Retail,Small,Pro,Monthly,98.9,0
CUST_007845,2025-07-22,2026-06-30,11,United States,Retail,Small,Pro,Monthly,104.57,1
CUST_007846,2024-09-17,2026-06-30,21,United Kingdom,Retail,Enterprise,Enterprise,Annual,583.57,1
CUST_007847,2025-01-28,2026-06-30,17,Canada,Manufacturing,Small,Pro,Monthly,99.59,0
CUST_007848,2021-11-17,2026-06-30,55,Australia,Retail,Small,Pro,Annual,103.43,1
CUST_007849,2026-02-03,2026-06-30,4,United States,Professional Services,Small,Pro,Monthly,92.97,1
CUST_007850,2025-05-24,2026-06-30,13,United Kingdom,Retail,Small,Basic,Annual,54.45,1
CUST_007851,2024-11-12,2026-06-30,19,Germany,Finance,Small,Basic,Monthly,47.56,0
CUST_007852,2023-08-30,2026-06-30,34,India,Healthcare,Mid-Market,Pro,Monthly,96.76,1
CUST_007853,2025-03-11,2026-06-30,15,United States,Healthcare,Mid-Market,Basic,Monthly,49.05,1
CUST_007854,2023-10-11,2026-06-30,32,United States,Finance,Small,Pro,Annual,102.66,1
CUST_007855,2022-09-28,2026-06-30,45,India,Healthcare,Small,Business,Monthly,259.4,1
CUST_007856,2022-05-05,2026-06-30,49,United Kingdom,Finance,Enterprise,Enterprise,Annual,643.9,1
CUST_007857,2025-12-05,2026-06-30,6,United States,Technology,Mid-Market,Basic,Monthly,48.84,1
CUST_007858,2025-09-24,2026-06-30,9,United States,Professional Services,Enterprise,Pro,Monthly,100.63,0
CUST_007859,2025-12-12,2026-06-30,6,Australia,Manufacturing,Small,Basic,Monthly,45.23,0
CUST_007860,2021-12-10,2026-06-30,54,United Kingdom,Finance,Enterprise,Business,Annual,235.67,1
CUST_007861,2023-03-18,2026-06-30,39,United Kingdom,Professional Services,Enterprise,Pro,Annual,98.55,1
CUST_007862,2023-10-21,2026-06-30,32,India,Professional Services,Small,Basic,Monthly,49.88,0
CUST_007863,2022-07-12,2026-06-30,47,United States,Professional Services,Mid-Market,Pro,Monthly,98.77,1
CUST_007864,2023-07-14,2026-06-30,35,United States,Technology,Small,Basic,Monthly,50.28,1
CUST_007865,2025-04-04,2026-06-30,14,United Kingdom,Finance,Mid-Market,Pro,Monthly,98.72,0
CUST_007866,2023-11-28,2026-06-30,31,India,Healthcare,Mid-Market,Business,Monthly,246.09,0
CUST_007867,2022-12-16,2026-06-30,42,United States,Manufacturing,Small,Enterprise,Annual,670.89,1
CUST_007868,2026-03-28,2026-06-30,3,Germany,Retail,Small,Pro,Monthly,97.7,1
CUST_007869,2023-06-08,2026-06-30,36,United States,Retail,Small,Basic,Monthly,51.48,1
CUST_007870,2023-12-21,2026-06-30,30,United States,Manufacturing,Mid-Market,Pro,Annual,92.54,1
CUST_007871,2026-01-27,2026-06-30,5,India,Professional Services,Mid-Market,Business,Annual,250.53,1
CUST_007872,2025-02-12,2026-06-30,16,United States,Retail,Small,Pro,Monthly,95.66,0
CUST_007873,2024-03-17,2026-06-30,27,United States,Professional Services,Enterprise,Enterprise,Annual,658.3,1
CUST_007874,2024-09-23,2026-06-30,21,Australia,Manufacturing,Small,Pro,Monthly,96.24,1
CUST_007875,2024-12-27,2026-06-30,18,United States,Finance,Small,Basic,Monthly,48.92,1
CUST_007876,2023-03-23,2026-06-30,39,United States,Manufacturing,Small,Business,Annual,238.75,1
CUST_007877,2024-06-05,2026-06-30,24,Australia,Technology,Mid-Market,Business,Annual,238.0,0
CUST_007878,2023-12-20,2026-06-30,30,United States,Technology,Mid-Market,Basic,Monthly,48.81,1
CUST_007879,2022-06-29,2026-06-30,48,United Kingdom,Professional Services,Mid-Market,Pro,Monthly,100.79,0
CUST_007880,2025-12-15,2026-06-30,6,United States,Healthcare,Enterprise,Enterprise,Monthly,630.68,0
CUST_007881,2024-08-23,2026-06-30,22,United States,Healthcare,Small,Basic,Annual,47.58,1
CUST_007882,2026-01-20,2026-06-30,5,Germany,Professional Services,Small,Basic,Monthly,47.54,0
CUST_007883,2021-11-09,2026-06-30,55,United States,Finance,Mid-Market,Business,Annual,265.0,1
CUST_007884,2025-07-02,2026-06-30,11,India,Technology,Small,Basic,Monthly,52.91,0
CUST_007885,2022-05-21,2026-06-30,49,India,Technology,Small,Pro,Monthly,98.58,0
CUST_007886,2025-06-23,2026-06-30,12,Australia,Healthcare,Small,Basic,Monthly,50.14,0
CUST_007887,2024-10-27,2026-06-30,20,United States,Technology,Small,Business,Annual,269.79,1
CUST_007888,2023-06-05,2026-06-30,36,United States,Technology,Small,Basic,Monthly,55.49,1
CUST_007889,2022-04-30,2026-06-30,50,India,Manufacturing,Small,Business,Annual,254.21,1
CUST_007890,2025-07-16,2026-06-30,11,Canada,Finance,Enterprise,Business,Annual,258.38,0
CUST_007891,2025-05-14,2026-06-30,13,Germany,Retail,Small,Basic,Monthly,49.33,0
CUST_007892,2022-01-30,2026-06-30,52,Australia,Technology,Enterprise,Enterprise,Annual,554.67,0
CUST_007893,2024-10-31,2026-06-30,19,United States,Healthcare,Small,Basic,Monthly,49.85,1
CUST_007894,2025-05-20,2026-06-30,13,United States,Retail,Enterprise,Enterprise,Annual,640.07,1
CUST_007895,2022-10-05,2026-06-30,44,United Kingdom,Healthcare,Small,Basic,Monthly,47.15,1
CUST_007896,2025-12-19,2026-06-30,6,United Kingdom,Finance,Small,Basic,Monthly,44.46,1
CUST_007897,2022-02-25,2026-06-30,52,United States,Finance,Small,Pro,Annual,101.92,1
CUST_007898,2022-02-10,2026-06-30,52,United Kingdom,Technology,Small,Basic,Monthly,44.7,0
CUST_007899,2022-03-16,2026-06-30,51,Australia,Technology,Mid-Market,Business,Annual,229.43,1
CUST_007900,2024-12-17,2026-06-30,18,United States,Healthcare,Small,Basic,Monthly,45.0,1
CUST_007901,2025-11-07,2026-06-30,7,United States,Technology,Small,Pro,Monthly,89.09,0
CUST_007902,2024-04-28,2026-06-30,26,Germany,Technology,Mid-Market,Business,Annual,262.16,1
CUST_007903,2024-10-08,2026-06-30,20,Australia,Technology,Mid-Market,Pro,Monthly,99.68,0
CUST_007904,2021-09-13,2026-06-30,57,India,Manufacturing,Small,Basic,Monthly,54.04,0
CUST_007905,2023-04-24,2026-06-30,38,United States,Healthcare,Small,Pro,Monthly,102.64,0
CUST_007906,2021-10-09,2026-06-30,56,India,Retail,Mid-Market,Pro,Annual,109.2,1
CUST_007907,2022-09-22,2026-06-30,45,Germany,Retail,Small,Pro,Monthly,95.81,1
CUST_007908,2022-11-25,2026-06-30,43,Germany,Finance,Mid-Market,Enterprise,Annual,609.85,1
CUST_007909,2025-11-12,2026-06-30,7,United States,Finance,Small,Basic,Annual,45.88,1
CUST_007910,2026-01-28,2026-06-30,5,United States,Finance,Enterprise,Enterprise,Annual,590.69,1
CUST_007911,2026-03-09,2026-06-30,3,Canada,Healthcare,Mid-Market,Enterprise,Annual,641.97,1
CUST_007912,2023-07-01,2026-06-30,35,United States,Finance,Mid-Market,Enterprise,Monthly,597.79,1
CUST_007913,2025-06-03,2026-06-30,12,United States,Technology,Mid-Market,Basic,Monthly,48.42,0
CUST_007914,2021-07-21,2026-06-30,59,India,Professional Services,Enterprise,Enterprise,Annual,598.34,1
CUST_007915,2025-10-05,2026-06-30,8,United States,Manufacturing,Mid-Market,Pro,Monthly,99.71,1
CUST_007916,2021-10-05,2026-06-30,56,India,Technology,Mid-Market,Business,Monthly,250.8,1
CUST_007917,2023-02-18,2026-06-30,40,Canada,Professional Services,Enterprise,Business,Monthly,265.6,1
CUST_007918,2025-11-22,2026-06-30,7,Australia,Technology,Small,Basic,Annual,47.23,0
CUST_007919,2026-02-16,2026-06-30,4,United States,Technology,Mid-Market,Business,Annual,246.43,1
CUST_007920,2024-06-20,2026-06-30,24,United Kingdom,Technology,Mid-Market,Pro,Monthly,99.48,0
CUST_007921,2024-09-30,2026-06-30,20,United Kingdom,Professional Services,Mid-Market,Pro,Monthly,94.53,1
CUST_007922,2024-11-11,2026-06-30,19,India,Technology,Enterprise,Business,Annual,243.44,1
CUST_007923,2023-10-26,2026-06-30,32,United States,Manufacturing,Mid-Market,Enterprise,Annual,621.95,0
CUST_007924,2025-10-11,2026-06-30,8,United States,Retail,Mid-Market,Business,Annual,238.74,1
CUST_007925,2025-10-11,2026-06-30,8,India,Healthcare,Enterprise,Enterprise,Annual,682.07,1
CUST_007926,2022-12-31,2026-06-30,41,United States,Finance,Mid-Market,Pro,Annual,107.1,0
CUST_007927,2021-07-19,2026-06-30,59,United Kingdom,Technology,Small,Enterprise,Annual,604.3,1
CUST_007928,2025-01-25,2026-06-30,17,United States,Manufacturing,Small,Basic,Monthly,50.41,0
CUST_007929,2021-11-01,2026-06-30,55,United States,Finance,Small,Basic,Annual,50.89,1
CUST_007930,2024-09-19,2026-06-30,21,United Kingdom,Healthcare,Small,Pro,Monthly,101.77,1
CUST_007931,2024-10-06,2026-06-30,20,United Kingdom,Technology,Mid-Market,Pro,Monthly,99.47,1
CUST_007932,2025-12-20,2026-06-30,6,United Kingdom,Manufacturing,Mid-Market,Pro,Monthly,112.62,0
CUST_007933,2024-05-02,2026-06-30,25,Canada,Retail,Small,Basic,Monthly,47.24,1
CUST_007934,2023-12-20,2026-06-30,30,Germany,Healthcare,Enterprise,Enterprise,Annual,587.41,1
CUST_007935,2023-02-25,2026-06-30,40,India,Healthcare,Mid-Market,Pro,Monthly,99.36,1
CUST_007936,2025-08-21,2026-06-30,10,United States,Finance,Enterprise,Enterprise,Monthly,618.32,1
CUST_007937,2025-06-27,2026-06-30,12,United States,Finance,Small,Basic,Annual,53.93,1
CUST_007938,2024-04-16,2026-06-30,26,United States,Technology,Small,Basic,Annual,49.0,1
CUST_007939,2026-01-26,2026-06-30,5,Germany,Retail,Mid-Market,Pro,Annual,101.86,1
CUST_007940,2025-09-16,2026-06-30,9,United States,Technology,Mid-Market,Pro,Annual,100.91,1
CUST_007941,2023-04-28,2026-06-30,38,Germany,Technology,Enterprise,Business,Annual,247.97,1
CUST_007942,2021-09-22,2026-06-30,57,Canada,Technology,Enterprise,Pro,Monthly,105.15,0
CUST_007943,2023-08-07,2026-06-30,34,United Kingdom,Technology,Small,Basic,Monthly,50.05,0
CUST_007944,2025-09-13,2026-06-30,9,Australia,Retail,Small,Business,Annual,261.31,1
CUST_007945,2021-07-18,2026-06-30,59,Canada,Retail,Mid-Market,Basic,Monthly,48.28,1
CUST_007946,2023-11-07,2026-06-30,31,Canada,Healthcare,Small,Basic,Monthly,47.68,0
CUST_007947,2022-11-22,2026-06-30,43,United States,Healthcare,Enterprise,Enterprise,Monthly,588.72,0
CUST_007948,2025-06-12,2026-06-30,12,Canada,Retail,Mid-Market,Business,Annual,252.72,1
CUST_007949,2023-07-28,2026-06-30,35,United States,Retail,Mid-Market,Pro,Monthly,104.53,1
CUST_007950,2026-01-14,2026-06-30,5,Australia,Professional Services,Enterprise,Enterprise,Annual,661.8,1
CUST_007951,2023-05-04,2026-06-30,37,United States,Manufacturing,Small,Pro,Annual,99.87,0
CUST_007952,2025-06-02,2026-06-30,12,United States,Professional Services,Small,Basic,Monthly,53.57,1
CUST_007953,2021-12-11,2026-06-30,54,United States,Professional Services,Mid-Market,Business,Monthly,256.8,0
CUST_007954,2026-02-22,2026-06-30,4,United Kingdom,Professional Services,Mid-Market,Business,Annual,240.68,1
CUST_007955,2023-03-17,2026-06-30,39,India,Retail,Mid-Market,Basic,Monthly,49.29,1
CUST_007956,2025-09-23,2026-06-30,9,United States,Retail,Small,Business,Monthly,258.58,1
CUST_007957,2023-01-14,2026-06-30,41,United States,Manufacturing,Mid-Market,Pro,Annual,103.19,1
CUST_007958,2023-12-28,2026-06-30,30,Canada,Technology,Small,Basic,Annual,47.82,1
CUST_007959,2021-08-29,2026-06-30,58,India,Finance,Small,Basic,Monthly,48.13,1
CUST_007960,2023-03-18,2026-06-30,39,Australia,Professional Services,Enterprise,Enterprise,Annual,588.96,1
CUST_007961,2024-08-02,2026-06-30,22,United States,Healthcare,Small,Pro,Monthly,98.02,0
CUST_007962,2025-12-26,2026-06-30,6,United Kingdom,Technology,Small,Pro,Monthly,100.51,1
CUST_007963,2023-06-27,2026-06-30,36,Australia,Healthcare,Small,Basic,Monthly,53.63,0
CUST_007964,2024-03-31,2026-06-30,26,Germany,Technology,Enterprise,Enterprise,Monthly,586.39,0
CUST_007965,2026-02-26,2026-06-30,4,Canada,Finance,Small,Business,Monthly,228.59,0
CUST_007966,2023-07-23,2026-06-30,35,Germany,Healthcare,Small,Basic,Monthly,44.83,0
CUST_007967,2025-05-20,2026-06-30,13,United Kingdom,Healthcare,Small,Basic,Monthly,51.0,1
CUST_007968,2025-04-06,2026-06-30,14,United States,Healthcare,Mid-Market,Business,Monthly,242.21,0
CUST_007969,2026-05-15,2026-06-30,1,United States,Technology,Small,Pro,Monthly,100.33,0
CUST_007970,2024-08-02,2026-06-30,22,United States,Healthcare,Mid-Market,Pro,Monthly,95.5,0
CUST_007971,2025-05-05,2026-06-30,13,United States,Technology,Mid-Market,Basic,Monthly,48.64,0
CUST_007972,2026-01-23,2026-06-30,5,United States,Healthcare,Small,Basic,Monthly,48.2,1
CUST_007973,2024-04-12,2026-06-30,26,Australia,Retail,Small,Pro,Monthly,95.6,0
CUST_007974,2025-05-01,2026-06-30,13,Australia,Technology,Small,Basic,Monthly,52.03,1
CUST_007975,2025-10-03,2026-06-30,8,United States,Professional Services,Small,Basic,Monthly,52.21,0
CUST_007976,2024-02-14,2026-06-30,28,United States,Retail,Small,Pro,Annual,102.17,1
CUST_007977,2026-02-07,2026-06-30,4,United Kingdom,Technology,Mid-Market,Basic,Monthly,54.01,1
CUST_007978,2021-07-19,2026-06-30,59,Canada,Finance,Small,Basic,Monthly,45.78,0
CUST_007979,2024-02-06,2026-06-30,28,United States,Technology,Small,Basic,Monthly,48.48,1
CUST_007980,2021-07-08,2026-06-30,59,Australia,Technology,Small,Pro,Monthly,97.27,1
CUST_007981,2022-01-30,2026-06-30,52,United States,Professional Services,Small,Pro,Monthly,102.51,1
CUST_007982,2021-08-07,2026-06-30,58,United States,Retail,Small,Pro,Monthly,92.76,1
CUST_007983,2023-09-30,2026-06-30,32,Germany,Manufacturing,Small,Basic,Monthly,50.64,0
CUST_007984,2024-05-02,2026-06-30,25,United Kingdom,Retail,Mid-Market,Pro,Monthly,91.86,1
CUST_007985,2022-11-16,2026-06-30,43,United States,Professional Services,Small,Basic,Monthly,50.83,1
CUST_007986,2026-01-07,2026-06-30,5,Germany,Professional Services,Small,Basic,Monthly,51.83,1
CUST_007987,2022-04-14,2026-06-30,50,India,Technology,Enterprise,Enterprise,Annual,565.1,1
CUST_007988,2024-10-28,2026-06-30,20,United States,Technology,Mid-Market,Enterprise,Annual,588.0,1
CUST_007989,2026-05-18,2026-06-30,1,United Kingdom,Finance,Mid-Market,Business,Annual,263.82,1
CUST_007990,2025-03-31,2026-06-30,14,United States,Finance,Small,Pro,Monthly,105.89,1
CUST_007991,2025-03-23,2026-06-30,15,Canada,Healthcare,Small,Basic,Monthly,45.5,1
CUST_007992,2026-05-06,2026-06-30,1,Canada,Finance,Small,Basic,Monthly,49.92,0
CUST_007993,2023-02-16,2026-06-30,40,United States,Manufacturing,Mid-Market,Business,Annual,257.14,1
CUST_007994,2025-12-12,2026-06-30,6,United States,Technology,Enterprise,Enterprise,Annual,598.72,1
CUST_007995,2022-04-03,2026-06-30,50,Australia,Manufacturing,Small,Business,Annual,266.88,1
CUST_007996,2024-03-09,2026-06-30,27,United States,Finance,Small,Business,Monthly,242.19,0
CUST_007997,2022-11-19,2026-06-30,43,India,Technology,Small,Basic,Annual,47.98,1
CUST_007998,2024-09-29,2026-06-30,20,United States,Professional Services,Small,Pro,Annual,95.74,1
CUST_007999,2025-10-07,2026-06-30,8,Australia,Healthcare,Small,Pro,Monthly,100.22,1
CUST_008000,2025-07-12,2026-06-30,11,United Kingdom,Manufacturing,Enterprise,Enterprise,Annual,590.96,1
CUST_008001,2023-03-29,2026-06-30,39,United States,Professional Services,Small,Basic,Monthly,51.14,0
CUST_008002,2022-11-23,2026-06-30,43,Germany,Technology,Small,Business,Annual,244.67,1
CUST_008003,2025-02-05,2026-06-30,16,Australia,Finance,Mid-Market,Enterprise,Annual,594.03,1
CUST_008004,2024-08-28,2026-06-30,22,Canada,Technology,Small,Basic,Monthly,49.62,1
CUST_008005,2021-10-08,2026-06-30,56,Canada,Technology,Enterprise,Business,Annual,239.32,1
CUST_008006,2022-03-24,2026-06-30,51,United Kingdom,Professional Services,Small,Basic,Monthly,51.62,0
CUST_008007,2024-05-20,2026-06-30,25,United Kingdom,Manufacturing,Enterprise,Pro,Annual,102.66,1
CUST_008008,2025-03-25,2026-06-30,15,Canada,Finance,Small,Pro,Annual,102.5,1
CUST_008009,2024-12-07,2026-06-30,18,Germany,Retail,Small,Basic,Monthly,46.63,1
CUST_008010,2023-10-08,2026-06-30,32,United States,Professional Services,Small,Basic,Monthly,52.92,0
CUST_008011,2023-08-18,2026-06-30,34,Canada,Technology,Enterprise,Business,Annual,226.62,1
CUST_008012,2025-07-05,2026-06-30,11,United Kingdom,Technology,Small,Pro,Monthly,102.93,1
CUST_008013,2026-02-02,2026-06-30,4,India,Professional Services,Small,Pro,Monthly,99.96,1
CUST_008014,2023-12-24,2026-06-30,30,United States,Manufacturing,Small,Pro,Annual,102.57,1
CUST_008015,2022-06-30,2026-06-30,47,United States,Technology,Small,Basic,Annual,48.61,1
CUST_008016,2025-08-31,2026-06-30,9,United States,Healthcare,Mid-Market,Pro,Monthly,99.69,1
CUST_008017,2024-05-29,2026-06-30,25,Germany,Technology,Enterprise,Pro,Monthly,102.74,0
CUST_008018,2025-08-14,2026-06-30,10,Canada,Retail,Mid-Market,Business,Annual,249.68,1
CUST_008019,2025-03-23,2026-06-30,15,United States,Retail,Small,Pro,Monthly,100.34,0
CUST_008020,2023-05-29,2026-06-30,37,United States,Finance,Mid-Market,Pro,Annual,100.5,1
CUST_008021,2025-01-03,2026-06-30,17,India,Manufacturing,Mid-Market,Pro,Monthly,110.14,1
CUST_008022,2025-02-12,2026-06-30,16,Canada,Healthcare,Small,Pro,Monthly,91.37,1
CUST_008023,2021-07-09,2026-06-30,59,United Kingdom,Manufacturing,Small,Pro,Annual,105.69,1
CUST_008024,2025-07-26,2026-06-30,11,United States,Retail,Mid-Market,Business,Monthly,255.34,1
CUST_008025,2025-06-26,2026-06-30,12,United States,Healthcare,Mid-Market,Basic,Monthly,49.94,0
CUST_008026,2021-11-05,2026-06-30,55,United States,Finance,Small,Business,Annual,233.86,1
CUST_008027,2023-09-17,2026-06-30,33,United States,Technology,Mid-Market,Business,Annual,264.05,1
CUST_008028,2026-03-15,2026-06-30,3,Canada,Manufacturing,Mid-Market,Business,Monthly,235.59,0
CUST_008029,2024-04-29,2026-06-30,26,United States,Retail,Enterprise,Pro,Annual,106.57,1
CUST_008030,2023-08-21,2026-06-30,34,United States,Finance,Enterprise,Pro,Annual,96.59,1
CUST_008031,2025-03-03,2026-06-30,15,United States,Professional Services,Small,Basic,Monthly,52.75,0
CUST_008032,2023-09-20,2026-06-30,33,United States,Manufacturing,Small,Basic,Monthly,47.4,1
CUST_008033,2023-03-24,2026-06-30,39,United States,Technology,Mid-Market,Enterprise,Annual,572.71,1
CUST_008034,2025-03-08,2026-06-30,15,United States,Technology,Mid-Market,Business,Annual,248.47,1
CUST_008035,2022-06-03,2026-06-30,48,United States,Healthcare,Small,Enterprise,Annual,578.38,1
CUST_008036,2024-03-10,2026-06-30,27,Germany,Technology,Mid-Market,Business,Annual,246.73,1
CUST_008037,2021-09-05,2026-06-30,57,India,Professional Services,Enterprise,Pro,Monthly,107.61,0
CUST_008038,2025-12-25,2026-06-30,6,United Kingdom,Retail,Small,Pro,Annual,96.52,1
CUST_008039,2024-10-26,2026-06-30,20,United States,Technology,Small,Pro,Annual,100.13,1
CUST_008040,2022-11-14,2026-06-30,43,India,Healthcare,Small,Pro,Annual,107.14,1
CUST_008041,2022-01-06,2026-06-30,53,India,Technology,Small,Basic,Monthly,49.71,0
CUST_008042,2025-04-29,2026-06-30,14,Canada,Healthcare,Mid-Market,Pro,Monthly,104.84,1
CUST_008043,2021-08-06,2026-06-30,58,United States,Technology,Small,Pro,Annual,102.02,1
CUST_008044,2025-06-18,2026-06-30,12,Germany,Professional Services,Mid-Market,Business,Annual,262.1,1
CUST_008045,2024-05-15,2026-06-30,25,India,Manufacturing,Small,Basic,Monthly,48.97,1
CUST_008046,2024-11-12,2026-06-30,19,Australia,Professional Services,Mid-Market,Basic,Monthly,50.56,0
CUST_008047,2024-04-30,2026-06-30,25,United Kingdom,Technology,Small,Basic,Monthly,53.56,0
CUST_008048,2021-12-24,2026-06-30,54,United Kingdom,Finance,Mid-Market,Business,Annual,245.54,1
CUST_008049,2022-10-25,2026-06-30,44,India,Manufacturing,Small,Basic,Monthly,50.15,1
CUST_008050,2022-07-02,2026-06-30,47,United States,Finance,Mid-Market,Business,Monthly,241.21,0
CUST_008051,2025-03-02,2026-06-30,15,United States,Finance,Small,Basic,Monthly,51.67,1
CUST_008052,2021-10-05,2026-06-30,56,Australia,Professional Services,Small,Basic,Monthly,45.04,0
CUST_008053,2024-04-10,2026-06-30,26,United States,Manufacturing,Small,Basic,Monthly,48.4,1
CUST_008054,2023-03-18,2026-06-30,39,United States,Professional Services,Small,Basic,Monthly,51.59,0
CUST_008055,2022-12-26,2026-06-30,42,United States,Healthcare,Mid-Market,Pro,Annual,98.5,1
CUST_008056,2023-02-27,2026-06-30,40,United States,Retail,Small,Pro,Annual,90.39,1
CUST_008057,2023-06-16,2026-06-30,36,United States,Healthcare,Enterprise,Business,Monthly,240.05,1
CUST_008058,2024-01-21,2026-06-30,29,United Kingdom,Healthcare,Small,Basic,Monthly,47.45,1
CUST_008059,2023-03-26,2026-06-30,39,Canada,Technology,Small,Pro,Monthly,107.04,0
CUST_008060,2021-12-19,2026-06-30,54,United Kingdom,Professional Services,Enterprise,Enterprise,Annual,624.2,1
CUST_008061,2024-07-01,2026-06-30,23,United States,Finance,Small,Basic,Monthly,51.31,1
CUST_008062,2023-11-26,2026-06-30,31,India,Retail,Mid-Market,Business,Annual,234.29,1
CUST_008063,2025-07-12,2026-06-30,11,United Kingdom,Professional Services,Small,Basic,Monthly,49.13,0
CUST_008064,2024-09-01,2026-06-30,21,India,Manufacturing,Mid-Market,Business,Annual,268.99,1
CUST_008065,2022-08-15,2026-06-30,46,United States,Technology,Mid-Market,Basic,Monthly,51.32,1
CUST_008066,2023-04-08,2026-06-30,38,United States,Retail,Small,Basic,Monthly,47.88,0
CUST_008067,2025-05-17,2026-06-30,13,Australia,Healthcare,Mid-Market,Pro,Monthly,103.13,1
CUST_008068,2023-09-24,2026-06-30,33,Australia,Finance,Small,Pro,Annual,92.89,1
CUST_008069,2022-06-04,2026-06-30,48,United States,Technology,Mid-Market,Basic,Monthly,47.02,0
CUST_008070,2025-10-21,2026-06-30,8,United Kingdom,Retail,Small,Pro,Annual,89.92,1
CUST_008071,2026-02-09,2026-06-30,4,United Kingdom,Manufacturing,Small,Pro,Annual,98.69,1
CUST_008072,2024-06-26,2026-06-30,24,United States,Professional Services,Small,Basic,Annual,50.67,1
CUST_008073,2023-03-10,2026-06-30,39,United Kingdom,Finance,Mid-Market,Pro,Monthly,94.47,1
CUST_008074,2024-11-15,2026-06-30,19,United States,Finance,Enterprise,Business,Annual,248.47,1
CUST_008075,2022-05-19,2026-06-30,49,United States,Technology,Enterprise,Business,Monthly,239.16,1
CUST_008076,2022-04-02,2026-06-30,50,India,Professional Services,Mid-Market,Enterprise,Annual,582.75,1
CUST_008077,2023-10-19,2026-06-30,32,Canada,Professional Services,Mid-Market,Basic,Monthly,46.56,1
CUST_008078,2024-07-20,2026-06-30,23,Australia,Professional Services,Enterprise,Enterprise,Annual,637.64,1
CUST_008079,2026-03-18,2026-06-30,3,Germany,Healthcare,Small,Basic,Monthly,47.43,1
CUST_008080,2022-05-18,2026-06-30,49,India,Technology,Small,Pro,Monthly,98.01,1
CUST_008081,2022-01-05,2026-06-30,53,Canada,Retail,Mid-Market,Pro,Monthly,96.64,1
CUST_008082,2024-03-28,2026-06-30,27,Canada,Finance,Small,Basic,Monthly,49.89,1
CUST_008083,2023-11-16,2026-06-30,31,United States,Finance,Mid-Market,Basic,Monthly,55.22,0
CUST_008084,2022-09-17,2026-06-30,45,United Kingdom,Technology,Small,Business,Annual,284.3,1
CUST_008085,2022-12-30,2026-06-30,41,Canada,Technology,Small,Basic,Monthly,48.58,0
CUST_008086,2025-10-01,2026-06-30,8,Germany,Finance,Mid-Market,Basic,Monthly,50.14,1
CUST_008087,2023-02-10,2026-06-30,40,United States,Professional Services,Small,Pro,Annual,104.01,1
CUST_008088,2021-11-14,2026-06-30,55,United States,Manufacturing,Enterprise,Enterprise,Annual,638.12,1
CUST_008089,2022-09-22,2026-06-30,45,India,Manufacturing,Enterprise,Enterprise,Annual,619.56,1
CUST_008090,2024-01-20,2026-06-30,29,Australia,Technology,Mid-Market,Enterprise,Monthly,633.65,1
CUST_008091,2023-11-04,2026-06-30,31,United States,Manufacturing,Mid-Market,Pro,Annual,101.3,0
CUST_008092,2025-02-19,2026-06-30,16,Germany,Healthcare,Small,Pro,Annual,96.14,1
CUST_008093,2023-03-02,2026-06-30,39,Canada,Technology,Small,Pro,Annual,104.7,1
CUST_008094,2025-03-24,2026-06-30,15,Germany,Finance,Enterprise,Enterprise,Annual,604.7,1
CUST_008095,2024-09-25,2026-06-30,21,United States,Technology,Small,Basic,Monthly,49.95,1
CUST_008096,2025-02-10,2026-06-30,16,United Kingdom,Professional Services,Small,Basic,Monthly,45.81,1
CUST_008097,2024-10-07,2026-06-30,20,United States,Professional Services,Small,Basic,Monthly,47.24,1
CUST_008098,2024-08-11,2026-06-30,22,United States,Finance,Mid-Market,Pro,Monthly,97.36,1
CUST_008099,2026-01-03,2026-06-30,5,Australia,Retail,Mid-Market,Enterprise,Annual,616.37,1
CUST_008100,2022-11-21,2026-06-30,43,United States,Finance,Small,Basic,Annual,53.53,1
CUST_008101,2024-03-31,2026-06-30,26,United States,Technology,Small,Basic,Monthly,51.04,0
CUST_008102,2021-09-30,2026-06-30,56,United States,Retail,Mid-Market,Basic,Monthly,48.68,1
CUST_008103,2025-07-11,2026-06-30,11,Canada,Manufacturing,Small,Basic,Monthly,46.71,1
CUST_008104,2023-02-16,2026-06-30,40,Germany,Manufacturing,Small,Basic,Annual,52.18,1
CUST_008105,2025-07-14,2026-06-30,11,United States,Technology,Small,Business,Annual,253.62,1
CUST_008106,2023-09-22,2026-06-30,33,Germany,Healthcare,Mid-Market,Pro,Monthly,83.42,1
CUST_008107,2024-01-01,2026-06-30,29,India,Technology,Small,Basic,Monthly,51.68,1
CUST_008108,2024-03-17,2026-06-30,27,United States,Technology,Small,Basic,Annual,50.04,1
CUST_008109,2023-03-13,2026-06-30,39,Australia,Technology,Small,Basic,Monthly,43.86,1
CUST_008110,2022-05-06,2026-06-30,49,United States,Technology,Small,Basic,Monthly,50.65,1
CUST_008111,2024-11-09,2026-06-30,19,Canada,Finance,Enterprise,Business,Annual,250.7,1
CUST_008112,2022-03-28,2026-06-30,51,United States,Finance,Enterprise,Business,Annual,233.26,1
CUST_008113,2025-07-04,2026-06-30,11,United States,Retail,Mid-Market,Pro,Monthly,109.35,1
CUST_008114,2024-12-21,2026-06-30,18,United States,Finance,Small,Basic,Monthly,50.2,1
CUST_008115,2024-11-20,2026-06-30,19,United States,Technology,Small,Pro,Monthly,96.86,1
CUST_008116,2021-09-23,2026-06-30,57,Australia,Professional Services,Mid-Market,Business,Annual,239.88,1
CUST_008117,2025-10-31,2026-06-30,7,United Kingdom,Professional Services,Small,Basic,Monthly,48.65,0
CUST_008118,2024-06-21,2026-06-30,24,India,Technology,Mid-Market,Business,Monthly,247.65,0
CUST_008119,2024-04-30,2026-06-30,25,United Kingdom,Finance,Small,Basic,Monthly,50.53,1
CUST_008120,2022-06-25,2026-06-30,48,United Kingdom,Technology,Mid-Market,Basic,Monthly,48.54,0
CUST_008121,2024-01-10,2026-06-30,29,United States,Professional Services,Small,Basic,Monthly,48.11,1
CUST_008122,2021-08-30,2026-06-30,57,United Kingdom,Finance,Small,Pro,Annual,100.03,1
CUST_008123,2022-10-11,2026-06-30,44,United States,Technology,Small,Basic,Annual,48.05,0
CUST_008124,2022-12-15,2026-06-30,42,India,Manufacturing,Small,Basic,Monthly,48.84,1
CUST_008125,2022-09-18,2026-06-30,45,India,Manufacturing,Small,Basic,Monthly,52.51,1
CUST_008126,2025-08-15,2026-06-30,10,United States,Technology,Small,Basic,Monthly,47.93,0
CUST_008127,2024-03-16,2026-06-30,27,United Kingdom,Finance,Enterprise,Enterprise,Annual,595.22,1
CUST_008128,2023-07-14,2026-06-30,35,United Kingdom,Healthcare,Small,Pro,Monthly,95.22,1
CUST_008129,2025-05-22,2026-06-30,13,United Kingdom,Finance,Small,Basic,Monthly,51.71,1
CUST_008130,2025-10-30,2026-06-30,7,United States,Finance,Small,Pro,Annual,90.64,0
CUST_008131,2025-09-30,2026-06-30,8,United Kingdom,Manufacturing,Small,Business,Annual,238.66,1
CUST_008132,2022-07-15,2026-06-30,47,Australia,Manufacturing,Enterprise,Business,Monthly,257.89,0
CUST_008133,2023-03-09,2026-06-30,39,United States,Retail,Small,Basic,Annual,48.63,1
CUST_008134,2025-01-12,2026-06-30,17,Canada,Retail,Enterprise,Business,Annual,259.99,1
CUST_008135,2022-10-16,2026-06-30,44,United States,Healthcare,Mid-Market,Business,Monthly,246.6,1
CUST_008136,2022-12-31,2026-06-30,41,India,Finance,Small,Pro,Annual,95.67,1
CUST_008137,2022-05-27,2026-06-30,49,United States,Manufacturing,Small,Pro,Monthly,98.39,1
CUST_008138,2021-12-10,2026-06-30,54,United States,Technology,Small,Basic,Monthly,45.84,1
CUST_008139,2022-01-29,2026-06-30,52,United States,Technology,Small,Pro,Annual,94.91,1
CUST_008140,2025-07-11,2026-06-30,11,Australia,Technology,Small,Basic,Monthly,51.24,0
CUST_008141,2022-08-20,2026-06-30,46,Germany,Manufacturing,Mid-Market,Business,Annual,245.78,0
CUST_008142,2024-06-25,2026-06-30,24,United States,Retail,Mid-Market,Business,Annual,248.62,1
CUST_008143,2024-06-07,2026-06-30,24,United States,Healthcare,Small,Pro,Monthly,99.62,0
CUST_008144,2023-03-27,2026-06-30,39,Germany,Healthcare,Mid-Market,Basic,Monthly,45.16,1
CUST_008145,2023-06-16,2026-06-30,36,Canada,Professional Services,Enterprise,Business,Monthly,229.59,0
CUST_008146,2024-05-08,2026-06-30,25,United States,Technology,Small,Pro,Monthly,100.89,1
CUST_008147,2021-07-02,2026-06-30,59,India,Finance,Small,Basic,Monthly,47.99,0
CUST_008148,2025-07-22,2026-06-30,11,United States,Manufacturing,Small,Basic,Monthly,48.46,0
CUST_008149,2025-12-09,2026-06-30,6,Canada,Retail,Small,Pro,Annual,102.05,1
CUST_008150,2026-04-09,2026-06-30,2,United States,Healthcare,Small,Pro,Monthly,94.37,1
CUST_008151,2022-05-31,2026-06-30,48,Germany,Technology,Small,Pro,Monthly,96.19,0
CUST_008152,2024-06-01,2026-06-30,24,Australia,Professional Services,Mid-Market,Basic,Monthly,48.14,0
CUST_008153,2024-04-06,2026-06-30,26,United States,Healthcare,Small,Pro,Monthly,100.67,1
CUST_008154,2023-03-23,2026-06-30,39,United Kingdom,Professional Services,Mid-Market,Business,Monthly,244.52,1
CUST_008155,2024-04-10,2026-06-30,26,India,Manufacturing,Small,Basic,Monthly,47.45,0
CUST_008156,2023-08-05,2026-06-30,34,Australia,Professional Services,Small,Basic,Monthly,53.15,1
CUST_008157,2026-02-16,2026-06-30,4,Canada,Technology,Small,Pro,Annual,99.2,1
CUST_008158,2025-08-24,2026-06-30,10,Canada,Healthcare,Small,Basic,Monthly,50.6,0
CUST_008159,2021-10-31,2026-06-30,55,India,Finance,Small,Basic,Monthly,44.57,0
CUST_008160,2024-03-14,2026-06-30,27,United States,Finance,Small,Basic,Monthly,45.84,1
CUST_008161,2025-08-04,2026-06-30,10,United States,Finance,Mid-Market,Business,Annual,256.29,1
CUST_008162,2024-08-06,2026-06-30,22,United States,Finance,Small,Basic,Monthly,48.41,0
CUST_008163,2024-10-08,2026-06-30,20,Australia,Healthcare,Small,Basic,Annual,48.05,1
CUST_008164,2025-01-24,2026-06-30,17,United States,Retail,Small,Basic,Monthly,46.67,1
CUST_008165,2024-12-20,2026-06-30,18,United States,Finance,Small,Basic,Monthly,51.39,0
CUST_008166,2022-10-30,2026-06-30,43,United Kingdom,Finance,Small,Basic,Monthly,50.6,0
CUST_008167,2025-11-21,2026-06-30,7,United States,Finance,Small,Basic,Monthly,48.84,1
CUST_008168,2024-11-22,2026-06-30,19,United States,Retail,Small,Basic,Annual,49.6,0
CUST_008169,2024-02-12,2026-06-30,28,Canada,Technology,Small,Basic,Monthly,48.25,0
CUST_008170,2023-10-05,2026-06-30,32,United States,Manufacturing,Enterprise,Enterprise,Annual,578.52,1
CUST_008171,2022-02-01,2026-06-30,52,India,Finance,Mid-Market,Pro,Annual,96.43,1
CUST_008172,2021-11-16,2026-06-30,55,United States,Retail,Small,Basic,Monthly,50.87,1
CUST_008173,2024-12-14,2026-06-30,18,Australia,Manufacturing,Small,Basic,Monthly,48.03,1
CUST_008174,2023-10-06,2026-06-30,32,Canada,Healthcare,Enterprise,Pro,Monthly,99.28,1
CUST_008175,2026-04-21,2026-06-30,2,United States,Retail,Small,Basic,Monthly,47.95,0
CUST_008176,2023-05-20,2026-06-30,37,United States,Professional Services,Small,Basic,Monthly,51.3,0
CUST_008177,2025-08-30,2026-06-30,9,Canada,Technology,Mid-Market,Pro,Monthly,95.78,1
CUST_008178,2026-01-20,2026-06-30,5,United States,Finance,Small,Basic,Monthly,52.74,1
CUST_008179,2023-02-11,2026-06-30,40,United States,Professional Services,Small,Business,Annual,241.86,1
CUST_008180,2025-07-16,2026-06-30,11,India,Professional Services,Small,Basic,Monthly,47.6,1
CUST_008181,2024-01-26,2026-06-30,29,Canada,Retail,Small,Pro,Annual,108.92,1
CUST_008182,2025-12-01,2026-06-30,6,India,Technology,Small,Basic,Monthly,46.39,1
CUST_008183,2022-10-01,2026-06-30,44,United States,Finance,Small,Basic,Monthly,48.91,0
CUST_008184,2022-08-28,2026-06-30,46,United States,Professional Services,Mid-Market,Pro,Monthly,104.01,1
CUST_008185,2023-08-04,2026-06-30,34,United Kingdom,Retail,Small,Basic,Monthly,45.22,1
CUST_008186,2022-04-22,2026-06-30,50,United States,Finance,Small,Pro,Annual,100.28,1
CUST_008187,2024-04-07,2026-06-30,26,United States,Technology,Small,Basic,Monthly,45.23,0
CUST_008188,2025-07-01,2026-06-30,11,United States,Manufacturing,Enterprise,Enterprise,Annual,600.1,1
CUST_008189,2025-09-02,2026-06-30,9,United States,Retail,Small,Basic,Monthly,53.99,1
CUST_008190,2025-05-03,2026-06-30,13,Germany,Professional Services,Small,Pro,Monthly,87.36,1
CUST_008191,2025-06-06,2026-06-30,12,United States,Healthcare,Mid-Market,Pro,Monthly,98.63,1
CUST_008192,2024-10-28,2026-06-30,20,India,Finance,Small,Basic,Monthly,47.89,1
CUST_008193,2025-05-12,2026-06-30,13,United States,Finance,Small,Pro,Monthly,94.01,0
CUST_008194,2023-07-06,2026-06-30,35,United States,Healthcare,Small,Basic,Monthly,45.25,0
CUST_008195,2025-09-07,2026-06-30,9,United States,Finance,Enterprise,Enterprise,Annual,631.92,1
CUST_008196,2023-05-11,2026-06-30,37,Canada,Technology,Mid-Market,Pro,Monthly,99.98,1
CUST_008197,2024-10-09,2026-06-30,20,India,Finance,Small,Pro,Annual,89.8,0
CUST_008198,2023-01-15,2026-06-30,41,Australia,Technology,Enterprise,Enterprise,Annual,570.8,1
CUST_008199,2023-11-23,2026-06-30,31,United States,Manufacturing,Mid-Market,Pro,Monthly,96.28,0
CUST_008200,2021-12-19,2026-06-30,54,Canada,Technology,Small,Pro,Monthly,91.22,1
CUST_008201,2024-04-02,2026-06-30,26,Australia,Healthcare,Small,Pro,Annual,99.43,1
CUST_008202,2024-12-18,2026-06-30,18,United States,Retail,Small,Basic,Monthly,49.62,0
CUST_008203,2023-07-09,2026-06-30,35,United Kingdom,Technology,Small,Basic,Monthly,49.59,1
CUST_008204,2023-03-06,2026-06-30,39,United States,Healthcare,Mid-Market,Business,Monthly,274.16,0
CUST_008205,2024-04-03,2026-06-30,26,Canada,Professional Services,Small,Pro,Annual,94.34,1
CUST_008206,2023-08-31,2026-06-30,33,Canada,Retail,Small,Business,Monthly,243.11,1
CUST_008207,2024-02-06,2026-06-30,28,United States,Healthcare,Small,Pro,Annual,96.39,1
CUST_008208,2024-11-29,2026-06-30,18,India,Professional Services,Small,Basic,Monthly,51.09,1
CUST_008209,2024-11-15,2026-06-30,19,United Kingdom,Professional Services,Enterprise,Pro,Annual,102.69,1
CUST_008210,2021-12-15,2026-06-30,54,India,Professional Services,Small,Basic,Monthly,46.23,1
CUST_008211,2023-02-04,2026-06-30,40,Germany,Healthcare,Small,Basic,Monthly,52.54,0
CUST_008212,2025-12-11,2026-06-30,6,United States,Retail,Mid-Market,Enterprise,Annual,571.81,1
CUST_008213,2021-09-08,2026-06-30,57,Canada,Healthcare,Mid-Market,Business,Monthly,259.63,0
CUST_008214,2022-11-30,2026-06-30,42,United States,Finance,Small,Business,Annual,258.88,1
CUST_008215,2026-03-02,2026-06-30,3,Australia,Healthcare,Small,Pro,Annual,100.97,0
CUST_008216,2022-11-02,2026-06-30,43,United States,Professional Services,Mid-Market,Business,Monthly,244.9,1
CUST_008217,2023-07-08,2026-06-30,35,India,Finance,Small,Basic,Annual,48.24,0
CUST_008218,2021-11-30,2026-06-30,54,United Kingdom,Professional Services,Mid-Market,Business,Monthly,254.99,1
CUST_008219,2024-01-04,2026-06-30,29,United Kingdom,Professional Services,Mid-Market,Business,Monthly,255.55,1
CUST_008220,2023-11-13,2026-06-30,31,Canada,Finance,Mid-Market,Business,Monthly,257.83,0
CUST_008221,2024-11-13,2026-06-30,19,United Kingdom,Technology,Enterprise,Business,Annual,257.84,1
CUST_008222,2024-10-31,2026-06-30,19,United Kingdom,Professional Services,Enterprise,Enterprise,Monthly,609.26,0
CUST_008223,2023-05-18,2026-06-30,37,United Kingdom,Technology,Small,Basic,Monthly,52.46,1
CUST_008224,2022-05-07,2026-06-30,49,United States,Manufacturing,Mid-Market,Pro,Annual,96.03,1
CUST_008225,2022-01-14,2026-06-30,53,United Kingdom,Technology,Mid-Market,Pro,Monthly,99.21,0
CUST_008226,2022-08-17,2026-06-30,46,United States,Technology,Small,Basic,Monthly,47.63,0
CUST_008227,2023-06-02,2026-06-30,36,United Kingdom,Finance,Enterprise,Enterprise,Annual,672.19,1
CUST_008228,2023-12-15,2026-06-30,30,United Kingdom,Finance,Enterprise,Business,Monthly,258.52,0
CUST_008229,2024-09-29,2026-06-30,20,United States,Professional Services,Mid-Market,Basic,Monthly,51.48,1
CUST_008230,2022-08-22,2026-06-30,46,Germany,Technology,Small,Basic,Monthly,50.09,0
CUST_008231,2024-11-06,2026-06-30,19,Canada,Technology,Small,Basic,Annual,48.86,1
CUST_008232,2025-02-05,2026-06-30,16,United Kingdom,Retail,Enterprise,Enterprise,Annual,678.99,1
CUST_008233,2022-02-24,2026-06-30,52,Germany,Professional Services,Enterprise,Enterprise,Annual,635.4,0
CUST_008234,2023-07-08,2026-06-30,35,United Kingdom,Finance,Small,Basic,Monthly,48.21,0
CUST_008235,2024-09-03,2026-06-30,21,Germany,Manufacturing,Small,Business,Annual,245.61,1
CUST_008236,2022-02-28,2026-06-30,52,United States,Technology,Mid-Market,Pro,Monthly,100.1,1
CUST_008237,2021-09-06,2026-06-30,57,United States,Professional Services,Small,Business,Monthly,242.27,1
CUST_008238,2024-11-07,2026-06-30,19,United Kingdom,Manufacturing,Mid-Market,Enterprise,Annual,588.59,1
CUST_008239,2023-11-08,2026-06-30,31,United States,Professional Services,Enterprise,Enterprise,Annual,553.48,1
CUST_008240,2024-01-15,2026-06-30,29,United States,Retail,Small,Basic,Annual,43.13,1
CUST_008241,2022-12-19,2026-06-30,42,United States,Professional Services,Mid-Market,Business,Annual,273.61,1
CUST_008242,2021-09-27,2026-06-30,57,United States,Finance,Small,Basic,Annual,47.76,0
CUST_008243,2023-09-20,2026-06-30,33,India,Manufacturing,Small,Basic,Monthly,48.26,1
CUST_008244,2022-06-29,2026-06-30,48,United States,Manufacturing,Small,Basic,Monthly,49.17,0
CUST_008245,2023-06-27,2026-06-30,36,United States,Finance,Mid-Market,Pro,Annual,102.45,1
CUST_008246,2022-01-20,2026-06-30,53,India,Professional Services,Mid-Market,Pro,Monthly,102.84,0
CUST_008247,2024-06-04,2026-06-30,24,India,Manufacturing,Small,Pro,Annual,104.09,0
CUST_008248,2024-07-09,2026-06-30,23,United States,Professional Services,Enterprise,Basic,Monthly,50.41,1
CUST_008249,2024-05-03,2026-06-30,25,India,Finance,Small,Basic,Monthly,48.34,1
CUST_008250,2021-07-08,2026-06-30,59,United States,Professional Services,Enterprise,Business,Annual,264.74,1
CUST_008251,2023-05-30,2026-06-30,37,Germany,Finance,Mid-Market,Pro,Annual,98.12,1
CUST_008252,2025-08-31,2026-06-30,9,United States,Professional Services,Small,Pro,Annual,104.11,1
CUST_008253,2026-03-19,2026-06-30,3,Canada,Technology,Small,Pro,Monthly,91.38,0
CUST_008254,2023-11-12,2026-06-30,31,United States,Retail,Small,Pro,Annual,105.44,1
CUST_008255,2022-06-15,2026-06-30,48,Germany,Technology,Small,Pro,Monthly,94.59,0
CUST_008256,2024-01-22,2026-06-30,29,United States,Manufacturing,Enterprise,Enterprise,Annual,555.57,1
CUST_008257,2023-08-30,2026-06-30,34,Canada,Finance,Mid-Market,Pro,Monthly,92.57,0
CUST_008258,2022-06-28,2026-06-30,48,Germany,Professional Services,Small,Basic,Monthly,49.5,0
CUST_008259,2023-11-17,2026-06-30,31,United States,Professional Services,Small,Basic,Monthly,54.6,1
CUST_008260,2021-12-13,2026-06-30,54,India,Finance,Small,Basic,Monthly,48.52,0
CUST_008261,2023-04-12,2026-06-30,38,United States,Manufacturing,Enterprise,Enterprise,Annual,595.64,1
CUST_008262,2022-10-27,2026-06-30,44,United States,Retail,Mid-Market,Business,Annual,258.57,0
CUST_008263,2022-07-29,2026-06-30,47,United States,Healthcare,Small,Basic,Monthly,47.59,1
CUST_008264,2023-05-02,2026-06-30,37,United States,Finance,Small,Basic,Monthly,48.63,1
CUST_008265,2026-03-03,2026-06-30,3,United States,Technology,Small,Pro,Annual,97.27,1
CUST_008266,2024-04-24,2026-06-30,26,Canada,Technology,Small,Business,Annual,273.49,1
CUST_008267,2025-09-20,2026-06-30,9,United Kingdom,Healthcare,Small,Business,Annual,249.94,1
CUST_008268,2023-11-27,2026-06-30,31,Canada,Healthcare,Small,Pro,Monthly,102.71,1
CUST_008269,2025-09-17,2026-06-30,9,Canada,Healthcare,Mid-Market,Business,Monthly,240.13,1
CUST_008270,2023-11-29,2026-06-30,31,Australia,Professional Services,Small,Basic,Annual,46.21,1
CUST_008271,2024-09-21,2026-06-30,21,United States,Technology,Enterprise,Pro,Monthly,102.29,1
CUST_008272,2026-04-25,2026-06-30,2,United Kingdom,Professional Services,Mid-Market,Pro,Monthly,100.25,0
CUST_008273,2025-10-19,2026-06-30,8,India,Manufacturing,Small,Basic,Monthly,51.52,0
CUST_008274,2023-12-11,2026-06-30,30,United States,Manufacturing,Small,Business,Annual,237.96,1
CUST_008275,2026-01-10,2026-06-30,5,United Kingdom,Healthcare,Small,Pro,Monthly,98.54,1
CUST_008276,2022-03-17,2026-06-30,51,India,Technology,Mid-Market,Pro,Annual,92.62,1
CUST_008277,2022-09-08,2026-06-30,45,United Kingdom,Professional Services,Small,Basic,Monthly,47.79,1
CUST_008278,2022-12-05,2026-06-30,42,India,Manufacturing,Enterprise,Business,Monthly,231.01,0
CUST_008279,2025-07-27,2026-06-30,11,United States,Professional Services,Mid-Market,Business,Annual,245.46,1
CUST_008280,2022-07-03,2026-06-30,47,United Kingdom,Technology,Small,Pro,Annual,105.47,1
CUST_008281,2023-04-18,2026-06-30,38,United States,Retail,Small,Pro,Monthly,94.75,0
CUST_008282,2024-06-30,2026-06-30,23,United States,Healthcare,Small,Pro,Monthly,94.69,0
CUST_008283,2026-05-31,2026-06-30,0,India,Retail,Small,Basic,Annual,48.59,1
CUST_008284,2023-10-25,2026-06-30,32,United States,Manufacturing,Small,Pro,Annual,98.09,0
CUST_008285,2022-07-03,2026-06-30,47,India,Technology,Mid-Market,Enterprise,Annual,622.06,1
CUST_008286,2026-04-01,2026-06-30,2,United Kingdom,Technology,Small,Pro,Monthly,92.57,0
CUST_008287,2026-02-26,2026-06-30,4,India,Technology,Small,Basic,Monthly,42.87,0
CUST_008288,2024-07-13,2026-06-30,23,India,Technology,Mid-Market,Pro,Monthly,99.31,1
CUST_008289,2023-11-25,2026-06-30,31,United Kingdom,Technology,Mid-Market,Basic,Monthly,53.14,1
CUST_008290,2024-01-31,2026-06-30,28,India,Technology,Small,Basic,Monthly,48.52,1
CUST_008291,2024-04-26,2026-06-30,26,Germany,Finance,Small,Basic,Monthly,49.97,0
CUST_008292,2025-02-27,2026-06-30,16,United Kingdom,Retail,Mid-Market,Business,Monthly,248.01,0
CUST_008293,2026-02-13,2026-06-30,4,United Kingdom,Manufacturing,Small,Basic,Monthly,50.83,1
CUST_008294,2026-04-05,2026-06-30,2,United States,Finance,Small,Basic,Monthly,48.28,1
CUST_008295,2025-12-05,2026-06-30,6,United States,Technology,Mid-Market,Pro,Monthly,98.64,0
CUST_008296,2023-01-08,2026-06-30,41,United States,Manufacturing,Mid-Market,Business,Annual,269.4,1
CUST_008297,2022-07-21,2026-06-30,47,Canada,Finance,Small,Basic,Monthly,51.8,1
CUST_008298,2024-04-11,2026-06-30,26,United States,Finance,Small,Basic,Monthly,47.31,0
CUST_008299,2026-01-13,2026-06-30,5,Canada,Healthcare,Mid-Market,Business,Monthly,240.71,1
CUST_008300,2024-05-15,2026-06-30,25,United Kingdom,Professional Services,Small,Basic,Monthly,47.54,0
CUST_008301,2021-07-27,2026-06-30,59,United Kingdom,Finance,Enterprise,Basic,Monthly,46.25,1
CUST_008302,2025-03-09,2026-06-30,15,India,Professional Services,Small,Pro,Annual,96.27,1
CUST_008303,2024-01-01,2026-06-30,29,India,Finance,Mid-Market,Pro,Monthly,98.4,1
CUST_008304,2023-10-09,2026-06-30,32,India,Technology,Enterprise,Enterprise,Annual,575.84,1
CUST_008305,2024-10-16,2026-06-30,20,United Kingdom,Technology,Small,Pro,Annual,101.53,1
CUST_008306,2024-04-05,2026-06-30,26,United States,Manufacturing,Mid-Market,Basic,Monthly,44.9,1
CUST_008307,2024-02-05,2026-06-30,28,India,Healthcare,Small,Basic,Monthly,46.11,1
CUST_008308,2024-02-01,2026-06-30,28,United States,Retail,Mid-Market,Business,Monthly,257.21,1
CUST_008309,2022-11-20,2026-06-30,43,United States,Professional Services,Enterprise,Business,Annual,272.67,1
CUST_008310,2023-07-24,2026-06-30,35,United States,Healthcare,Enterprise,Business,Monthly,252.15,1
CUST_008311,2026-02-25,2026-06-30,4,United Kingdom,Technology,Small,Basic,Monthly,46.96,1
CUST_008312,2026-05-20,2026-06-30,1,Germany,Manufacturing,Mid-Market,Pro,Monthly,93.49,0
CUST_008313,2024-05-24,2026-06-30,25,United States,Technology,Mid-Market,Business,Monthly,244.33,0
CUST_008314,2021-12-14,2026-06-30,54,Australia,Retail,Small,Basic,Monthly,52.1,1
CUST_008315,2026-03-26,2026-06-30,3,United States,Professional Services,Mid-Market,Enterprise,Annual,614.4,1
CUST_008316,2026-01-24,2026-06-30,5,United States,Healthcare,Small,Basic,Monthly,45.97,0
CUST_008317,2023-01-28,2026-06-30,41,United States,Finance,Enterprise,Enterprise,Annual,609.85,1
CUST_008318,2024-03-13,2026-06-30,27,United States,Retail,Enterprise,Business,Annual,266.86,1
CUST_008319,2025-04-13,2026-06-30,14,Germany,Technology,Small,Basic,Monthly,51.89,1
CUST_008320,2025-05-24,2026-06-30,13,United States,Finance,Small,Basic,Monthly,52.26,0
CUST_008321,2023-02-23,2026-06-30,40,United States,Healthcare,Enterprise,Pro,Annual,102.96,1
CUST_008322,2023-11-03,2026-06-30,31,United States,Finance,Small,Pro,Annual,92.65,0
CUST_008323,2023-04-12,2026-06-30,38,Australia,Technology,Small,Basic,Monthly,47.02,0
CUST_008324,2025-01-13,2026-06-30,17,India,Retail,Small,Basic,Monthly,53.26,1
CUST_008325,2023-10-30,2026-06-30,31,United Kingdom,Healthcare,Small,Pro,Annual,97.32,1
CUST_008326,2022-03-10,2026-06-30,51,United Kingdom,Finance,Small,Basic,Monthly,44.35,0
CUST_008327,2024-11-09,2026-06-30,19,India,Professional Services,Small,Pro,Annual,102.0,1
CUST_008328,2024-06-19,2026-06-30,24,United States,Technology,Enterprise,Enterprise,Annual,630.81,1
CUST_008329,2025-08-11,2026-06-30,10,United States,Technology,Mid-Market,Pro,Monthly,98.6,0
CUST_008330,2023-04-11,2026-06-30,38,Canada,Professional Services,Mid-Market,Pro,Annual,101.72,1
CUST_008331,2026-04-03,2026-06-30,2,United States,Technology,Small,Enterprise,Monthly,574.2,1
CUST_008332,2025-03-11,2026-06-30,15,Canada,Professional Services,Mid-Market,Business,Annual,243.22,1
CUST_008333,2022-11-29,2026-06-30,43,Canada,Retail,Small,Business,Annual,226.48,1
CUST_008334,2026-04-27,2026-06-30,2,United States,Healthcare,Mid-Market,Basic,Monthly,46.37,1
CUST_008335,2021-07-21,2026-06-30,59,Canada,Finance,Enterprise,Enterprise,Monthly,642.03,1
CUST_008336,2024-06-05,2026-06-30,24,United States,Finance,Small,Basic,Monthly,40.88,1
CUST_008337,2024-06-15,2026-06-30,24,United States,Professional Services,Enterprise,Business,Monthly,244.18,1
CUST_008338,2023-10-12,2026-06-30,32,India,Technology,Enterprise,Pro,Annual,96.36,1
CUST_008339,2023-04-10,2026-06-30,38,Germany,Manufacturing,Small,Pro,Annual,101.94,1
CUST_008340,2024-02-27,2026-06-30,28,United States,Professional Services,Enterprise,Enterprise,Annual,535.11,1
CUST_008341,2022-01-25,2026-06-30,53,United States,Manufacturing,Enterprise,Enterprise,Annual,576.13,1
CUST_008342,2021-09-08,2026-06-30,57,United States,Technology,Small,Basic,Monthly,47.56,0
CUST_008343,2025-06-06,2026-06-30,12,United States,Manufacturing,Small,Enterprise,Annual,611.14,1
CUST_008344,2022-12-10,2026-06-30,42,United States,Manufacturing,Mid-Market,Pro,Monthly,98.95,0
CUST_008345,2024-12-07,2026-06-30,18,United States,Technology,Mid-Market,Enterprise,Annual,549.4,1
CUST_008346,2021-07-09,2026-06-30,59,Australia,Professional Services,Small,Pro,Annual,97.32,0
CUST_008347,2025-03-03,2026-06-30,15,Australia,Technology,Small,Basic,Annual,47.1,0
CUST_008348,2024-12-18,2026-06-30,18,Australia,Professional Services,Small,Pro,Annual,101.29,1
CUST_008349,2022-11-26,2026-06-30,43,United Kingdom,Technology,Small,Basic,Monthly,48.4,0
CUST_008350,2022-07-15,2026-06-30,47,Germany,Technology,Small,Basic,Monthly,53.28,1
CUST_008351,2025-10-13,2026-06-30,8,Germany,Retail,Small,Basic,Monthly,47.37,1
CUST_008352,2023-09-07,2026-06-30,33,India,Technology,Mid-Market,Enterprise,Annual,581.99,1
CUST_008353,2024-09-18,2026-06-30,21,Germany,Technology,Small,Enterprise,Annual,583.06,1
CUST_008354,2023-05-29,2026-06-30,37,Germany,Technology,Mid-Market,Business,Annual,246.6,1
CUST_008355,2023-09-05,2026-06-30,33,Australia,Professional Services,Mid-Market,Pro,Annual,103.17,1
CUST_008356,2021-07-27,2026-06-30,59,United Kingdom,Technology,Enterprise,Business,Monthly,243.49,0
CUST_008357,2021-10-29,2026-06-30,56,United States,Retail,Enterprise,Business,Monthly,244.08,1
CUST_008358,2023-03-15,2026-06-30,39,United States,Retail,Enterprise,Enterprise,Annual,609.69,1
CUST_008359,2023-01-28,2026-06-30,41,Canada,Healthcare,Small,Basic,Monthly,46.68,1
CUST_008360,2021-12-30,2026-06-30,53,United States,Finance,Small,Basic,Monthly,50.55,1
CUST_008361,2025-07-06,2026-06-30,11,United States,Finance,Small,Pro,Annual,97.13,1
CUST_008362,2022-11-06,2026-06-30,43,United States,Professional Services,Small,Business,Annual,237.76,1
CUST_008363,2022-08-15,2026-06-30,46,United States,Manufacturing,Small,Basic,Monthly,44.49,1
CUST_008364,2025-10-15,2026-06-30,8,India,Professional Services,Small,Basic,Monthly,46.3,0
CUST_008365,2022-01-31,2026-06-30,52,United States,Manufacturing,Small,Basic,Monthly,48.49,0
CUST_008366,2022-12-23,2026-06-30,42,United States,Professional Services,Small,Basic,Annual,48.77,1
CUST_008367,2024-09-15,2026-06-30,21,Canada,Professional Services,Mid-Market,Pro,Monthly,97.59,1
CUST_008368,2024-01-13,2026-06-30,29,United States,Healthcare,Enterprise,Pro,Monthly,91.67,1
CUST_008369,2024-01-04,2026-06-30,29,Germany,Professional Services,Small,Basic,Monthly,48.48,1
CUST_008370,2021-11-24,2026-06-30,55,United Kingdom,Technology,Small,Pro,Monthly,91.31,1
CUST_008371,2021-08-26,2026-06-30,58,United States,Technology,Small,Basic,Monthly,45.89,1
CUST_008372,2022-06-13,2026-06-30,48,Canada,Healthcare,Small,Pro,Annual,104.37,1
CUST_008373,2023-03-18,2026-06-30,39,United States,Healthcare,Enterprise,Pro,Monthly,98.33,1
CUST_008374,2025-11-26,2026-06-30,7,Germany,Healthcare,Small,Pro,Annual,101.09,1
CUST_008375,2021-12-01,2026-06-30,54,India,Healthcare,Small,Pro,Monthly,105.93,1
CUST_008376,2025-10-03,2026-06-30,8,India,Healthcare,Mid-Market,Business,Annual,247.89,1
CUST_008377,2025-08-05,2026-06-30,10,United States,Professional Services,Small,Basic,Monthly,51.28,1
CUST_008378,2026-01-27,2026-06-30,5,Germany,Finance,Mid-Market,Business,Monthly,253.42,1
CUST_008379,2021-10-03,2026-06-30,56,Australia,Finance,Small,Business,Annual,239.64,1
CUST_008380,2023-12-28,2026-06-30,30,India,Manufacturing,Small,Basic,Monthly,48.57,0
CUST_008381,2025-04-03,2026-06-30,14,United States,Retail,Small,Basic,Monthly,47.08,0
CUST_008382,2026-01-07,2026-06-30,5,Canada,Professional Services,Mid-Market,Pro,Annual,101.86,1
CUST_008383,2024-05-22,2026-06-30,25,United States,Finance,Small,Business,Annual,261.01,0
CUST_008384,2022-11-09,2026-06-30,43,United States,Technology,Small,Basic,Monthly,45.57,1
CUST_008385,2021-07-11,2026-06-30,59,United Kingdom,Professional Services,Mid-Market,Pro,Monthly,94.48,1
CUST_008386,2023-09-13,2026-06-30,33,Canada,Technology,Mid-Market,Enterprise,Annual,587.3,1
CUST_008387,2023-06-07,2026-06-30,36,United States,Retail,Small,Basic,Monthly,46.92,0
CUST_008388,2022-04-22,2026-06-30,50,Australia,Finance,Enterprise,Business,Monthly,245.67,0
CUST_008389,2021-12-25,2026-06-30,54,Canada,Healthcare,Mid-Market,Business,Monthly,253.1,1
CUST_008390,2025-01-14,2026-06-30,17,India,Professional Services,Enterprise,Pro,Annual,105.2,1
CUST_008391,2021-07-16,2026-06-30,59,Australia,Healthcare,Small,Basic,Monthly,47.68,1
CUST_008392,2023-11-12,2026-06-30,31,India,Technology,Mid-Market,Basic,Monthly,47.57,0
CUST_008393,2021-11-04,2026-06-30,55,Australia,Manufacturing,Small,Basic,Monthly,49.83,0
CUST_008394,2025-11-02,2026-06-30,7,United States,Technology,Small,Pro,Annual,98.58,1
CUST_008395,2025-12-08,2026-06-30,6,United States,Finance,Small,Basic,Monthly,45.1,1
CUST_008396,2022-01-25,2026-06-30,53,India,Healthcare,Small,Basic,Monthly,46.8,1
CUST_008397,2023-02-09,2026-06-30,40,United States,Healthcare,Enterprise,Enterprise,Annual,587.47,1
CUST_008398,2025-07-21,2026-06-30,11,United States,Retail,Mid-Market,Pro,Monthly,102.67,0
CUST_008399,2022-01-06,2026-06-30,53,United Kingdom,Finance,Small,Business,Monthly,262.36,1
CUST_008400,2025-11-29,2026-06-30,6,United States,Finance,Small,Business,Annual,235.33,1
CUST_008401,2023-01-23,2026-06-30,41,United States,Finance,Small,Basic,Monthly,47.02,0
CUST_008402,2025-05-28,2026-06-30,13,Canada,Professional Services,Mid-Market,Business,Annual,259.27,1
CUST_008403,2026-01-25,2026-06-30,5,United States,Technology,Small,Pro,Monthly,96.52,0
CUST_008404,2022-06-14,2026-06-30,48,Germany,Professional Services,Mid-Market,Business,Annual,252.97,1
CUST_008405,2022-04-01,2026-06-30,50,United States,Finance,Small,Pro,Monthly,97.86,0
CUST_008406,2025-11-23,2026-06-30,7,Canada,Finance,Mid-Market,Pro,Monthly,98.96,1
CUST_008407,2025-12-15,2026-06-30,6,United States,Manufacturing,Enterprise,Enterprise,Monthly,585.4,1
CUST_008408,2023-05-25,2026-06-30,37,United Kingdom,Finance,Small,Basic,Monthly,51.64,1
CUST_008409,2026-04-10,2026-06-30,2,United States,Retail,Enterprise,Enterprise,Annual,551.33,1
CUST_008410,2022-09-30,2026-06-30,44,United States,Professional Services,Enterprise,Enterprise,Annual,585.91,1
CUST_008411,2021-11-30,2026-06-30,54,Australia,Professional Services,Small,Basic,Monthly,51.41,1
CUST_008412,2022-09-21,2026-06-30,45,United States,Healthcare,Small,Basic,Monthly,48.38,0
CUST_008413,2025-04-12,2026-06-30,14,Germany,Manufacturing,Mid-Market,Business,Monthly,247.05,1
CUST_008414,2025-06-24,2026-06-30,12,United States,Finance,Small,Business,Annual,260.35,1
CUST_008415,2023-01-26,2026-06-30,41,United States,Manufacturing,Enterprise,Business,Annual,254.16,1
CUST_008416,2026-02-10,2026-06-30,4,United States,Technology,Small,Pro,Monthly,102.94,1
CUST_008417,2023-10-09,2026-06-30,32,India,Technology,Mid-Market,Pro,Monthly,104.68,0
CUST_008418,2024-03-17,2026-06-30,27,United States,Healthcare,Mid-Market,Basic,Monthly,45.34,1
CUST_008419,2022-10-03,2026-06-30,44,United States,Technology,Small,Basic,Annual,47.75,1
CUST_008420,2025-06-02,2026-06-30,12,United Kingdom,Manufacturing,Small,Basic,Annual,46.85,1
CUST_008421,2022-09-01,2026-06-30,45,United States,Technology,Enterprise,Enterprise,Annual,607.08,1
CUST_008422,2022-12-23,2026-06-30,42,Australia,Technology,Small,Basic,Monthly,51.41,0
CUST_008423,2025-03-29,2026-06-30,15,India,Retail,Small,Basic,Monthly,42.74,0
CUST_008424,2024-08-29,2026-06-30,22,United Kingdom,Healthcare,Enterprise,Business,Annual,228.58,1
CUST_008425,2026-02-02,2026-06-30,4,Canada,Professional Services,Small,Pro,Annual,88.45,1
CUST_008426,2024-03-16,2026-06-30,27,United States,Technology,Enterprise,Pro,Monthly,94.43,0
CUST_008427,2025-02-18,2026-06-30,16,India,Technology,Small,Basic,Monthly,48.92,0
CUST_008428,2025-11-09,2026-06-30,7,Canada,Technology,Mid-Market,Business,Annual,268.17,1
CUST_008429,2023-08-30,2026-06-30,34,United States,Healthcare,Mid-Market,Business,Annual,231.69,1
CUST_008430,2023-08-17,2026-06-30,34,India,Technology,Small,Pro,Annual,110.43,1
CUST_008431,2025-12-28,2026-06-30,6,India,Manufacturing,Small,Basic,Monthly,50.07,1
CUST_008432,2025-07-02,2026-06-30,11,Canada,Technology,Small,Basic,Annual,50.16,1
CUST_008433,2026-01-03,2026-06-30,5,United States,Professional Services,Mid-Market,Pro,Monthly,102.1,0
CUST_008434,2023-01-29,2026-06-30,40,Germany,Healthcare,Small,Pro,Monthly,91.56,1
CUST_008435,2024-10-02,2026-06-30,20,Australia,Retail,Small,Basic,Annual,47.33,1
CUST_008436,2026-01-24,2026-06-30,5,Canada,Technology,Mid-Market,Pro,Annual,93.48,1
CUST_008437,2025-06-22,2026-06-30,12,United States,Technology,Enterprise,Business,Annual,255.86,1
CUST_008438,2021-08-14,2026-06-30,58,United States,Finance,Small,Basic,Monthly,46.54,1
CUST_008439,2025-02-26,2026-06-30,16,United States,Healthcare,Mid-Market,Pro,Monthly,97.45,1
CUST_008440,2023-01-19,2026-06-30,41,United States,Retail,Enterprise,Business,Monthly,239.47,1
CUST_008441,2024-02-11,2026-06-30,28,Australia,Finance,Small,Basic,Monthly,52.26,1
CUST_008442,2025-07-09,2026-06-30,11,United States,Finance,Enterprise,Enterprise,Annual,577.76,1
CUST_008443,2024-11-26,2026-06-30,19,United States,Professional Services,Mid-Market,Pro,Monthly,93.05,1
CUST_008444,2026-05-06,2026-06-30,1,Australia,Finance,Mid-Market,Business,Monthly,253.74,1
CUST_008445,2022-09-29,2026-06-30,45,Canada,Technology,Mid-Market,Business,Annual,246.96,1
CUST_008446,2024-10-08,2026-06-30,20,United States,Finance,Small,Basic,Monthly,52.19,0
CUST_008447,2023-12-17,2026-06-30,30,India,Finance,Mid-Market,Pro,Monthly,100.02,0
CUST_008448,2025-08-30,2026-06-30,9,United States,Healthcare,Mid-Market,Business,Annual,251.15,1
CUST_008449,2022-05-13,2026-06-30,49,India,Retail,Small,Basic,Monthly,50.91,1
CUST_008450,2025-05-04,2026-06-30,13,United States,Retail,Small,Basic,Monthly,49.88,1
CUST_008451,2023-08-19,2026-06-30,34,Canada,Retail,Mid-Market,Pro,Annual,102.43,1
CUST_008452,2022-02-15,2026-06-30,52,United Kingdom,Technology,Small,Enterprise,Annual,617.21,1
CUST_008453,2022-11-28,2026-06-30,43,United States,Technology,Small,Basic,Monthly,47.95,0
CUST_008454,2023-06-14,2026-06-30,36,United Kingdom,Manufacturing,Small,Basic,Monthly,45.81,1
CUST_008455,2022-01-18,2026-06-30,53,United States,Technology,Small,Basic,Monthly,48.32,1
CUST_008456,2025-07-19,2026-06-30,11,United Kingdom,Finance,Small,Pro,Monthly,88.57,1
CUST_008457,2021-09-05,2026-06-30,57,United States,Healthcare,Small,Basic,Annual,46.95,1
CUST_008458,2023-09-05,2026-06-30,33,Australia,Manufacturing,Small,Pro,Monthly,96.55,1
CUST_008459,2024-05-26,2026-06-30,25,United Kingdom,Technology,Small,Basic,Monthly,51.94,1
CUST_008460,2025-02-26,2026-06-30,16,Canada,Professional Services,Enterprise,Business,Annual,245.88,1
CUST_008461,2022-10-02,2026-06-30,44,United States,Finance,Enterprise,Enterprise,Annual,648.56,1
CUST_008462,2021-08-13,2026-06-30,58,Canada,Professional Services,Small,Basic,Monthly,49.91,1
CUST_008463,2023-01-09,2026-06-30,41,United Kingdom,Finance,Small,Basic,Monthly,44.76,1
CUST_008464,2026-04-03,2026-06-30,2,United States,Manufacturing,Small,Pro,Annual,104.19,1
CUST_008465,2024-02-09,2026-06-30,28,Germany,Finance,Small,Business,Annual,260.76,1
CUST_008466,2022-10-25,2026-06-30,44,United States,Professional Services,Mid-Market,Pro,Monthly,90.21,0
CUST_008467,2024-06-17,2026-06-30,24,United States,Healthcare,Mid-Market,Business,Monthly,256.82,0
CUST_008468,2022-08-13,2026-06-30,46,Germany,Professional Services,Small,Basic,Monthly,52.3,0
CUST_008469,2022-12-09,2026-06-30,42,United States,Manufacturing,Enterprise,Enterprise,Annual,531.89,1
CUST_008470,2026-01-31,2026-06-30,4,United States,Retail,Mid-Market,Business,Monthly,234.37,0
CUST_008471,2023-09-03,2026-06-30,33,United Kingdom,Technology,Small,Pro,Monthly,103.22,1
CUST_008472,2025-07-27,2026-06-30,11,Germany,Finance,Mid-Market,Pro,Annual,97.65,1
CUST_008473,2024-01-09,2026-06-30,29,United States,Professional Services,Small,Basic,Monthly,52.4,0
CUST_008474,2024-07-11,2026-06-30,23,United States,Professional Services,Mid-Market,Business,Annual,259.67,1
CUST_008475,2022-06-13,2026-06-30,48,Canada,Technology,Small,Pro,Monthly,102.69,0
CUST_008476,2022-02-23,2026-06-30,52,United Kingdom,Technology,Small,Basic,Monthly,51.66,0
CUST_008477,2024-02-23,2026-06-30,28,Canada,Technology,Small,Basic,Monthly,46.79,0
CUST_008478,2023-10-11,2026-06-30,32,United Kingdom,Technology,Small,Basic,Monthly,48.04,1
CUST_008479,2023-05-04,2026-06-30,37,Germany,Finance,Small,Pro,Monthly,108.22,1
CUST_008480,2023-03-12,2026-06-30,39,India,Professional Services,Mid-Market,Pro,Monthly,96.85,1
CUST_008481,2023-04-17,2026-06-30,38,United States,Technology,Small,Pro,Monthly,104.01,0
CUST_008482,2022-07-26,2026-06-30,47,United States,Professional Services,Enterprise,Enterprise,Monthly,590.59,0
CUST_008483,2021-08-03,2026-06-30,58,United States,Professional Services,Small,Pro,Monthly,94.8,1
CUST_008484,2022-05-06,2026-06-30,49,United States,Finance,Enterprise,Business,Annual,235.68,1
CUST_008485,2025-10-02,2026-06-30,8,United States,Healthcare,Small,Basic,Monthly,50.15,1
CUST_008486,2024-01-28,2026-06-30,29,India,Healthcare,Small,Business,Monthly,264.21,1
CUST_008487,2024-02-23,2026-06-30,28,United States,Technology,Small,Basic,Monthly,50.0,1
CUST_008488,2023-11-30,2026-06-30,30,United States,Manufacturing,Small,Basic,Annual,49.42,1
CUST_008489,2023-10-26,2026-06-30,32,United Kingdom,Retail,Small,Business,Annual,233.68,1
CUST_008490,2022-11-20,2026-06-30,43,India,Technology,Mid-Market,Pro,Annual,98.6,1
CUST_008491,2024-05-06,2026-06-30,25,United States,Professional Services,Small,Pro,Monthly,99.49,1
CUST_008492,2025-02-13,2026-06-30,16,Australia,Finance,Small,Basic,Monthly,46.64,1
CUST_008493,2024-03-01,2026-06-30,27,Australia,Technology,Small,Pro,Monthly,100.74,1
CUST_008494,2022-03-20,2026-06-30,51,Canada,Professional Services,Mid-Market,Enterprise,Annual,575.92,1
CUST_008495,2024-11-18,2026-06-30,19,United Kingdom,Technology,Small,Basic,Annual,47.84,1
CUST_008496,2026-04-24,2026-06-30,2,Canada,Technology,Small,Basic,Monthly,50.7,0
CUST_008497,2021-08-13,2026-06-30,58,United States,Technology,Small,Basic,Monthly,52.72,0
CUST_008498,2025-06-14,2026-06-30,12,Canada,Finance,Mid-Market,Pro,Monthly,106.08,0
CUST_008499,2023-06-14,2026-06-30,36,United States,Healthcare,Mid-Market,Pro,Annual,97.9,1
CUST_008500,2022-06-25,2026-06-30,48,Germany,Retail,Small,Pro,Monthly,101.32,0
CUST_008501,2025-01-24,2026-06-30,17,Australia,Finance,Small,Basic,Monthly,50.36,0
CUST_008502,2024-09-28,2026-06-30,21,United States,Retail,Small,Business,Annual,255.84,1
CUST_008503,2025-01-13,2026-06-30,17,United Kingdom,Technology,Small,Pro,Monthly,99.24,1
CUST_008504,2025-09-05,2026-06-30,9,United States,Finance,Mid-Market,Pro,Annual,105.03,1
CUST_008505,2025-08-30,2026-06-30,9,United States,Professional Services,Mid-Market,Pro,Monthly,95.58,1
CUST_008506,2025-06-30,2026-06-30,11,United Kingdom,Manufacturing,Small,Pro,Annual,92.97,0
CUST_008507,2024-02-29,2026-06-30,27,United States,Manufacturing,Mid-Market,Business,Annual,252.45,1
CUST_008508,2023-10-22,2026-06-30,32,Australia,Finance,Small,Business,Annual,244.17,1
CUST_008509,2026-05-03,2026-06-30,1,United States,Healthcare,Mid-Market,Basic,Monthly,53.51,0
CUST_008510,2022-04-04,2026-06-30,50,Australia,Professional Services,Mid-Market,Pro,Monthly,96.32,1
CUST_008511,2023-02-03,2026-06-30,40,United States,Professional Services,Mid-Market,Business,Annual,260.93,1
CUST_008512,2026-01-25,2026-06-30,5,United States,Manufacturing,Small,Basic,Monthly,49.98,0
CUST_008513,2022-04-10,2026-06-30,50,Germany,Healthcare,Small,Basic,Annual,45.39,1
CUST_008514,2026-04-07,2026-06-30,2,Canada,Technology,Small,Basic,Monthly,50.27,0
CUST_008515,2023-08-29,2026-06-30,34,United States,Technology,Small,Basic,Monthly,47.22,0
CUST_008516,2024-02-17,2026-06-30,28,India,Technology,Small,Basic,Monthly,54.7,0
CUST_008517,2023-12-12,2026-06-30,30,United States,Finance,Mid-Market,Pro,Monthly,94.72,1
CUST_008518,2021-09-18,2026-06-30,57,United States,Technology,Mid-Market,Basic,Monthly,46.56,0
CUST_008519,2021-11-09,2026-06-30,55,Canada,Healthcare,Mid-Market,Pro,Monthly,87.83,1
CUST_008520,2025-01-16,2026-06-30,17,United Kingdom,Retail,Mid-Market,Basic,Monthly,46.94,0
CUST_008521,2023-07-26,2026-06-30,35,United Kingdom,Retail,Small,Business,Annual,257.12,1
CUST_008522,2021-09-13,2026-06-30,57,Australia,Retail,Small,Basic,Monthly,46.29,0
CUST_008523,2022-10-31,2026-06-30,43,United Kingdom,Technology,Small,Basic,Monthly,50.08,1
CUST_008524,2022-01-19,2026-06-30,53,United States,Healthcare,Mid-Market,Enterprise,Annual,604.51,1
CUST_008525,2024-04-11,2026-06-30,26,United States,Professional Services,Small,Pro,Monthly,93.8,0
CUST_008526,2025-01-08,2026-06-30,17,United States,Healthcare,Small,Basic,Monthly,48.53,0
CUST_008527,2023-11-27,2026-06-30,31,Germany,Professional Services,Small,Pro,Annual,93.97,0
CUST_008528,2022-05-26,2026-06-30,49,United States,Finance,Mid-Market,Business,Annual,258.77,1
CUST_008529,2021-11-06,2026-06-30,55,United Kingdom,Retail,Enterprise,Enterprise,Annual,542.22,1
CUST_008530,2023-01-16,2026-06-30,41,United Kingdom,Healthcare,Enterprise,Enterprise,Annual,618.86,1
CUST_008531,2022-12-10,2026-06-30,42,Australia,Retail,Small,Basic,Annual,47.05,1
CUST_008532,2023-11-25,2026-06-30,31,United States,Professional Services,Small,Business,Annual,249.53,1
CUST_008533,2024-11-04,2026-06-30,19,United States,Healthcare,Small,Basic,Monthly,49.96,1
CUST_008534,2024-05-02,2026-06-30,25,India,Manufacturing,Mid-Market,Business,Annual,249.84,0
CUST_008535,2023-12-20,2026-06-30,30,United Kingdom,Professional Services,Small,Basic,Monthly,53.87,0
CUST_008536,2022-05-29,2026-06-30,49,Canada,Manufacturing,Small,Pro,Monthly,96.57,0
CUST_008537,2023-09-08,2026-06-30,33,Germany,Technology,Small,Business,Annual,231.04,1
CUST_008538,2022-07-08,2026-06-30,47,India,Technology,Small,Basic,Annual,54.14,1
CUST_008539,2026-04-12,2026-06-30,2,United States,Professional Services,Enterprise,Business,Annual,252.7,1
CUST_008540,2022-09-11,2026-06-30,45,India,Manufacturing,Small,Pro,Monthly,99.4,0
CUST_008541,2023-12-03,2026-06-30,30,United States,Professional Services,Enterprise,Enterprise,Annual,663.98,1
CUST_008542,2021-07-05,2026-06-30,59,India,Finance,Small,Pro,Monthly,92.18,1
CUST_008543,2024-02-05,2026-06-30,28,United States,Manufacturing,Small,Business,Monthly,247.1,0
CUST_008544,2024-01-24,2026-06-30,29,United States,Manufacturing,Mid-Market,Basic,Monthly,46.17,0
CUST_008545,2025-10-15,2026-06-30,8,United States,Professional Services,Small,Pro,Monthly,98.13,0
CUST_008546,2022-06-13,2026-06-30,48,Australia,Retail,Enterprise,Enterprise,Annual,554.15,1
CUST_008547,2022-12-19,2026-06-30,42,India,Technology,Small,Basic,Monthly,49.06,1
CUST_008548,2022-03-05,2026-06-30,51,United States,Retail,Small,Basic,Monthly,48.89,0
CUST_008549,2025-12-16,2026-06-30,6,United States,Retail,Small,Pro,Monthly,98.52,0
CUST_008550,2025-05-17,2026-06-30,13,United States,Finance,Enterprise,Enterprise,Annual,529.18,1
CUST_008551,2022-02-07,2026-06-30,52,United States,Technology,Mid-Market,Business,Annual,257.79,1
CUST_008552,2026-03-17,2026-06-30,3,Australia,Professional Services,Mid-Market,Business,Annual,245.37,1
CUST_008553,2023-12-01,2026-06-30,30,United States,Technology,Mid-Market,Business,Monthly,280.98,0
CUST_008554,2024-06-04,2026-06-30,24,India,Healthcare,Small,Basic,Annual,47.7,1
CUST_008555,2021-10-18,2026-06-30,56,India,Retail,Enterprise,Business,Annual,240.36,1
CUST_008556,2022-03-16,2026-06-30,51,United States,Professional Services,Small,Basic,Annual,49.26,1
CUST_008557,2022-01-03,2026-06-30,53,United Kingdom,Retail,Mid-Market,Business,Monthly,232.94,1
CUST_008558,2024-12-29,2026-06-30,18,India,Finance,Mid-Market,Business,Annual,263.56,1
CUST_008559,2023-07-12,2026-06-30,35,India,Technology,Small,Basic,Annual,46.58,1
CUST_008560,2022-12-22,2026-06-30,42,Germany,Finance,Mid-Market,Business,Monthly,238.03,0
CUST_008561,2021-08-29,2026-06-30,58,United States,Finance,Mid-Market,Enterprise,Annual,622.64,1
CUST_008562,2026-05-18,2026-06-30,1,United States,Manufacturing,Small,Basic,Monthly,49.52,1
CUST_008563,2021-08-12,2026-06-30,58,Australia,Finance,Mid-Market,Business,Annual,251.4,1
CUST_008564,2024-09-01,2026-06-30,21,United States,Technology,Small,Business,Annual,232.07,1
CUST_008565,2025-10-13,2026-06-30,8,United Kingdom,Professional Services,Mid-Market,Pro,Monthly,103.81,1
CUST_008566,2023-05-23,2026-06-30,37,Germany,Technology,Mid-Market,Business,Annual,236.16,1
CUST_008567,2022-07-29,2026-06-30,47,Canada,Technology,Small,Basic,Annual,44.77,0
CUST_008568,2025-10-11,2026-06-30,8,United States,Healthcare,Small,Basic,Annual,49.91,1
CUST_008569,2026-03-19,2026-06-30,3,United States,Technology,Small,Pro,Monthly,97.94,1
CUST_008570,2022-01-03,2026-06-30,53,India,Technology,Mid-Market,Pro,Annual,97.82,1
CUST_008571,2021-10-28,2026-06-30,56,United States,Professional Services,Enterprise,Pro,Annual,102.31,1
CUST_008572,2025-08-24,2026-06-30,10,United States,Professional Services,Mid-Market,Pro,Monthly,97.42,1
CUST_008573,2021-12-21,2026-06-30,54,India,Manufacturing,Mid-Market,Business,Annual,227.22,1
CUST_008574,2021-12-10,2026-06-30,54,Germany,Retail,Mid-Market,Pro,Monthly,97.32,0
CUST_008575,2021-07-06,2026-06-30,59,United Kingdom,Technology,Small,Pro,Annual,100.42,1
CUST_008576,2025-05-08,2026-06-30,13,Australia,Professional Services,Enterprise,Business,Annual,251.22,1
CUST_008577,2023-07-28,2026-06-30,35,Canada,Healthcare,Small,Basic,Annual,48.56,0
CUST_008578,2021-07-12,2026-06-30,59,India,Technology,Small,Basic,Monthly,54.91,1
CUST_008579,2021-12-23,2026-06-30,54,India,Finance,Small,Basic,Monthly,53.07,0
CUST_008580,2023-06-11,2026-06-30,36,United States,Healthcare,Small,Basic,Monthly,46.06,1
CUST_008581,2025-06-12,2026-06-30,12,United States,Technology,Mid-Market,Pro,Annual,92.22,1
CUST_008582,2025-12-31,2026-06-30,5,United States,Finance,Small,Basic,Annual,52.25,1
CUST_008583,2025-02-20,2026-06-30,16,United Kingdom,Finance,Small,Basic,Monthly,51.61,0
CUST_008584,2026-02-03,2026-06-30,4,United Kingdom,Healthcare,Small,Basic,Annual,52.62,1
CUST_008585,2025-06-15,2026-06-30,12,United Kingdom,Technology,Small,Basic,Monthly,47.91,0
CUST_008586,2026-01-17,2026-06-30,5,India,Retail,Small,Basic,Monthly,48.61,1
CUST_008587,2022-09-01,2026-06-30,45,Canada,Technology,Enterprise,Enterprise,Annual,545.74,1
CUST_008588,2023-07-08,2026-06-30,35,Australia,Retail,Small,Business,Annual,250.79,1
CUST_008589,2023-11-14,2026-06-30,31,United Kingdom,Technology,Mid-Market,Business,Annual,241.05,1
CUST_008590,2022-06-08,2026-06-30,48,Canada,Healthcare,Small,Business,Annual,239.28,1
CUST_008591,2024-05-24,2026-06-30,25,United States,Retail,Small,Basic,Annual,51.26,1
CUST_008592,2024-06-07,2026-06-30,24,United Kingdom,Retail,Mid-Market,Business,Annual,247.06,1
CUST_008593,2025-05-25,2026-06-30,13,United Kingdom,Technology,Small,Basic,Monthly,51.02,1
CUST_008594,2024-03-24,2026-06-30,27,United States,Healthcare,Small,Basic,Monthly,48.74,1
CUST_008595,2025-07-22,2026-06-30,11,Australia,Manufacturing,Small,Basic,Annual,50.34,1
CUST_008596,2023-07-09,2026-06-30,35,Canada,Technology,Mid-Market,Business,Annual,232.66,1
CUST_008597,2021-07-06,2026-06-30,59,United States,Healthcare,Enterprise,Enterprise,Annual,569.44,1
CUST_008598,2023-10-18,2026-06-30,32,Australia,Healthcare,Small,Pro,Monthly,101.24,1
CUST_008599,2024-12-11,2026-06-30,18,United States,Professional Services,Mid-Market,Basic,Monthly,53.15,1
CUST_008600,2023-01-12,2026-06-30,41,United Kingdom,Healthcare,Small,Pro,Monthly,101.31,0
CUST_008601,2022-05-21,2026-06-30,49,United Kingdom,Professional Services,Mid-Market,Business,Annual,249.19,1
CUST_008602,2024-02-05,2026-06-30,28,United States,Retail,Enterprise,Pro,Annual,106.44,1
CUST_008603,2025-03-08,2026-06-30,15,Canada,Retail,Small,Basic,Monthly,48.47,1
CUST_008604,2022-11-27,2026-06-30,43,United States,Finance,Small,Pro,Monthly,95.06,0
CUST_008605,2025-06-29,2026-06-30,12,United States,Retail,Mid-Market,Pro,Annual,99.03,1
CUST_008606,2021-07-06,2026-06-30,59,United Kingdom,Technology,Small,Basic,Monthly,49.91,0
CUST_008607,2024-11-07,2026-06-30,19,United States,Healthcare,Enterprise,Enterprise,Annual,561.08,1
CUST_008608,2024-09-10,2026-06-30,21,India,Finance,Mid-Market,Enterprise,Annual,602.87,1
CUST_008609,2022-11-04,2026-06-30,43,United States,Retail,Enterprise,Business,Annual,227.53,1
CUST_008610,2026-05-10,2026-06-30,1,United States,Manufacturing,Small,Enterprise,Annual,590.0,0
CUST_008611,2025-06-01,2026-06-30,12,India,Professional Services,Mid-Market,Business,Annual,247.05,1
CUST_008612,2025-10-18,2026-06-30,8,Canada,Technology,Small,Basic,Annual,48.92,1
CUST_008613,2024-06-29,2026-06-30,24,United Kingdom,Professional Services,Mid-Market,Business,Annual,224.62,0
CUST_008614,2023-09-11,2026-06-30,33,Germany,Professional Services,Enterprise,Enterprise,Annual,602.01,1
CUST_008615,2025-07-13,2026-06-30,11,India,Professional Services,Mid-Market,Business,Annual,259.88,1
CUST_008616,2024-09-21,2026-06-30,21,United States,Manufacturing,Mid-Market,Pro,Monthly,105.97,0
CUST_008617,2022-08-14,2026-06-30,46,United States,Finance,Small,Basic,Monthly,52.56,0
CUST_008618,2021-10-17,2026-06-30,56,India,Professional Services,Small,Basic,Monthly,49.06,1
CUST_008619,2026-05-06,2026-06-30,1,United States,Retail,Mid-Market,Pro,Monthly,111.27,1
CUST_008620,2023-05-01,2026-06-30,37,Germany,Manufacturing,Small,Basic,Monthly,47.14,1
CUST_008621,2026-04-15,2026-06-30,2,United Kingdom,Technology,Small,Basic,Monthly,47.22,0
CUST_008622,2023-11-09,2026-06-30,31,United Kingdom,Technology,Mid-Market,Pro,Monthly,99.09,1
CUST_008623,2022-02-03,2026-06-30,52,Australia,Finance,Mid-Market,Basic,Monthly,51.03,1
CUST_008624,2022-06-29,2026-06-30,48,India,Healthcare,Small,Pro,Monthly,102.18,0
CUST_008625,2025-04-09,2026-06-30,14,United States,Healthcare,Small,Basic,Monthly,43.2,0
CUST_008626,2025-02-21,2026-06-30,16,United Kingdom,Professional Services,Small,Pro,Monthly,94.23,0
CUST_008627,2022-07-25,2026-06-30,47,Germany,Technology,Mid-Market,Business,Annual,258.55,1
CUST_008628,2022-05-21,2026-06-30,49,United States,Technology,Enterprise,Enterprise,Annual,572.39,1
CUST_008629,2025-01-12,2026-06-30,17,India,Finance,Small,Basic,Monthly,48.68,0
CUST_008630,2026-05-26,2026-06-30,1,Canada,Technology,Small,Basic,Monthly,49.88,1
CUST_008631,2024-03-25,2026-06-30,27,United States,Healthcare,Mid-Market,Business,Annual,255.02,1
CUST_008632,2023-05-15,2026-06-30,37,India,Manufacturing,Small,Basic,Monthly,51.11,1
CUST_008633,2024-03-26,2026-06-30,27,India,Professional Services,Mid-Market,Business,Annual,264.83,1
CUST_008634,2021-10-27,2026-06-30,56,United States,Technology,Small,Basic,Monthly,50.55,1
CUST_008635,2022-06-01,2026-06-30,48,Germany,Finance,Enterprise,Business,Annual,233.72,1
CUST_008636,2022-07-17,2026-06-30,47,United States,Manufacturing,Mid-Market,Basic,Annual,50.44,1
CUST_008637,2026-04-25,2026-06-30,2,United States,Finance,Small,Pro,Annual,104.35,1
CUST_008638,2022-03-21,2026-06-30,51,United States,Manufacturing,Small,Basic,Monthly,50.11,1
CUST_008639,2022-09-14,2026-06-30,45,India,Retail,Small,Basic,Monthly,52.16,1
CUST_008640,2024-06-18,2026-06-30,24,United States,Professional Services,Small,Pro,Monthly,100.18,1
CUST_008641,2023-07-08,2026-06-30,35,United States,Technology,Small,Basic,Monthly,48.69,0
CUST_008642,2022-05-13,2026-06-30,49,Germany,Professional Services,Small,Basic,Monthly,46.92,1
CUST_008643,2021-12-17,2026-06-30,54,Canada,Professional Services,Mid-Market,Pro,Annual,109.07,1
CUST_008644,2023-09-16,2026-06-30,33,United States,Technology,Small,Pro,Monthly,93.83,1
CUST_008645,2026-03-18,2026-06-30,3,United States,Healthcare,Small,Basic,Monthly,48.99,1
CUST_008646,2023-05-17,2026-06-30,37,Australia,Healthcare,Enterprise,Enterprise,Annual,588.33,1
CUST_008647,2023-01-27,2026-06-30,41,United Kingdom,Finance,Small,Basic,Monthly,45.73,0
CUST_008648,2026-02-15,2026-06-30,4,Germany,Professional Services,Small,Enterprise,Annual,625.6,0
CUST_008649,2022-05-25,2026-06-30,49,United States,Technology,Mid-Market,Basic,Monthly,50.22,0
CUST_008650,2025-06-04,2026-06-30,12,Canada,Finance,Mid-Market,Pro,Annual,100.21,1
CUST_008651,2022-01-14,2026-06-30,53,Australia,Technology,Small,Pro,Monthly,95.89,1
CUST_008652,2023-09-16,2026-06-30,33,United States,Retail,Enterprise,Enterprise,Annual,615.87,1
CUST_008653,2024-10-30,2026-06-30,19,United States,Professional Services,Small,Enterprise,Annual,591.18,1
CUST_008654,2026-02-15,2026-06-30,4,United States,Retail,Small,Pro,Monthly,101.38,1
CUST_008655,2026-04-29,2026-06-30,2,United States,Retail,Small,Pro,Monthly,106.11,0
CUST_008656,2022-10-09,2026-06-30,44,United States,Technology,Small,Basic,Annual,43.01,1
CUST_008657,2024-07-23,2026-06-30,23,India,Manufacturing,Small,Basic,Monthly,51.46,0
CUST_008658,2022-04-15,2026-06-30,50,Canada,Healthcare,Small,Business,Annual,278.55,1
CUST_008659,2025-04-13,2026-06-30,14,United Kingdom,Healthcare,Mid-Market,Business,Annual,270.42,1
CUST_008660,2021-11-21,2026-06-30,55,United States,Retail,Small,Basic,Monthly,50.89,1
CUST_008661,2021-10-14,2026-06-30,56,United Kingdom,Professional Services,Mid-Market,Pro,Annual,105.06,1
CUST_008662,2025-11-30,2026-06-30,6,United Kingdom,Manufacturing,Small,Basic,Monthly,46.92,0
CUST_008663,2023-03-27,2026-06-30,39,India,Retail,Mid-Market,Pro,Monthly,100.19,0
CUST_008664,2021-10-18,2026-06-30,56,Canada,Healthcare,Small,Basic,Monthly,48.63,0
CUST_008665,2024-10-29,2026-06-30,20,Australia,Technology,Small,Basic,Monthly,47.86,1
CUST_008666,2026-01-30,2026-06-30,4,United States,Healthcare,Mid-Market,Business,Annual,261.3,0
CUST_008667,2022-02-10,2026-06-30,52,United Kingdom,Retail,Small,Basic,Annual,48.52,0
CUST_008668,2024-02-01,2026-06-30,28,India,Manufacturing,Mid-Market,Pro,Monthly,89.82,0
CUST_008669,2026-04-13,2026-06-30,2,United Kingdom,Retail,Mid-Market,Basic,Annual,50.07,1
CUST_008670,2022-04-14,2026-06-30,50,Germany,Finance,Mid-Market,Business,Monthly,248.65,1
CUST_008671,2023-01-29,2026-06-30,40,India,Technology,Mid-Market,Business,Annual,257.63,1
CUST_008672,2026-01-25,2026-06-30,5,India,Technology,Enterprise,Basic,Monthly,48.0,0
CUST_008673,2025-02-21,2026-06-30,16,United States,Manufacturing,Small,Enterprise,Annual,547.4,1
CUST_008674,2026-04-29,2026-06-30,2,United States,Professional Services,Enterprise,Business,Monthly,236.87,0
CUST_008675,2021-09-21,2026-06-30,57,United Kingdom,Healthcare,Small,Basic,Monthly,46.76,0
CUST_008676,2026-04-17,2026-06-30,2,India,Retail,Small,Basic,Monthly,46.48,1
CUST_008677,2022-07-03,2026-06-30,47,Canada,Retail,Enterprise,Enterprise,Monthly,582.15,0
CUST_008678,2023-11-26,2026-06-30,31,United States,Technology,Small,Pro,Monthly,102.6,1
CUST_008679,2023-07-20,2026-06-30,35,United Kingdom,Technology,Mid-Market,Business,Annual,231.8,1
CUST_008680,2022-06-05,2026-06-30,48,United States,Technology,Mid-Market,Business,Annual,259.99,1
CUST_008681,2022-01-06,2026-06-30,53,United States,Professional Services,Enterprise,Business,Monthly,233.19,0
CUST_008682,2025-10-15,2026-06-30,8,United States,Technology,Small,Basic,Monthly,48.07,1
CUST_008683,2026-04-29,2026-06-30,2,United States,Healthcare,Mid-Market,Pro,Annual,98.82,1
CUST_008684,2025-10-20,2026-06-30,8,Germany,Finance,Small,Pro,Annual,97.52,1
CUST_008685,2023-01-22,2026-06-30,41,United States,Retail,Small,Pro,Monthly,102.08,1
CUST_008686,2023-08-15,2026-06-30,34,United States,Technology,Mid-Market,Pro,Monthly,98.46,0
CUST_008687,2026-01-01,2026-06-30,5,Canada,Professional Services,Mid-Market,Enterprise,Annual,594.3,0
CUST_008688,2025-04-06,2026-06-30,14,United States,Finance,Mid-Market,Pro,Monthly,87.24,1
CUST_008689,2023-10-10,2026-06-30,32,United States,Professional Services,Mid-Market,Basic,Monthly,49.98,0
CUST_008690,2022-10-29,2026-06-30,44,United States,Retail,Mid-Market,Pro,Annual,108.3,1
CUST_008691,2024-09-22,2026-06-30,21,United States,Healthcare,Small,Business,Annual,242.88,1
CUST_008692,2021-09-30,2026-06-30,56,Germany,Manufacturing,Small,Basic,Monthly,50.62,0
CUST_008693,2021-07-15,2026-06-30,59,United States,Retail,Mid-Market,Basic,Annual,46.98,1
CUST_008694,2022-08-25,2026-06-30,46,United States,Technology,Mid-Market,Pro,Monthly,103.88,1
CUST_008695,2024-03-07,2026-06-30,27,United States,Manufacturing,Small,Business,Annual,255.46,1
CUST_008696,2022-02-07,2026-06-30,52,United States,Retail,Small,Basic,Monthly,48.1,1
CUST_008697,2022-11-02,2026-06-30,43,United States,Retail,Small,Pro,Annual,96.86,1
CUST_008698,2023-11-11,2026-06-30,31,United States,Manufacturing,Mid-Market,Business,Annual,257.03,1
CUST_008699,2024-03-26,2026-06-30,27,United States,Retail,Small,Pro,Monthly,99.2,0
CUST_008700,2022-04-28,2026-06-30,50,United States,Finance,Mid-Market,Basic,Monthly,45.98,1
CUST_008701,2023-09-05,2026-06-30,33,India,Finance,Mid-Market,Pro,Monthly,91.44,1
CUST_008702,2025-07-07,2026-06-30,11,United States,Finance,Enterprise,Business,Annual,256.32,0
CUST_008703,2021-07-02,2026-06-30,59,United States,Retail,Small,Pro,Monthly,95.22,1
CUST_008704,2026-01-29,2026-06-30,4,United Kingdom,Finance,Enterprise,Enterprise,Annual,600.06,1
CUST_008705,2022-12-31,2026-06-30,41,United States,Technology,Mid-Market,Pro,Annual,101.91,1
CUST_008706,2023-03-11,2026-06-30,39,Australia,Manufacturing,Small,Basic,Monthly,46.05,1
CUST_008707,2023-07-14,2026-06-30,35,United States,Technology,Small,Basic,Monthly,46.52,0
CUST_008708,2026-02-27,2026-06-30,4,Canada,Technology,Small,Basic,Monthly,52.98,0
CUST_008709,2023-12-29,2026-06-30,30,India,Professional Services,Small,Basic,Monthly,47.99,0
CUST_008710,2022-01-10,2026-06-30,53,United States,Manufacturing,Small,Enterprise,Annual,629.52,1
CUST_008711,2025-03-28,2026-06-30,15,United States,Manufacturing,Small,Basic,Monthly,55.14,1
CUST_008712,2023-01-06,2026-06-30,41,United Kingdom,Finance,Mid-Market,Basic,Monthly,49.59,1
CUST_008713,2022-03-12,2026-06-30,51,India,Retail,Small,Basic,Monthly,46.89,0
CUST_008714,2021-09-25,2026-06-30,57,United States,Professional Services,Small,Business,Monthly,250.58,1
CUST_008715,2023-11-17,2026-06-30,31,United Kingdom,Finance,Mid-Market,Pro,Annual,98.07,1
CUST_008716,2024-11-14,2026-06-30,19,United States,Technology,Enterprise,Enterprise,Annual,601.01,1
CUST_008717,2022-12-23,2026-06-30,42,United Kingdom,Technology,Enterprise,Business,Annual,257.93,1
CUST_008718,2024-01-10,2026-06-30,29,United States,Professional Services,Enterprise,Enterprise,Annual,623.91,1
CUST_008719,2023-05-02,2026-06-30,37,United Kingdom,Finance,Enterprise,Enterprise,Annual,538.96,1
CUST_008720,2022-10-08,2026-06-30,44,United States,Healthcare,Small,Pro,Monthly,104.89,0
CUST_008721,2022-12-04,2026-06-30,42,United Kingdom,Healthcare,Small,Basic,Monthly,49.67,1
CUST_008722,2025-03-22,2026-06-30,15,United States,Professional Services,Small,Basic,Monthly,47.59,0
CUST_008723,2022-09-13,2026-06-30,45,Germany,Finance,Enterprise,Enterprise,Annual,620.99,1
CUST_008724,2023-10-02,2026-06-30,32,Germany,Healthcare,Small,Basic,Monthly,46.43,1
CUST_008725,2021-11-03,2026-06-30,55,Australia,Professional Services,Mid-Market,Pro,Monthly,94.03,1
CUST_008726,2023-03-05,2026-06-30,39,India,Technology,Small,Basic,Monthly,51.59,0
CUST_008727,2022-01-12,2026-06-30,53,Canada,Retail,Enterprise,Enterprise,Annual,601.01,1
CUST_008728,2021-08-09,2026-06-30,58,Germany,Technology,Small,Pro,Monthly,106.76,1
CUST_008729,2021-07-11,2026-06-30,59,United States,Finance,Enterprise,Enterprise,Annual,578.45,1
CUST_008730,2022-10-03,2026-06-30,44,India,Technology,Enterprise,Enterprise,Annual,607.73,1
CUST_008731,2023-06-24,2026-06-30,36,United Kingdom,Finance,Small,Basic,Monthly,49.95,1
CUST_008732,2025-10-31,2026-06-30,7,Canada,Technology,Mid-Market,Enterprise,Annual,611.16,1
CUST_008733,2024-07-07,2026-06-30,23,Canada,Manufacturing,Small,Basic,Monthly,50.52,0
CUST_008734,2024-01-29,2026-06-30,29,Germany,Healthcare,Small,Basic,Monthly,50.13,1
CUST_008735,2022-07-30,2026-06-30,47,Australia,Healthcare,Small,Pro,Monthly,99.09,0
CUST_008736,2023-07-10,2026-06-30,35,Australia,Retail,Mid-Market,Business,Annual,224.83,1
CUST_008737,2024-04-03,2026-06-30,26,Canada,Professional Services,Small,Basic,Monthly,51.12,0
CUST_008738,2025-09-10,2026-06-30,9,United States,Finance,Mid-Market,Business,Annual,219.45,1
CUST_008739,2022-11-24,2026-06-30,43,India,Technology,Mid-Market,Business,Annual,233.64,1
CUST_008740,2024-04-16,2026-06-30,26,United Kingdom,Technology,Small,Basic,Monthly,47.27,1
CUST_008741,2026-03-28,2026-06-30,3,United Kingdom,Professional Services,Small,Business,Annual,260.24,0
CUST_008742,2025-01-07,2026-06-30,17,United Kingdom,Professional Services,Small,Basic,Annual,48.46,1
CUST_008743,2022-02-03,2026-06-30,52,United Kingdom,Healthcare,Small,Basic,Monthly,53.59,0
CUST_008744,2025-10-30,2026-06-30,7,Germany,Technology,Enterprise,Pro,Annual,92.14,1
CUST_008745,2024-06-01,2026-06-30,24,United Kingdom,Healthcare,Small,Basic,Monthly,46.31,1
CUST_008746,2023-11-24,2026-06-30,31,India,Retail,Mid-Market,Pro,Monthly,87.86,0
CUST_008747,2026-01-01,2026-06-30,5,India,Finance,Enterprise,Business,Annual,234.72,1
CUST_008748,2025-08-07,2026-06-30,10,Canada,Technology,Small,Business,Annual,241.12,1
CUST_008749,2021-10-17,2026-06-30,56,United States,Finance,Mid-Market,Business,Annual,267.24,1
CUST_008750,2023-07-06,2026-06-30,35,United Kingdom,Retail,Enterprise,Business,Monthly,262.02,0
CUST_008751,2025-05-19,2026-06-30,13,United Kingdom,Professional Services,Mid-Market,Business,Annual,251.97,1
CUST_008752,2025-07-31,2026-06-30,10,United Kingdom,Technology,Small,Basic,Monthly,48.24,1
CUST_008753,2024-04-27,2026-06-30,26,India,Professional Services,Mid-Market,Business,Monthly,258.52,1
CUST_008754,2022-11-10,2026-06-30,43,United States,Healthcare,Enterprise,Enterprise,Monthly,637.12,1
CUST_008755,2022-10-28,2026-06-30,44,United States,Retail,Mid-Market,Pro,Annual,95.8,1
CUST_008756,2025-06-15,2026-06-30,12,India,Professional Services,Mid-Market,Business,Annual,242.19,1
CUST_008757,2022-11-06,2026-06-30,43,India,Retail,Mid-Market,Pro,Annual,96.86,1
CUST_008758,2022-01-04,2026-06-30,53,Canada,Technology,Mid-Market,Business,Annual,227.41,1
CUST_008759,2025-04-20,2026-06-30,14,United States,Finance,Small,Basic,Monthly,51.97,1
CUST_008760,2026-04-14,2026-06-30,2,Canada,Manufacturing,Enterprise,Business,Monthly,241.74,0
CUST_008761,2021-09-13,2026-06-30,57,Canada,Retail,Small,Basic,Monthly,48.29,1
CUST_008762,2023-11-07,2026-06-30,31,Canada,Finance,Mid-Market,Pro,Annual,106.21,0
CUST_008763,2022-08-07,2026-06-30,46,United States,Retail,Small,Business,Monthly,242.28,0
CUST_008764,2024-11-03,2026-06-30,19,United States,Finance,Mid-Market,Business,Annual,264.76,0
CUST_008765,2024-12-10,2026-06-30,18,United Kingdom,Technology,Mid-Market,Enterprise,Annual,546.64,1
CUST_008766,2025-04-22,2026-06-30,14,United Kingdom,Professional Services,Mid-Market,Business,Annual,255.99,1
CUST_008767,2025-05-07,2026-06-30,13,United Kingdom,Healthcare,Small,Business,Annual,243.45,1
CUST_008768,2024-02-05,2026-06-30,28,United States,Finance,Mid-Market,Pro,Monthly,91.18,1
CUST_008769,2025-11-23,2026-06-30,7,United States,Healthcare,Small,Pro,Monthly,93.38,0
CUST_008770,2022-04-11,2026-06-30,50,United States,Professional Services,Small,Basic,Annual,49.34,1
CUST_008771,2023-11-26,2026-06-30,31,India,Technology,Small,Pro,Annual,94.25,1
CUST_008772,2021-12-01,2026-06-30,54,United States,Technology,Enterprise,Enterprise,Annual,610.47,0
CUST_008773,2023-12-12,2026-06-30,30,United Kingdom,Finance,Enterprise,Enterprise,Monthly,576.68,0
CUST_008774,2024-12-03,2026-06-30,18,United Kingdom,Technology,Mid-Market,Business,Monthly,228.84,0
CUST_008775,2023-11-19,2026-06-30,31,India,Technology,Mid-Market,Business,Annual,261.07,1
CUST_008776,2025-08-28,2026-06-30,10,United States,Technology,Small,Basic,Monthly,49.72,0
CUST_008777,2022-05-13,2026-06-30,49,Canada,Technology,Small,Basic,Monthly,44.58,1
CUST_008778,2022-11-16,2026-06-30,43,Australia,Retail,Mid-Market,Business,Annual,257.13,0
CUST_008779,2025-09-09,2026-06-30,9,United States,Technology,Mid-Market,Business,Annual,250.52,1
CUST_008780,2023-07-22,2026-06-30,35,United Kingdom,Finance,Mid-Market,Business,Annual,243.63,1
CUST_008781,2023-10-09,2026-06-30,32,United States,Manufacturing,Small,Basic,Monthly,48.04,1
CUST_008782,2025-06-05,2026-06-30,12,India,Technology,Small,Basic,Monthly,52.28,0
CUST_008783,2025-10-24,2026-06-30,8,Germany,Technology,Small,Business,Annual,252.97,1
CUST_008784,2022-09-05,2026-06-30,45,United States,Professional Services,Mid-Market,Business,Annual,266.3,1
CUST_008785,2025-02-12,2026-06-30,16,Australia,Retail,Small,Pro,Monthly,101.36,0
CUST_008786,2023-11-12,2026-06-30,31,Germany,Retail,Small,Basic,Monthly,49.58,0
CUST_008787,2025-03-13,2026-06-30,15,United Kingdom,Healthcare,Mid-Market,Pro,Monthly,95.25,1
CUST_008788,2023-03-16,2026-06-30,39,United States,Professional Services,Small,Basic,Monthly,49.39,0
CUST_008789,2026-03-05,2026-06-30,3,United States,Technology,Small,Basic,Monthly,51.5,1
CUST_008790,2024-08-24,2026-06-30,22,United Kingdom,Technology,Mid-Market,Pro,Monthly,99.4,1
CUST_008791,2023-09-23,2026-06-30,33,Canada,Manufacturing,Small,Basic,Monthly,53.74,1
CUST_008792,2024-04-03,2026-06-30,26,India,Technology,Mid-Market,Pro,Monthly,104.05,1
CUST_008793,2023-05-28,2026-06-30,37,United States,Retail,Enterprise,Pro,Annual,93.07,1
CUST_008794,2025-07-12,2026-06-30,11,United Kingdom,Technology,Small,Pro,Monthly,96.6,0
CUST_008795,2024-03-29,2026-06-30,27,United States,Finance,Small,Basic,Monthly,50.65,1
CUST_008796,2022-09-12,2026-06-30,45,United Kingdom,Retail,Mid-Market,Business,Annual,229.99,1
CUST_008797,2024-10-10,2026-06-30,20,United States,Healthcare,Mid-Market,Enterprise,Annual,595.51,1
CUST_008798,2025-08-23,2026-06-30,10,United States,Retail,Enterprise,Enterprise,Monthly,571.07,1
CUST_008799,2022-04-01,2026-06-30,50,United States,Technology,Small,Pro,Annual,99.2,1
CUST_008800,2022-08-03,2026-06-30,46,United Kingdom,Finance,Enterprise,Business,Annual,237.49,1
CUST_008801,2023-01-26,2026-06-30,41,United States,Manufacturing,Small,Basic,Monthly,51.58,0
CUST_008802,2022-06-29,2026-06-30,48,Australia,Technology,Small,Basic,Monthly,47.75,0
CUST_008803,2022-08-03,2026-06-30,46,United States,Retail,Small,Enterprise,Annual,618.91,1
CUST_008804,2022-09-29,2026-06-30,45,United Kingdom,Healthcare,Small,Business,Annual,230.41,1
CUST_008805,2023-11-29,2026-06-30,31,United Kingdom,Finance,Small,Basic,Monthly,48.25,1
CUST_008806,2026-04-27,2026-06-30,2,United States,Finance,Small,Pro,Monthly,92.67,0
CUST_008807,2023-06-25,2026-06-30,36,United States,Manufacturing,Small,Basic,Monthly,51.92,1
CUST_008808,2025-01-26,2026-06-30,17,United States,Finance,Mid-Market,Business,Monthly,239.36,1
CUST_008809,2022-08-12,2026-06-30,46,United Kingdom,Technology,Small,Basic,Monthly,48.79,1
CUST_008810,2024-02-11,2026-06-30,28,India,Professional Services,Small,Basic,Monthly,49.86,1
CUST_008811,2021-12-19,2026-06-30,54,United States,Technology,Small,Basic,Monthly,47.17,0
CUST_008812,2023-06-27,2026-06-30,36,Germany,Manufacturing,Mid-Market,Business,Annual,234.06,1
CUST_008813,2023-09-16,2026-06-30,33,Germany,Technology,Enterprise,Business,Annual,251.31,1
CUST_008814,2021-11-23,2026-06-30,55,United Kingdom,Finance,Small,Basic,Annual,44.27,1
CUST_008815,2024-01-30,2026-06-30,28,Canada,Healthcare,Enterprise,Business,Annual,265.71,1
CUST_008816,2024-07-26,2026-06-30,23,India,Technology,Mid-Market,Business,Monthly,247.3,0
CUST_008817,2024-08-03,2026-06-30,22,Canada,Manufacturing,Enterprise,Business,Annual,230.65,0
CUST_008818,2022-02-11,2026-06-30,52,Australia,Finance,Small,Basic,Monthly,48.35,0
CUST_008819,2022-09-12,2026-06-30,45,United States,Healthcare,Small,Basic,Monthly,50.42,1
CUST_008820,2025-08-11,2026-06-30,10,Australia,Manufacturing,Mid-Market,Pro,Monthly,94.96,1
CUST_008821,2023-12-29,2026-06-30,30,India,Retail,Mid-Market,Pro,Annual,89.39,1
CUST_008822,2024-08-03,2026-06-30,22,India,Healthcare,Enterprise,Business,Annual,247.46,1
CUST_008823,2023-03-28,2026-06-30,39,United States,Finance,Enterprise,Enterprise,Annual,621.8,1
CUST_008824,2026-02-27,2026-06-30,4,Australia,Technology,Small,Basic,Monthly,49.57,0
CUST_008825,2022-11-27,2026-06-30,43,United States,Professional Services,Mid-Market,Pro,Annual,100.99,1
CUST_008826,2022-10-07,2026-06-30,44,Germany,Retail,Small,Basic,Annual,51.34,1
CUST_008827,2025-04-20,2026-06-30,14,United States,Retail,Mid-Market,Business,Annual,268.71,0
CUST_008828,2025-09-03,2026-06-30,9,United Kingdom,Healthcare,Mid-Market,Business,Monthly,215.47,0
CUST_008829,2023-05-01,2026-06-30,37,Canada,Finance,Mid-Market,Basic,Monthly,45.75,1
CUST_008830,2025-02-24,2026-06-30,16,United States,Technology,Small,Basic,Monthly,49.41,1
CUST_008831,2021-10-14,2026-06-30,56,United States,Technology,Enterprise,Enterprise,Annual,607.3,1
CUST_008832,2022-08-09,2026-06-30,46,United States,Healthcare,Small,Basic,Monthly,45.21,1
CUST_008833,2021-09-20,2026-06-30,57,Canada,Technology,Small,Basic,Monthly,47.08,1
CUST_008834,2023-10-15,2026-06-30,32,Australia,Technology,Small,Basic,Annual,53.22,1
CUST_008835,2021-10-20,2026-06-30,56,Germany,Healthcare,Small,Business,Annual,244.59,1
CUST_008836,2026-05-06,2026-06-30,1,Australia,Healthcare,Small,Basic,Monthly,49.52,0
CUST_008837,2024-12-27,2026-06-30,18,Australia,Healthcare,Small,Basic,Monthly,53.39,1
CUST_008838,2026-05-27,2026-06-30,1,United States,Manufacturing,Small,Basic,Monthly,49.23,0
CUST_008839,2023-01-31,2026-06-30,40,Canada,Retail,Small,Basic,Monthly,50.93,1
CUST_008840,2023-11-27,2026-06-30,31,Canada,Technology,Small,Basic,Monthly,50.4,1
CUST_008841,2024-12-31,2026-06-30,17,United States,Manufacturing,Enterprise,Enterprise,Annual,588.94,1
CUST_008842,2024-11-30,2026-06-30,18,United Kingdom,Healthcare,Small,Basic,Monthly,48.04,1
CUST_008843,2023-04-02,2026-06-30,38,Germany,Healthcare,Small,Pro,Monthly,104.85,1
CUST_008844,2025-07-12,2026-06-30,11,United Kingdom,Professional Services,Mid-Market,Business,Annual,248.9,1
CUST_008845,2023-11-20,2026-06-30,31,Germany,Technology,Mid-Market,Pro,Annual,94.01,1
CUST_008846,2023-05-26,2026-06-30,37,United States,Retail,Small,Basic,Annual,51.65,1
CUST_008847,2025-03-27,2026-06-30,15,Germany,Finance,Small,Basic,Monthly,42.01,1
CUST_008848,2025-04-16,2026-06-30,14,United States,Technology,Mid-Market,Business,Annual,268.65,1
CUST_008849,2024-09-03,2026-06-30,21,India,Healthcare,Small,Basic,Annual,48.54,1
CUST_008850,2023-07-03,2026-06-30,35,United States,Finance,Small,Basic,Monthly,49.02,0
CUST_008851,2025-03-01,2026-06-30,15,Canada,Technology,Enterprise,Pro,Annual,99.41,1
CUST_008852,2024-07-20,2026-06-30,23,Canada,Healthcare,Small,Basic,Monthly,52.26,1
CUST_008853,2023-09-29,2026-06-30,33,United States,Finance,Small,Basic,Annual,49.43,1
CUST_008854,2025-06-30,2026-06-30,11,United States,Healthcare,Small,Basic,Monthly,48.94,1
CUST_008855,2023-08-14,2026-06-30,34,United States,Technology,Mid-Market,Business,Annual,237.14,1
CUST_008856,2025-09-26,2026-06-30,9,United Kingdom,Healthcare,Small,Business,Monthly,240.12,0
CUST_008857,2025-09-18,2026-06-30,9,India,Healthcare,Small,Business,Monthly,256.99,0
CUST_008858,2025-04-01,2026-06-30,14,United States,Healthcare,Small,Basic,Monthly,49.55,1
CUST_008859,2025-01-02,2026-06-30,17,Canada,Manufacturing,Small,Basic,Monthly,53.13,0
CUST_008860,2026-04-08,2026-06-30,2,India,Professional Services,Small,Basic,Monthly,47.0,1
CUST_008861,2021-09-08,2026-06-30,57,Canada,Technology,Small,Basic,Monthly,46.17,0
CUST_008862,2024-11-24,2026-06-30,19,Australia,Finance,Small,Business,Monthly,252.73,1
CUST_008863,2022-06-17,2026-06-30,48,Canada,Professional Services,Small,Pro,Annual,98.58,0
CUST_008864,2021-12-24,2026-06-30,54,Canada,Retail,Enterprise,Business,Annual,234.08,1
CUST_008865,2022-06-24,2026-06-30,48,United States,Professional Services,Mid-Market,Business,Monthly,242.54,0
CUST_008866,2022-04-30,2026-06-30,50,United States,Manufacturing,Small,Basic,Monthly,50.73,0
CUST_008867,2025-12-03,2026-06-30,6,United Kingdom,Manufacturing,Small,Pro,Annual,92.46,1
CUST_008868,2024-08-02,2026-06-30,22,Australia,Technology,Mid-Market,Pro,Monthly,93.37,1
CUST_008869,2022-09-30,2026-06-30,44,United States,Finance,Mid-Market,Business,Annual,239.93,0
CUST_008870,2023-08-02,2026-06-30,34,India,Retail,Small,Business,Annual,240.19,1
CUST_008871,2026-05-21,2026-06-30,1,United States,Healthcare,Small,Basic,Annual,50.94,1
CUST_008872,2023-08-17,2026-06-30,34,Canada,Manufacturing,Small,Basic,Monthly,47.64,0
CUST_008873,2022-06-17,2026-06-30,48,India,Professional Services,Small,Basic,Monthly,53.0,1
CUST_008874,2022-05-05,2026-06-30,49,India,Technology,Small,Pro,Annual,93.84,1
CUST_008875,2024-07-11,2026-06-30,23,United Kingdom,Healthcare,Small,Basic,Monthly,49.89,0
CUST_008876,2025-04-02,2026-06-30,14,United States,Professional Services,Mid-Market,Enterprise,Annual,597.8,1
CUST_008877,2024-11-22,2026-06-30,19,United States,Professional Services,Small,Pro,Annual,99.02,1
CUST_008878,2024-12-15,2026-06-30,18,United States,Manufacturing,Small,Basic,Monthly,42.97,1
CUST_008879,2024-09-16,2026-06-30,21,Australia,Retail,Small,Basic,Monthly,46.31,1
CUST_008880,2024-12-06,2026-06-30,18,United States,Professional Services,Mid-Market,Business,Monthly,246.92,0
CUST_008881,2024-03-02,2026-06-30,27,Germany,Finance,Small,Basic,Monthly,44.17,1
CUST_008882,2026-03-19,2026-06-30,3,United States,Technology,Mid-Market,Pro,Monthly,84.53,1
CUST_008883,2025-01-23,2026-06-30,17,Canada,Technology,Mid-Market,Business,Annual,233.63,1
CUST_008884,2024-11-13,2026-06-30,19,United States,Healthcare,Small,Basic,Monthly,49.83,1
CUST_008885,2025-08-29,2026-06-30,10,Canada,Manufacturing,Small,Basic,Annual,50.17,1
CUST_008886,2022-02-06,2026-06-30,52,United Kingdom,Healthcare,Enterprise,Business,Annual,233.77,1
CUST_008887,2023-02-04,2026-06-30,40,India,Retail,Enterprise,Business,Annual,246.49,1
CUST_008888,2021-12-06,2026-06-30,54,India,Finance,Small,Basic,Monthly,50.04,1
CUST_008889,2023-08-27,2026-06-30,34,Germany,Manufacturing,Mid-Market,Business,Monthly,265.5,1
CUST_008890,2025-11-16,2026-06-30,7,United States,Technology,Small,Basic,Monthly,52.15,1
CUST_008891,2021-12-20,2026-06-30,54,India,Healthcare,Small,Basic,Monthly,51.23,0
CUST_008892,2024-02-29,2026-06-30,27,India,Technology,Small,Business,Annual,242.29,1
CUST_008893,2023-01-19,2026-06-30,41,India,Healthcare,Mid-Market,Enterprise,Annual,597.52,1
CUST_008894,2024-07-16,2026-06-30,23,Canada,Healthcare,Enterprise,Pro,Annual,99.35,1
CUST_008895,2023-12-26,2026-06-30,30,United States,Retail,Mid-Market,Business,Annual,246.3,1
CUST_008896,2024-01-04,2026-06-30,29,Germany,Healthcare,Mid-Market,Pro,Annual,92.19,0
CUST_008897,2025-01-05,2026-06-30,17,United States,Professional Services,Small,Pro,Annual,106.13,1
CUST_008898,2023-09-09,2026-06-30,33,United States,Professional Services,Enterprise,Business,Annual,254.39,1
CUST_008899,2022-10-22,2026-06-30,44,United States,Finance,Small,Basic,Monthly,51.13,0
CUST_008900,2026-04-25,2026-06-30,2,United Kingdom,Technology,Enterprise,Enterprise,Annual,618.78,1
CUST_008901,2025-10-09,2026-06-30,8,United States,Technology,Small,Basic,Annual,47.94,0
CUST_008902,2022-04-11,2026-06-30,50,Germany,Technology,Small,Basic,Annual,45.33,1
CUST_008903,2023-08-13,2026-06-30,34,United Kingdom,Technology,Mid-Market,Business,Monthly,258.35,1
CUST_008904,2021-08-18,2026-06-30,58,Canada,Professional Services,Small,Basic,Annual,50.68,1
CUST_008905,2023-06-11,2026-06-30,36,United States,Professional Services,Small,Basic,Monthly,49.71,1
CUST_008906,2023-03-16,2026-06-30,39,India,Technology,Mid-Market,Pro,Annual,109.65,1
CUST_008907,2021-12-30,2026-06-30,53,Canada,Manufacturing,Mid-Market,Business,Annual,241.95,1
CUST_008908,2023-03-03,2026-06-30,39,Canada,Professional Services,Small,Pro,Monthly,97.44,1
CUST_008909,2024-10-17,2026-06-30,20,Canada,Finance,Small,Basic,Annual,49.51,1
CUST_008910,2023-10-27,2026-06-30,32,United States,Professional Services,Mid-Market,Business,Monthly,242.81,1
CUST_008911,2025-04-04,2026-06-30,14,Germany,Professional Services,Small,Basic,Annual,48.42,1
CUST_008912,2024-10-08,2026-06-30,20,United States,Professional Services,Small,Basic,Monthly,51.53,1
CUST_008913,2023-01-26,2026-06-30,41,India,Manufacturing,Mid-Market,Basic,Monthly,47.41,1
CUST_008914,2025-09-06,2026-06-30,9,United States,Finance,Enterprise,Business,Annual,241.79,1
CUST_008915,2023-02-10,2026-06-30,40,India,Technology,Small,Pro,Monthly,101.86,1
CUST_008916,2023-07-18,2026-06-30,35,United Kingdom,Professional Services,Mid-Market,Business,Annual,232.57,1
CUST_008917,2024-11-24,2026-06-30,19,United States,Finance,Small,Basic,Monthly,48.8,0
CUST_008918,2026-03-12,2026-06-30,3,United Kingdom,Healthcare,Mid-Market,Pro,Monthly,98.33,1
CUST_008919,2022-12-14,2026-06-30,42,United States,Finance,Mid-Market,Business,Monthly,256.8,1
CUST_008920,2022-05-13,2026-06-30,49,India,Healthcare,Small,Basic,Monthly,50.97,1
CUST_008921,2022-10-29,2026-06-30,44,Germany,Technology,Small,Basic,Monthly,48.61,1
CUST_008922,2024-05-06,2026-06-30,25,Canada,Manufacturing,Enterprise,Enterprise,Annual,596.43,1
CUST_008923,2023-03-15,2026-06-30,39,Canada,Healthcare,Mid-Market,Pro,Annual,98.83,1
CUST_008924,2024-05-17,2026-06-30,25,India,Healthcare,Mid-Market,Basic,Monthly,48.25,1
CUST_008925,2024-08-26,2026-06-30,22,United Kingdom,Finance,Small,Business,Monthly,265.09,1
CUST_008926,2024-10-21,2026-06-30,20,Canada,Retail,Small,Basic,Monthly,50.23,0
CUST_008927,2025-05-18,2026-06-30,13,United States,Manufacturing,Small,Basic,Monthly,52.1,0
CUST_008928,2021-08-26,2026-06-30,58,United States,Professional Services,Small,Basic,Monthly,46.85,1
CUST_008929,2023-02-21,2026-06-30,40,Germany,Professional Services,Small,Pro,Monthly,105.19,0
CUST_008930,2025-07-22,2026-06-30,11,United Kingdom,Healthcare,Small,Pro,Annual,99.59,1
CUST_008931,2022-03-01,2026-06-30,51,Australia,Professional Services,Mid-Market,Business,Monthly,257.52,0
CUST_008932,2025-09-02,2026-06-30,9,United Kingdom,Healthcare,Small,Basic,Monthly,44.32,1
CUST_008933,2023-07-01,2026-06-30,35,United Kingdom,Retail,Mid-Market,Business,Annual,269.25,1
CUST_008934,2025-08-07,2026-06-30,10,Canada,Retail,Small,Basic,Monthly,50.08,0
CUST_008935,2024-08-21,2026-06-30,22,Germany,Finance,Small,Basic,Monthly,53.57,1
CUST_008936,2023-03-06,2026-06-30,39,Canada,Healthcare,Small,Basic,Monthly,51.72,0
CUST_008937,2021-07-03,2026-06-30,59,India,Retail,Mid-Market,Business,Annual,223.51,1
CUST_008938,2021-07-16,2026-06-30,59,United States,Finance,Mid-Market,Business,Monthly,267.94,1
CUST_008939,2022-01-05,2026-06-30,53,Germany,Manufacturing,Small,Business,Monthly,251.33,0
CUST_008940,2025-04-04,2026-06-30,14,India,Finance,Enterprise,Enterprise,Annual,618.23,1
CUST_008941,2025-12-15,2026-06-30,6,Germany,Retail,Small,Pro,Monthly,101.68,1
CUST_008942,2021-12-18,2026-06-30,54,United States,Professional Services,Small,Business,Annual,247.77,1
CUST_008943,2021-11-16,2026-06-30,55,Germany,Technology,Mid-Market,Pro,Annual,97.0,1
CUST_008944,2025-01-16,2026-06-30,17,United States,Technology,Small,Basic,Monthly,50.73,0
CUST_008945,2026-04-27,2026-06-30,2,United States,Retail,Mid-Market,Business,Monthly,238.64,0
CUST_008946,2023-03-26,2026-06-30,39,Australia,Technology,Enterprise,Enterprise,Annual,599.85,1
CUST_008947,2026-01-15,2026-06-30,5,Australia,Technology,Mid-Market,Business,Monthly,266.45,1
CUST_008948,2026-03-20,2026-06-30,3,United States,Manufacturing,Small,Basic,Monthly,46.01,1
CUST_008949,2021-10-22,2026-06-30,56,India,Technology,Small,Business,Monthly,246.52,1
CUST_008950,2023-12-24,2026-06-30,30,Canada,Retail,Enterprise,Business,Annual,263.54,1
CUST_008951,2025-11-11,2026-06-30,7,India,Technology,Small,Pro,Monthly,94.95,1
CUST_008952,2023-03-14,2026-06-30,39,Australia,Technology,Small,Basic,Monthly,44.33,0
CUST_008953,2024-08-07,2026-06-30,22,India,Finance,Enterprise,Pro,Monthly,89.19,0
CUST_008954,2023-10-12,2026-06-30,32,Australia,Professional Services,Mid-Market,Pro,Monthly,96.67,1
CUST_008955,2021-12-30,2026-06-30,53,India,Healthcare,Small,Basic,Monthly,53.13,1
CUST_008956,2025-03-31,2026-06-30,14,United Kingdom,Finance,Mid-Market,Pro,Monthly,95.22,1
CUST_008957,2023-03-28,2026-06-30,39,United States,Healthcare,Small,Basic,Monthly,48.29,1
CUST_008958,2022-05-05,2026-06-30,49,United States,Retail,Enterprise,Enterprise,Annual,600.59,1
CUST_008959,2024-05-01,2026-06-30,25,Germany,Retail,Mid-Market,Business,Annual,262.77,1
CUST_008960,2021-08-24,2026-06-30,58,United States,Finance,Small,Basic,Annual,51.1,1
CUST_008961,2024-03-18,2026-06-30,27,India,Technology,Small,Basic,Monthly,48.62,1
CUST_008962,2024-02-27,2026-06-30,28,United States,Healthcare,Small,Pro,Annual,101.97,1
CUST_008963,2022-01-25,2026-06-30,53,India,Retail,Small,Pro,Annual,104.25,1
CUST_008964,2023-04-16,2026-06-30,38,Canada,Manufacturing,Mid-Market,Business,Annual,228.51,1
CUST_008965,2022-02-22,2026-06-30,52,Australia,Retail,Small,Pro,Monthly,97.13,1
CUST_008966,2022-07-13,2026-06-30,47,India,Retail,Enterprise,Enterprise,Monthly,563.04,0
CUST_008967,2022-11-30,2026-06-30,42,Canada,Healthcare,Small,Basic,Monthly,47.22,0
CUST_008968,2025-03-24,2026-06-30,15,Germany,Retail,Small,Basic,Monthly,50.59,1
CUST_008969,2024-06-15,2026-06-30,24,United States,Retail,Mid-Market,Pro,Monthly,93.06,1
CUST_008970,2022-03-02,2026-06-30,51,Australia,Technology,Mid-Market,Business,Annual,277.75,1
CUST_008971,2023-05-22,2026-06-30,37,Australia,Professional Services,Small,Business,Annual,257.2,1
CUST_008972,2025-01-14,2026-06-30,17,United States,Finance,Small,Basic,Monthly,47.57,0
CUST_008973,2024-10-21,2026-06-30,20,United States,Retail,Small,Basic,Monthly,48.68,0
CUST_008974,2022-08-08,2026-06-30,46,Canada,Retail,Mid-Market,Pro,Annual,92.62,1
CUST_008975,2025-07-16,2026-06-30,11,United States,Professional Services,Enterprise,Enterprise,Annual,554.84,1
CUST_008976,2025-11-11,2026-06-30,7,Australia,Technology,Mid-Market,Business,Monthly,244.2,0
CUST_008977,2022-08-27,2026-06-30,46,United States,Professional Services,Mid-Market,Business,Annual,265.29,1
CUST_008978,2024-12-30,2026-06-30,17,India,Technology,Mid-Market,Enterprise,Annual,556.86,1
CUST_008979,2022-08-27,2026-06-30,46,India,Technology,Mid-Market,Business,Annual,264.35,1
CUST_008980,2023-10-17,2026-06-30,32,India,Professional Services,Mid-Market,Business,Monthly,246.69,0
CUST_008981,2021-07-05,2026-06-30,59,United Kingdom,Finance,Small,Pro,Annual,100.18,1
CUST_008982,2023-11-01,2026-06-30,31,United States,Retail,Small,Pro,Annual,99.36,1
CUST_008983,2022-02-24,2026-06-30,52,Australia,Healthcare,Enterprise,Enterprise,Annual,622.19,1
CUST_008984,2022-03-27,2026-06-30,51,Germany,Professional Services,Enterprise,Business,Monthly,262.67,0
CUST_008985,2025-05-16,2026-06-30,13,India,Manufacturing,Mid-Market,Pro,Annual,97.94,1
CUST_008986,2021-07-08,2026-06-30,59,United States,Finance,Small,Basic,Monthly,50.25,1
CUST_008987,2022-10-01,2026-06-30,44,United States,Manufacturing,Mid-Market,Business,Annual,265.19,1
CUST_008988,2025-11-20,2026-06-30,7,India,Technology,Small,Basic,Monthly,50.99,1
CUST_008989,2026-05-21,2026-06-30,1,Australia,Retail,Small,Pro,Monthly,96.95,1
CUST_008990,2025-01-29,2026-06-30,16,United States,Manufacturing,Small,Basic,Monthly,48.52,1
CUST_008991,2026-05-02,2026-06-30,1,Germany,Manufacturing,Mid-Market,Business,Annual,236.72,1
CUST_008992,2024-08-28,2026-06-30,22,United States,Retail,Small,Pro,Annual,108.0,1
CUST_008993,2021-07-08,2026-06-30,59,United Kingdom,Professional Services,Mid-Market,Pro,Monthly,100.52,1
CUST_008994,2024-01-23,2026-06-30,29,United States,Retail,Mid-Market,Pro,Annual,92.05,1
CUST_008995,2026-04-19,2026-06-30,2,United States,Professional Services,Small,Pro,Monthly,94.84,0
CUST_008996,2023-12-27,2026-06-30,30,United States,Technology,Small,Business,Annual,247.09,1
CUST_008997,2025-05-03,2026-06-30,13,United States,Finance,Mid-Market,Basic,Annual,52.29,1
CUST_008998,2022-03-17,2026-06-30,51,Canada,Manufacturing,Enterprise,Business,Annual,246.62,1
CUST_008999,2025-12-20,2026-06-30,6,United States,Finance,Enterprise,Enterprise,Annual,617.09,1
CUST_009000,2022-08-17,2026-06-30,46,Canada,Healthcare,Small,Basic,Monthly,47.25,1
CUST_009001,2024-03-22,2026-06-30,27,United Kingdom,Manufacturing,Mid-Market,Basic,Monthly,50.58,0
CUST_009002,2026-04-28,2026-06-30,2,Germany,Healthcare,Mid-Market,Business,Annual,265.2,1
CUST_009003,2023-02-08,2026-06-30,40,Germany,Technology,Small,Pro,Monthly,102.91,0
CUST_009004,2024-03-06,2026-06-30,27,United States,Technology,Mid-Market,Pro,Monthly,86.84,0
CUST_009005,2022-08-16,2026-06-30,46,United States,Finance,Small,Business,Annual,247.1,1
CUST_009006,2023-05-18,2026-06-30,37,Australia,Finance,Mid-Market,Business,Annual,235.83,1
CUST_009007,2022-07-18,2026-06-30,47,India,Technology,Small,Basic,Monthly,50.64,1
CUST_009008,2024-02-25,2026-06-30,28,India,Professional Services,Small,Basic,Monthly,49.17,0
CUST_009009,2026-05-17,2026-06-30,1,India,Finance,Small,Pro,Monthly,107.47,0
CUST_009010,2025-10-09,2026-06-30,8,United Kingdom,Manufacturing,Small,Pro,Monthly,97.35,1
CUST_009011,2024-02-28,2026-06-30,28,India,Professional Services,Small,Basic,Monthly,49.18,0
CUST_009012,2024-06-17,2026-06-30,24,Canada,Finance,Small,Basic,Monthly,48.7,0
CUST_009013,2022-07-06,2026-06-30,47,Australia,Professional Services,Small,Basic,Monthly,50.76,1
CUST_009014,2024-05-23,2026-06-30,25,India,Technology,Small,Pro,Annual,94.19,1
CUST_009015,2022-03-09,2026-06-30,51,Australia,Retail,Small,Basic,Monthly,46.55,1
CUST_009016,2025-06-29,2026-06-30,12,Canada,Professional Services,Small,Pro,Annual,96.21,1
CUST_009017,2024-07-10,2026-06-30,23,United States,Manufacturing,Enterprise,Business,Monthly,256.28,1
CUST_009018,2022-09-12,2026-06-30,45,United States,Technology,Small,Basic,Monthly,51.55,0
CUST_009019,2025-10-21,2026-06-30,8,United States,Finance,Mid-Market,Basic,Monthly,48.77,1
CUST_009020,2024-11-01,2026-06-30,19,Australia,Finance,Small,Pro,Monthly,101.93,1
CUST_009021,2022-09-20,2026-06-30,45,Germany,Professional Services,Small,Basic,Annual,50.24,1
CUST_009022,2023-07-09,2026-06-30,35,United States,Technology,Enterprise,Business,Annual,248.28,1
CUST_009023,2022-08-04,2026-06-30,46,Germany,Healthcare,Mid-Market,Business,Monthly,247.99,0
CUST_009024,2023-11-18,2026-06-30,31,United States,Finance,Mid-Market,Business,Annual,258.49,1
CUST_009025,2022-03-11,2026-06-30,51,United Kingdom,Finance,Small,Pro,Monthly,108.48,1
CUST_009026,2022-02-07,2026-06-30,52,United States,Healthcare,Small,Basic,Monthly,51.42,1
CUST_009027,2021-08-16,2026-06-30,58,United Kingdom,Finance,Small,Basic,Monthly,51.95,0
CUST_009028,2025-10-24,2026-06-30,8,Germany,Retail,Small,Pro,Monthly,109.09,1
CUST_009029,2023-07-05,2026-06-30,35,Germany,Healthcare,Enterprise,Enterprise,Annual,578.09,1
CUST_009030,2025-11-07,2026-06-30,7,Germany,Healthcare,Small,Basic,Monthly,50.72,0
CUST_009031,2025-04-16,2026-06-30,14,United States,Healthcare,Small,Basic,Annual,52.57,1
CUST_009032,2024-12-08,2026-06-30,18,Germany,Finance,Small,Pro,Monthly,103.65,1
CUST_009033,2023-03-29,2026-06-30,39,United States,Manufacturing,Small,Business,Annual,241.54,1
CUST_009034,2024-04-17,2026-06-30,26,Canada,Healthcare,Small,Basic,Monthly,47.05,0
CUST_009035,2022-03-01,2026-06-30,51,United Kingdom,Healthcare,Small,Basic,Monthly,53.0,1
CUST_009036,2024-12-12,2026-06-30,18,Germany,Technology,Enterprise,Pro,Monthly,101.06,1
CUST_009037,2023-05-20,2026-06-30,37,India,Technology,Mid-Market,Pro,Monthly,100.51,0
CUST_009038,2022-08-31,2026-06-30,45,United States,Manufacturing,Small,Basic,Monthly,49.05,0
CUST_009039,2021-08-06,2026-06-30,58,Australia,Professional Services,Small,Basic,Monthly,52.7,1
CUST_009040,2025-03-17,2026-06-30,15,United States,Technology,Mid-Market,Business,Annual,261.13,1
CUST_009041,2022-10-23,2026-06-30,44,United Kingdom,Finance,Small,Basic,Monthly,48.54,1
CUST_009042,2025-12-30,2026-06-30,5,Australia,Finance,Enterprise,Business,Annual,260.35,1
CUST_009043,2023-09-29,2026-06-30,33,Germany,Retail,Mid-Market,Enterprise,Annual,604.34,1
CUST_009044,2024-05-19,2026-06-30,25,India,Technology,Small,Basic,Monthly,51.14,0
CUST_009045,2021-09-14,2026-06-30,57,Australia,Professional Services,Mid-Market,Enterprise,Annual,639.62,1
CUST_009046,2022-08-12,2026-06-30,46,United States,Technology,Small,Basic,Monthly,52.03,1
CUST_009047,2021-11-09,2026-06-30,55,India,Professional Services,Small,Basic,Annual,44.77,1
CUST_009048,2022-03-27,2026-06-30,51,India,Technology,Mid-Market,Business,Annual,255.4,1
CUST_009049,2024-05-24,2026-06-30,25,Canada,Finance,Small,Business,Monthly,267.4,1
CUST_009050,2022-10-23,2026-06-30,44,United States,Finance,Small,Pro,Annual,95.44,0
CUST_009051,2026-04-07,2026-06-30,2,United States,Finance,Enterprise,Business,Annual,273.77,1
CUST_009052,2023-09-03,2026-06-30,33,Australia,Professional Services,Mid-Market,Basic,Monthly,50.52,0
CUST_009053,2026-03-08,2026-06-30,3,India,Healthcare,Small,Basic,Annual,51.35,1
CUST_009054,2022-11-09,2026-06-30,43,Australia,Technology,Enterprise,Pro,Annual,103.74,1
CUST_009055,2021-08-30,2026-06-30,57,United States,Professional Services,Small,Basic,Annual,45.71,1
CUST_009056,2023-01-24,2026-06-30,41,United States,Technology,Mid-Market,Enterprise,Annual,628.81,1
CUST_009057,2022-04-15,2026-06-30,50,Canada,Technology,Small,Pro,Monthly,101.44,1
CUST_009058,2025-04-06,2026-06-30,14,United States,Technology,Small,Pro,Monthly,96.78,0
CUST_009059,2021-07-12,2026-06-30,59,United States,Healthcare,Mid-Market,Business,Annual,269.21,1
CUST_009060,2023-09-16,2026-06-30,33,United States,Professional Services,Small,Basic,Monthly,44.36,1
CUST_009061,2023-02-06,2026-06-30,40,United States,Technology,Enterprise,Business,Annual,241.37,1
CUST_009062,2022-08-17,2026-06-30,46,United States,Manufacturing,Small,Pro,Monthly,106.19,1
CUST_009063,2023-04-09,2026-06-30,38,Germany,Finance,Enterprise,Business,Annual,261.56,1
CUST_009064,2024-11-08,2026-06-30,19,United States,Technology,Small,Basic,Monthly,47.68,0
CUST_009065,2023-05-30,2026-06-30,37,Canada,Manufacturing,Small,Basic,Monthly,47.26,0
CUST_009066,2023-03-15,2026-06-30,39,United Kingdom,Manufacturing,Small,Basic,Monthly,48.6,1
CUST_009067,2022-03-15,2026-06-30,51,India,Retail,Small,Basic,Monthly,49.96,1
CUST_009068,2024-01-18,2026-06-30,29,Germany,Technology,Mid-Market,Pro,Monthly,97.3,0
CUST_009069,2023-12-13,2026-06-30,30,United Kingdom,Technology,Mid-Market,Business,Monthly,249.17,1
CUST_009070,2023-12-10,2026-06-30,30,Germany,Manufacturing,Mid-Market,Business,Annual,251.4,1
CUST_009071,2025-11-07,2026-06-30,7,Germany,Retail,Small,Pro,Monthly,97.9,0
CUST_009072,2025-12-21,2026-06-30,6,Germany,Healthcare,Small,Pro,Monthly,97.38,0
CUST_009073,2026-04-25,2026-06-30,2,Canada,Technology,Small,Basic,Monthly,46.43,0
CUST_009074,2023-02-21,2026-06-30,40,United Kingdom,Manufacturing,Mid-Market,Pro,Monthly,99.5,1
CUST_009075,2024-05-10,2026-06-30,25,Canada,Technology,Enterprise,Enterprise,Annual,601.42,1
CUST_009076,2022-02-28,2026-06-30,52,United States,Retail,Small,Basic,Annual,47.02,1
CUST_009077,2022-12-18,2026-06-30,42,United States,Retail,Small,Pro,Monthly,101.03,1
CUST_009078,2025-09-20,2026-06-30,9,United States,Technology,Small,Pro,Monthly,105.46,1
CUST_009079,2025-12-03,2026-06-30,6,Canada,Healthcare,Small,Basic,Monthly,49.47,1
CUST_009080,2024-08-12,2026-06-30,22,United Kingdom,Healthcare,Mid-Market,Pro,Annual,101.75,1
CUST_009081,2021-11-20,2026-06-30,55,Canada,Retail,Small,Basic,Monthly,51.73,1
CUST_009082,2026-03-05,2026-06-30,3,United States,Professional Services,Mid-Market,Basic,Monthly,49.23,1
CUST_009083,2025-06-29,2026-06-30,12,United States,Healthcare,Small,Basic,Monthly,51.5,0
CUST_009084,2026-04-08,2026-06-30,2,United States,Technology,Small,Business,Annual,221.9,1
CUST_009085,2024-05-19,2026-06-30,25,Germany,Finance,Small,Basic,Monthly,47.57,0
CUST_009086,2021-07-20,2026-06-30,59,United States,Retail,Small,Business,Monthly,236.85,1
CUST_009087,2023-01-20,2026-06-30,41,United States,Finance,Mid-Market,Business,Monthly,268.12,1
CUST_009088,2023-12-28,2026-06-30,30,United States,Manufacturing,Enterprise,Business,Annual,258.43,1
CUST_009089,2025-09-14,2026-06-30,9,Canada,Technology,Small,Basic,Monthly,46.35,1
CUST_009090,2024-08-31,2026-06-30,21,United States,Technology,Small,Basic,Monthly,46.92,0
CUST_009091,2023-11-02,2026-06-30,31,Canada,Technology,Mid-Market,Business,Annual,233.49,1
CUST_009092,2025-01-23,2026-06-30,17,United Kingdom,Professional Services,Mid-Market,Business,Annual,254.63,1
CUST_009093,2022-12-13,2026-06-30,42,India,Retail,Mid-Market,Pro,Monthly,100.58,0
CUST_009094,2021-08-06,2026-06-30,58,United Kingdom,Healthcare,Small,Basic,Monthly,48.27,0
CUST_009095,2025-05-27,2026-06-30,13,United States,Finance,Mid-Market,Basic,Monthly,47.16,0
CUST_009096,2025-03-05,2026-06-30,15,United States,Professional Services,Small,Basic,Monthly,49.23,0
CUST_009097,2025-10-17,2026-06-30,8,Australia,Professional Services,Small,Pro,Annual,112.37,1
CUST_009098,2022-11-06,2026-06-30,43,United States,Finance,Enterprise,Enterprise,Annual,591.24,1
CUST_009099,2024-02-23,2026-06-30,28,India,Manufacturing,Small,Basic,Annual,52.11,1
CUST_009100,2025-01-07,2026-06-30,17,United Kingdom,Professional Services,Small,Pro,Monthly,98.13,1
CUST_009101,2025-05-03,2026-06-30,13,United States,Finance,Small,Basic,Annual,51.68,1
CUST_009102,2026-01-25,2026-06-30,5,United States,Finance,Small,Pro,Monthly,102.6,0
CUST_009103,2024-01-28,2026-06-30,29,India,Healthcare,Enterprise,Enterprise,Annual,601.7,1
CUST_009104,2023-01-21,2026-06-30,41,India,Healthcare,Small,Pro,Monthly,102.77,1
CUST_009105,2025-04-05,2026-06-30,14,India,Manufacturing,Small,Basic,Monthly,52.24,0
CUST_009106,2026-05-29,2026-06-30,1,United States,Healthcare,Mid-Market,Business,Annual,251.37,1
CUST_009107,2024-02-02,2026-06-30,28,Germany,Technology,Small,Pro,Annual,98.71,1
CUST_009108,2023-02-04,2026-06-30,40,United States,Finance,Small,Basic,Monthly,50.93,1
CUST_009109,2024-09-19,2026-06-30,21,United States,Retail,Small,Basic,Monthly,53.3,0
CUST_009110,2025-03-08,2026-06-30,15,Germany,Technology,Small,Pro,Annual,92.72,0
CUST_009111,2025-08-28,2026-06-30,10,India,Finance,Small,Basic,Monthly,46.19,0
CUST_009112,2022-09-30,2026-06-30,44,Canada,Technology,Mid-Market,Business,Annual,268.13,1
CUST_009113,2022-03-07,2026-06-30,51,Canada,Professional Services,Small,Basic,Annual,47.97,1
CUST_009114,2022-08-19,2026-06-30,46,United States,Technology,Mid-Market,Pro,Monthly,105.77,1
CUST_009115,2023-11-13,2026-06-30,31,Canada,Technology,Enterprise,Enterprise,Annual,582.48,1
CUST_009116,2022-11-09,2026-06-30,43,United States,Manufacturing,Small,Basic,Monthly,48.15,1
CUST_009117,2024-06-18,2026-06-30,24,India,Technology,Small,Basic,Annual,51.85,0
CUST_009118,2026-04-18,2026-06-30,2,United States,Retail,Small,Basic,Monthly,51.1,0
CUST_009119,2024-08-10,2026-06-30,22,Germany,Finance,Small,Pro,Monthly,93.99,1
CUST_009120,2022-12-15,2026-06-30,42,United States,Professional Services,Small,Basic,Monthly,50.76,0
CUST_009121,2023-03-27,2026-06-30,39,Canada,Technology,Small,Basic,Monthly,47.66,1
CUST_009122,2021-07-19,2026-06-30,59,United States,Technology,Small,Basic,Monthly,50.37,1
CUST_009123,2021-07-06,2026-06-30,59,Canada,Technology,Small,Basic,Monthly,49.45,0
CUST_009124,2025-03-22,2026-06-30,15,United Kingdom,Professional Services,Small,Basic,Monthly,48.88,0
CUST_009125,2026-05-14,2026-06-30,1,United Kingdom,Professional Services,Mid-Market,Pro,Annual,96.55,1
CUST_009126,2025-01-24,2026-06-30,17,India,Finance,Small,Basic,Monthly,45.21,0
CUST_009127,2022-02-09,2026-06-30,52,United States,Technology,Mid-Market,Enterprise,Annual,583.78,1
CUST_009128,2022-06-01,2026-06-30,48,United Kingdom,Technology,Mid-Market,Business,Monthly,259.18,0
CUST_009129,2025-12-05,2026-06-30,6,India,Technology,Small,Pro,Monthly,101.87,0
CUST_009130,2025-08-17,2026-06-30,10,United States,Technology,Mid-Market,Business,Monthly,240.17,0
CUST_009131,2023-08-24,2026-06-30,34,India,Professional Services,Small,Basic,Monthly,52.01,1
CUST_009132,2023-03-03,2026-06-30,39,India,Technology,Mid-Market,Business,Monthly,255.13,1
CUST_009133,2021-08-02,2026-06-30,58,Australia,Professional Services,Small,Basic,Monthly,50.83,1
CUST_009134,2022-09-14,2026-06-30,45,United Kingdom,Technology,Small,Pro,Monthly,94.52,0
CUST_009135,2025-05-16,2026-06-30,13,Germany,Professional Services,Small,Business,Annual,273.16,1
CUST_009136,2026-03-26,2026-06-30,3,Canada,Healthcare,Mid-Market,Pro,Monthly,102.06,1
CUST_009137,2023-04-20,2026-06-30,38,United Kingdom,Technology,Mid-Market,Business,Annual,269.89,1
CUST_009138,2023-09-10,2026-06-30,33,India,Manufacturing,Small,Basic,Monthly,47.81,0
CUST_009139,2021-11-19,2026-06-30,55,United States,Finance,Small,Pro,Monthly,90.66,1
CUST_009140,2023-08-02,2026-06-30,34,Australia,Professional Services,Small,Basic,Monthly,47.04,0
CUST_009141,2023-12-14,2026-06-30,30,Canada,Manufacturing,Small,Basic,Monthly,51.91,0
CUST_009142,2024-12-03,2026-06-30,18,United States,Professional Services,Small,Pro,Annual,94.13,1
CUST_009143,2025-12-28,2026-06-30,6,United Kingdom,Professional Services,Mid-Market,Pro,Monthly,107.11,1
CUST_009144,2022-02-08,2026-06-30,52,Australia,Technology,Mid-Market,Business,Monthly,241.81,1
CUST_009145,2022-05-10,2026-06-30,49,United Kingdom,Healthcare,Mid-Market,Business,Monthly,255.66,1
CUST_009146,2025-08-12,2026-06-30,10,Australia,Retail,Small,Basic,Monthly,49.93,0
CUST_009147,2022-12-15,2026-06-30,42,United States,Finance,Mid-Market,Pro,Monthly,98.19,0
CUST_009148,2024-08-16,2026-06-30,22,India,Healthcare,Enterprise,Pro,Annual,98.22,1
CUST_009149,2024-04-07,2026-06-30,26,United Kingdom,Technology,Small,Basic,Monthly,46.94,0
CUST_009150,2022-03-30,2026-06-30,51,Australia,Retail,Mid-Market,Business,Annual,275.21,1
CUST_009151,2022-04-11,2026-06-30,50,United States,Finance,Small,Business,Monthly,257.26,1
CUST_009152,2025-06-23,2026-06-30,12,Canada,Technology,Small,Pro,Monthly,91.68,1
CUST_009153,2024-11-25,2026-06-30,19,India,Professional Services,Enterprise,Enterprise,Annual,562.72,1
CUST_009154,2022-05-18,2026-06-30,49,United States,Professional Services,Small,Basic,Monthly,50.66,0
CUST_009155,2021-11-27,2026-06-30,55,Canada,Finance,Enterprise,Enterprise,Annual,603.02,1
CUST_009156,2026-01-10,2026-06-30,5,Australia,Technology,Mid-Market,Pro,Monthly,90.73,1
CUST_009157,2022-04-26,2026-06-30,50,Germany,Manufacturing,Enterprise,Enterprise,Annual,679.37,1
CUST_009158,2024-01-04,2026-06-30,29,India,Technology,Mid-Market,Enterprise,Annual,519.8,1
CUST_009159,2023-07-07,2026-06-30,35,Germany,Retail,Mid-Market,Enterprise,Annual,589.45,1
CUST_009160,2026-01-16,2026-06-30,5,India,Manufacturing,Small,Basic,Monthly,49.4,0
CUST_009161,2023-01-26,2026-06-30,41,Canada,Finance,Small,Basic,Monthly,47.68,1
CUST_009162,2023-01-31,2026-06-30,40,United Kingdom,Finance,Enterprise,Enterprise,Annual,628.85,0
CUST_009163,2023-02-27,2026-06-30,40,Australia,Technology,Small,Basic,Monthly,50.61,1
CUST_009164,2022-07-12,2026-06-30,47,Germany,Finance,Small,Basic,Monthly,49.7,0
CUST_009165,2021-10-06,2026-06-30,56,United States,Retail,Enterprise,Enterprise,Monthly,601.14,0
CUST_009166,2022-03-28,2026-06-30,51,United States,Technology,Small,Pro,Monthly,102.37,1
CUST_009167,2022-10-03,2026-06-30,44,United Kingdom,Professional Services,Mid-Market,Pro,Annual,98.67,1
CUST_009168,2021-08-04,2026-06-30,58,Germany,Manufacturing,Small,Basic,Annual,45.65,1
CUST_009169,2023-02-06,2026-06-30,40,United Kingdom,Technology,Small,Pro,Annual,104.5,1
CUST_009170,2023-02-10,2026-06-30,40,Australia,Healthcare,Mid-Market,Basic,Annual,53.64,1
CUST_009171,2023-10-02,2026-06-30,32,Australia,Finance,Small,Pro,Monthly,100.13,0
CUST_009172,2022-08-20,2026-06-30,46,United States,Finance,Mid-Market,Business,Monthly,252.09,1
CUST_009173,2026-01-23,2026-06-30,5,United Kingdom,Retail,Small,Pro,Annual,99.53,1
CUST_009174,2023-12-06,2026-06-30,30,United Kingdom,Technology,Small,Pro,Monthly,93.19,0
CUST_009175,2024-04-28,2026-06-30,26,United States,Technology,Enterprise,Enterprise,Annual,587.04,1
CUST_009176,2021-12-05,2026-06-30,54,Canada,Technology,Small,Pro,Annual,103.66,1
CUST_009177,2026-01-21,2026-06-30,5,United Kingdom,Technology,Small,Basic,Monthly,49.98,1
CUST_009178,2023-04-02,2026-06-30,38,Australia,Retail,Small,Pro,Monthly,108.22,0
CUST_009179,2025-07-05,2026-06-30,11,Canada,Professional Services,Enterprise,Pro,Monthly,103.42,0
CUST_009180,2022-01-27,2026-06-30,53,United States,Retail,Enterprise,Enterprise,Annual,591.19,1
CUST_009181,2022-03-24,2026-06-30,51,Canada,Professional Services,Small,Basic,Monthly,51.01,1
CUST_009182,2025-04-04,2026-06-30,14,Australia,Retail,Small,Basic,Annual,48.88,1
CUST_009183,2022-02-17,2026-06-30,52,United Kingdom,Finance,Enterprise,Enterprise,Annual,554.16,1
CUST_009184,2023-12-22,2026-06-30,30,United States,Professional Services,Enterprise,Business,Annual,263.88,1
CUST_009185,2021-08-22,2026-06-30,58,India,Technology,Small,Basic,Monthly,50.61,1
CUST_009186,2022-10-29,2026-06-30,44,United States,Technology,Mid-Market,Business,Monthly,287.49,1
CUST_009187,2026-03-31,2026-06-30,2,United States,Professional Services,Small,Basic,Monthly,48.06,1
CUST_009188,2025-06-02,2026-06-30,12,Canada,Retail,Small,Pro,Monthly,103.38,0
CUST_009189,2024-06-06,2026-06-30,24,Germany,Professional Services,Mid-Market,Business,Annual,241.67,1
CUST_009190,2025-05-17,2026-06-30,13,Australia,Technology,Mid-Market,Business,Monthly,240.09,1
CUST_009191,2025-10-06,2026-06-30,8,United States,Manufacturing,Small,Business,Annual,279.91,1
CUST_009192,2021-08-10,2026-06-30,58,Australia,Technology,Mid-Market,Pro,Annual,89.54,0
CUST_009193,2022-02-22,2026-06-30,52,Germany,Finance,Small,Basic,Monthly,49.27,1
CUST_009194,2024-04-11,2026-06-30,26,India,Professional Services,Enterprise,Business,Monthly,272.51,0
CUST_009195,2025-05-11,2026-06-30,13,India,Healthcare,Small,Pro,Monthly,92.08,1
CUST_009196,2025-07-09,2026-06-30,11,Australia,Retail,Enterprise,Pro,Monthly,97.19,0
CUST_009197,2021-11-30,2026-06-30,54,United States,Professional Services,Small,Basic,Monthly,51.58,1
CUST_009198,2024-10-14,2026-06-30,20,United States,Professional Services,Small,Basic,Monthly,46.4,0
CUST_009199,2026-05-09,2026-06-30,1,India,Technology,Mid-Market,Business,Annual,254.88,1
CUST_009200,2024-06-17,2026-06-30,24,United Kingdom,Technology,Small,Pro,Monthly,95.79,1
CUST_009201,2024-03-07,2026-06-30,27,United Kingdom,Professional Services,Small,Basic,Monthly,52.63,0
CUST_009202,2023-05-09,2026-06-30,37,India,Retail,Mid-Market,Pro,Annual,106.15,1
CUST_009203,2024-10-01,2026-06-30,20,India,Healthcare,Small,Pro,Monthly,97.33,0
CUST_009204,2021-11-17,2026-06-30,55,Germany,Technology,Mid-Market,Business,Annual,215.02,1
CUST_009205,2023-04-02,2026-06-30,38,India,Technology,Small,Basic,Annual,50.61,1
CUST_009206,2021-07-26,2026-06-30,59,United States,Professional Services,Small,Pro,Annual,104.77,0
CUST_009207,2024-08-11,2026-06-30,22,Germany,Healthcare,Small,Basic,Monthly,50.63,0
CUST_009208,2023-03-19,2026-06-30,39,India,Manufacturing,Small,Basic,Monthly,50.32,1
CUST_009209,2024-08-14,2026-06-30,22,United States,Technology,Small,Basic,Annual,50.0,1
CUST_009210,2022-12-22,2026-06-30,42,United States,Technology,Small,Pro,Annual,98.01,1
CUST_009211,2022-10-01,2026-06-30,44,Australia,Retail,Small,Pro,Monthly,95.91,0
CUST_009212,2024-10-31,2026-06-30,19,United Kingdom,Professional Services,Small,Basic,Monthly,49.43,0
CUST_009213,2021-10-21,2026-06-30,56,United States,Finance,Mid-Market,Business,Annual,247.7,1
CUST_009214,2022-03-15,2026-06-30,51,United States,Finance,Small,Basic,Monthly,50.99,0
CUST_009215,2022-01-07,2026-06-30,53,United States,Retail,Small,Basic,Monthly,47.21,1
CUST_009216,2025-05-06,2026-06-30,13,United States,Technology,Small,Pro,Monthly,97.46,1
CUST_009217,2022-11-20,2026-06-30,43,India,Finance,Enterprise,Pro,Monthly,99.98,1
CUST_009218,2025-11-22,2026-06-30,7,United Kingdom,Retail,Small,Business,Monthly,240.93,0
CUST_009219,2025-11-23,2026-06-30,7,Germany,Technology,Enterprise,Enterprise,Annual,560.55,0
CUST_009220,2021-08-19,2026-06-30,58,United States,Retail,Small,Pro,Monthly,102.71,0
CUST_009221,2025-08-30,2026-06-30,9,Canada,Technology,Enterprise,Enterprise,Annual,563.02,1
CUST_009222,2022-03-02,2026-06-30,51,United States,Manufacturing,Small,Pro,Annual,100.44,1
CUST_009223,2024-04-18,2026-06-30,26,India,Manufacturing,Small,Basic,Monthly,50.56,0
CUST_009224,2024-12-02,2026-06-30,18,India,Professional Services,Small,Basic,Monthly,52.73,0
CUST_009225,2026-01-20,2026-06-30,5,Canada,Retail,Enterprise,Business,Annual,278.99,0
CUST_009226,2023-02-05,2026-06-30,40,India,Retail,Small,Pro,Monthly,106.03,1
CUST_009227,2022-11-14,2026-06-30,43,United States,Finance,Mid-Market,Business,Monthly,241.46,1
CUST_009228,2024-02-13,2026-06-30,28,United States,Healthcare,Small,Basic,Monthly,48.52,1
CUST_009229,2022-06-08,2026-06-30,48,Australia,Technology,Mid-Market,Pro,Annual,100.99,0
CUST_009230,2024-10-28,2026-06-30,20,United States,Manufacturing,Mid-Market,Business,Monthly,249.48,1
CUST_009231,2023-09-14,2026-06-30,33,India,Technology,Small,Business,Annual,252.16,1
CUST_009232,2025-01-02,2026-06-30,17,United States,Healthcare,Mid-Market,Business,Annual,265.76,1
CUST_009233,2023-07-21,2026-06-30,35,Australia,Healthcare,Mid-Market,Business,Annual,251.84,1
CUST_009234,2025-09-29,2026-06-30,9,United States,Retail,Small,Business,Annual,261.61,1
CUST_009235,2024-01-28,2026-06-30,29,United States,Finance,Small,Pro,Monthly,93.88,1
CUST_009236,2023-09-18,2026-06-30,33,Canada,Healthcare,Small,Pro,Monthly,101.86,0
CUST_009237,2023-09-06,2026-06-30,33,India,Retail,Mid-Market,Pro,Monthly,91.19,1
CUST_009238,2024-03-21,2026-06-30,27,United Kingdom,Professional Services,Small,Basic,Monthly,51.97,0
CUST_009239,2023-04-02,2026-06-30,38,United Kingdom,Retail,Mid-Market,Pro,Monthly,98.54,1
CUST_009240,2023-11-24,2026-06-30,31,United States,Finance,Small,Pro,Monthly,92.62,1
CUST_009241,2025-01-08,2026-06-30,17,United States,Professional Services,Enterprise,Business,Monthly,246.67,0
CUST_009242,2025-05-10,2026-06-30,13,United States,Technology,Mid-Market,Business,Annual,256.04,1
CUST_009243,2023-03-26,2026-06-30,39,Australia,Finance,Small,Pro,Monthly,93.31,1
CUST_009244,2021-10-20,2026-06-30,56,United States,Technology,Mid-Market,Business,Monthly,239.18,1
CUST_009245,2022-09-18,2026-06-30,45,United States,Healthcare,Mid-Market,Pro,Annual,97.49,1
CUST_009246,2023-04-11,2026-06-30,38,United Kingdom,Retail,Small,Basic,Monthly,51.26,0
CUST_009247,2021-11-19,2026-06-30,55,United Kingdom,Healthcare,Small,Pro,Monthly,89.48,1
CUST_009248,2021-12-29,2026-06-30,54,Canada,Manufacturing,Small,Basic,Monthly,50.34,1
CUST_009249,2023-12-04,2026-06-30,30,United States,Retail,Small,Basic,Monthly,48.6,1
CUST_009250,2025-11-16,2026-06-30,7,Canada,Technology,Small,Basic,Monthly,51.85,0
CUST_009251,2023-04-19,2026-06-30,38,Germany,Healthcare,Small,Basic,Monthly,50.2,0
CUST_009252,2023-05-09,2026-06-30,37,United States,Manufacturing,Small,Basic,Monthly,52.55,0
CUST_009253,2025-01-19,2026-06-30,17,Germany,Healthcare,Small,Basic,Monthly,50.23,1
CUST_009254,2022-03-29,2026-06-30,51,United States,Healthcare,Small,Pro,Monthly,93.45,0
CUST_009255,2022-02-20,2026-06-30,52,India,Healthcare,Small,Basic,Monthly,50.27,1
CUST_009256,2024-10-14,2026-06-30,20,India,Healthcare,Small,Basic,Monthly,50.43,0
CUST_009257,2024-01-27,2026-06-30,29,United States,Finance,Small,Pro,Annual,95.98,1
CUST_009258,2025-06-15,2026-06-30,12,Canada,Professional Services,Small,Basic,Monthly,47.88,0
CUST_009259,2025-07-15,2026-06-30,11,Canada,Technology,Mid-Market,Business,Annual,220.05,0
CUST_009260,2025-02-10,2026-06-30,16,Australia,Technology,Mid-Market,Pro,Monthly,103.03,0
CUST_009261,2024-08-13,2026-06-30,22,United Kingdom,Manufacturing,Enterprise,Business,Monthly,248.18,0
CUST_009262,2025-01-27,2026-06-30,17,United Kingdom,Professional Services,Enterprise,Enterprise,Annual,584.07,1
CUST_009263,2025-09-01,2026-06-30,9,United States,Retail,Mid-Market,Business,Annual,237.34,1
CUST_009264,2024-03-20,2026-06-30,27,United States,Healthcare,Mid-Market,Business,Annual,243.67,1
CUST_009265,2023-05-08,2026-06-30,37,Germany,Professional Services,Small,Business,Annual,255.29,1
CUST_009266,2024-10-23,2026-06-30,20,United Kingdom,Finance,Mid-Market,Business,Annual,252.07,1
CUST_009267,2023-10-17,2026-06-30,32,Australia,Healthcare,Small,Basic,Annual,48.34,1
CUST_009268,2025-01-30,2026-06-30,16,Australia,Retail,Mid-Market,Business,Monthly,234.54,0
CUST_009269,2022-12-15,2026-06-30,42,United Kingdom,Healthcare,Small,Pro,Annual,97.61,1
CUST_009270,2023-03-24,2026-06-30,39,United Kingdom,Retail,Enterprise,Enterprise,Annual,575.78,1
CUST_009271,2021-09-11,2026-06-30,57,India,Professional Services,Small,Basic,Monthly,48.6,1
CUST_009272,2026-02-25,2026-06-30,4,Australia,Technology,Mid-Market,Enterprise,Monthly,619.21,0
CUST_009273,2022-03-22,2026-06-30,51,India,Technology,Enterprise,Enterprise,Annual,584.4,1
CUST_009274,2024-09-28,2026-06-30,21,India,Healthcare,Enterprise,Enterprise,Annual,650.58,1
CUST_009275,2026-02-02,2026-06-30,4,Canada,Healthcare,Small,Basic,Monthly,47.72,1
CUST_009276,2023-01-09,2026-06-30,41,Germany,Manufacturing,Small,Pro,Annual,90.74,1
CUST_009277,2025-07-27,2026-06-30,11,Germany,Professional Services,Mid-Market,Pro,Annual,98.12,1
CUST_009278,2025-07-20,2026-06-30,11,United States,Retail,Small,Basic,Monthly,47.63,0
CUST_009279,2021-08-07,2026-06-30,58,United Kingdom,Professional Services,Small,Basic,Monthly,57.47,0
CUST_009280,2025-04-30,2026-06-30,13,Canada,Technology,Mid-Market,Business,Annual,243.77,0
CUST_009281,2023-09-22,2026-06-30,33,Canada,Technology,Enterprise,Business,Monthly,230.5,0
CUST_009282,2025-06-05,2026-06-30,12,United States,Finance,Small,Pro,Monthly,99.2,1
CUST_009283,2025-10-21,2026-06-30,8,Germany,Manufacturing,Small,Pro,Monthly,98.19,0
CUST_009284,2026-05-30,2026-06-30,1,Germany,Technology,Mid-Market,Business,Annual,234.49,1
CUST_009285,2026-05-03,2026-06-30,1,United Kingdom,Technology,Mid-Market,Pro,Monthly,100.78,1
CUST_009286,2024-02-01,2026-06-30,28,United States,Healthcare,Enterprise,Business,Annual,256.05,1
CUST_009287,2024-04-12,2026-06-30,26,United Kingdom,Finance,Mid-Market,Business,Annual,250.01,1
CUST_009288,2026-03-23,2026-06-30,3,United States,Retail,Small,Enterprise,Annual,591.01,1
CUST_009289,2024-09-11,2026-06-30,21,United States,Professional Services,Mid-Market,Basic,Annual,48.1,0
CUST_009290,2025-01-27,2026-06-30,17,United States,Technology,Enterprise,Pro,Annual,95.91,1
CUST_009291,2023-08-10,2026-06-30,34,India,Healthcare,Small,Basic,Monthly,45.86,1
CUST_009292,2021-07-11,2026-06-30,59,Canada,Technology,Small,Basic,Annual,52.64,1
CUST_009293,2023-01-06,2026-06-30,41,United Kingdom,Technology,Mid-Market,Business,Annual,279.35,1
CUST_009294,2021-11-25,2026-06-30,55,India,Finance,Small,Basic,Monthly,46.48,1
CUST_009295,2025-06-20,2026-06-30,12,Canada,Retail,Enterprise,Enterprise,Annual,580.95,1
CUST_009296,2025-05-10,2026-06-30,13,India,Retail,Small,Basic,Monthly,46.35,1
CUST_009297,2022-09-22,2026-06-30,45,United States,Retail,Small,Basic,Monthly,51.18,1
CUST_009298,2024-11-21,2026-06-30,19,United States,Manufacturing,Enterprise,Enterprise,Annual,568.6,0
CUST_009299,2022-03-30,2026-06-30,51,United States,Technology,Small,Basic,Monthly,50.71,0
CUST_009300,2024-02-19,2026-06-30,28,United Kingdom,Manufacturing,Small,Basic,Monthly,50.05,1
CUST_009301,2025-06-05,2026-06-30,12,India,Retail,Small,Basic,Monthly,48.62,1
CUST_009302,2022-04-07,2026-06-30,50,United Kingdom,Technology,Enterprise,Business,Annual,265.93,1
CUST_009303,2023-09-16,2026-06-30,33,United Kingdom,Finance,Enterprise,Enterprise,Annual,588.52,1
CUST_009304,2022-06-21,2026-06-30,48,United States,Technology,Small,Pro,Monthly,99.01,0
CUST_009305,2024-03-11,2026-06-30,27,India,Technology,Mid-Market,Business,Annual,233.85,1
CUST_009306,2025-10-17,2026-06-30,8,Canada,Finance,Mid-Market,Enterprise,Monthly,525.88,0
CUST_009307,2023-01-25,2026-06-30,41,United States,Technology,Small,Basic,Monthly,51.6,1
CUST_009308,2025-10-20,2026-06-30,8,India,Professional Services,Small,Basic,Annual,47.49,1
CUST_009309,2023-02-26,2026-06-30,40,Canada,Professional Services,Enterprise,Enterprise,Annual,633.64,1
CUST_009310,2024-05-13,2026-06-30,25,United States,Retail,Small,Pro,Monthly,97.26,1
CUST_009311,2022-07-11,2026-06-30,47,United States,Manufacturing,Small,Pro,Annual,98.46,1
CUST_009312,2022-02-20,2026-06-30,52,United States,Professional Services,Small,Business,Monthly,251.57,1
CUST_009313,2024-05-30,2026-06-30,25,Australia,Healthcare,Mid-Market,Business,Annual,242.28,1
CUST_009314,2022-01-29,2026-06-30,52,Canada,Healthcare,Small,Business,Annual,228.89,1
CUST_009315,2025-11-13,2026-06-30,7,India,Retail,Small,Pro,Monthly,94.69,1
CUST_009316,2025-11-20,2026-06-30,7,United States,Professional Services,Small,Pro,Monthly,94.3,0
CUST_009317,2021-07-13,2026-06-30,59,United Kingdom,Manufacturing,Enterprise,Enterprise,Annual,598.0,1
CUST_009318,2023-08-05,2026-06-30,34,Germany,Technology,Small,Basic,Monthly,51.74,0
CUST_009319,2024-03-13,2026-06-30,27,United Kingdom,Manufacturing,Small,Pro,Monthly,95.41,1
CUST_009320,2025-08-25,2026-06-30,10,United Kingdom,Finance,Small,Basic,Monthly,48.76,0
CUST_009321,2024-12-29,2026-06-30,18,United Kingdom,Finance,Small,Pro,Annual,100.18,1
CUST_009322,2023-01-16,2026-06-30,41,Germany,Healthcare,Mid-Market,Business,Annual,239.11,1
CUST_009323,2022-05-18,2026-06-30,49,India,Retail,Small,Basic,Annual,49.94,1
CUST_009324,2021-11-29,2026-06-30,54,United States,Technology,Mid-Market,Pro,Annual,104.45,1
CUST_009325,2024-05-30,2026-06-30,25,Canada,Finance,Small,Basic,Monthly,49.96,0
CUST_009326,2024-03-06,2026-06-30,27,United Kingdom,Manufacturing,Enterprise,Enterprise,Annual,597.5,1
CUST_009327,2025-08-11,2026-06-30,10,United States,Technology,Mid-Market,Basic,Monthly,46.94,1
CUST_009328,2026-01-02,2026-06-30,5,United States,Professional Services,Small,Business,Annual,247.52,1
CUST_009329,2024-04-06,2026-06-30,26,India,Healthcare,Mid-Market,Business,Annual,239.63,1
CUST_009330,2023-07-27,2026-06-30,35,United States,Retail,Mid-Market,Enterprise,Annual,581.43,1
CUST_009331,2025-11-25,2026-06-30,7,United States,Technology,Enterprise,Business,Annual,247.48,1
CUST_009332,2024-05-28,2026-06-30,25,United Kingdom,Professional Services,Enterprise,Business,Annual,246.41,0
CUST_009333,2023-04-06,2026-06-30,38,United States,Professional Services,Mid-Market,Enterprise,Annual,629.94,1
CUST_009334,2022-06-06,2026-06-30,48,United States,Technology,Small,Pro,Monthly,96.09,1
CUST_009335,2021-10-20,2026-06-30,56,United States,Retail,Small,Basic,Monthly,49.95,1
CUST_009336,2024-09-28,2026-06-30,21,United States,Manufacturing,Enterprise,Enterprise,Annual,585.09,1
CUST_009337,2024-06-27,2026-06-30,24,Canada,Technology,Enterprise,Business,Monthly,237.66,1
CUST_009338,2022-02-11,2026-06-30,52,Australia,Retail,Small,Basic,Monthly,50.49,0
CUST_009339,2023-01-03,2026-06-30,41,United States,Professional Services,Mid-Market,Business,Annual,254.22,1
CUST_009340,2025-01-25,2026-06-30,17,Canada,Healthcare,Small,Pro,Monthly,96.03,1
CUST_009341,2023-01-18,2026-06-30,41,United Kingdom,Professional Services,Small,Pro,Annual,83.53,0
CUST_009342,2025-08-22,2026-06-30,10,United States,Technology,Small,Basic,Annual,51.75,1
CUST_009343,2024-03-16,2026-06-30,27,Canada,Professional Services,Small,Basic,Monthly,50.9,1
CUST_009344,2024-11-27,2026-06-30,19,United States,Professional Services,Mid-Market,Pro,Monthly,104.71,1
CUST_009345,2021-07-15,2026-06-30,59,United States,Technology,Small,Basic,Monthly,51.96,1
CUST_009346,2026-03-30,2026-06-30,3,United States,Healthcare,Mid-Market,Basic,Monthly,49.04,0
CUST_009347,2022-03-16,2026-06-30,51,United States,Retail,Mid-Market,Business,Annual,243.82,1
CUST_009348,2025-01-12,2026-06-30,17,India,Professional Services,Mid-Market,Business,Annual,226.7,1
CUST_009349,2026-03-27,2026-06-30,3,India,Technology,Small,Business,Monthly,250.69,0
CUST_009350,2023-03-04,2026-06-30,39,India,Finance,Small,Pro,Monthly,96.78,0
CUST_009351,2023-01-30,2026-06-30,40,United States,Manufacturing,Mid-Market,Pro,Annual,95.12,1
CUST_009352,2025-09-18,2026-06-30,9,Germany,Healthcare,Mid-Market,Business,Monthly,232.08,0
CUST_009353,2026-03-24,2026-06-30,3,United Kingdom,Retail,Small,Business,Annual,236.17,1
CUST_009354,2025-11-13,2026-06-30,7,United States,Retail,Small,Basic,Monthly,45.7,1
CUST_009355,2024-05-28,2026-06-30,25,India,Professional Services,Enterprise,Business,Annual,261.36,1
CUST_009356,2025-10-06,2026-06-30,8,Australia,Technology,Small,Basic,Monthly,51.73,0
CUST_009357,2022-12-17,2026-06-30,42,United States,Professional Services,Small,Pro,Monthly,95.33,0
CUST_009358,2026-01-12,2026-06-30,5,India,Retail,Enterprise,Enterprise,Monthly,635.68,1
CUST_009359,2022-07-15,2026-06-30,47,United States,Professional Services,Mid-Market,Business,Monthly,250.28,0
CUST_009360,2022-02-12,2026-06-30,52,Canada,Technology,Small,Basic,Monthly,52.6,1
CUST_009361,2022-11-22,2026-06-30,43,United States,Retail,Enterprise,Enterprise,Annual,616.86,1
CUST_009362,2021-10-10,2026-06-30,56,United States,Professional Services,Small,Pro,Monthly,102.13,1
CUST_009363,2021-10-19,2026-06-30,56,India,Manufacturing,Mid-Market,Pro,Monthly,100.21,1
CUST_009364,2026-03-09,2026-06-30,3,United Kingdom,Technology,Mid-Market,Business,Annual,240.01,1
CUST_009365,2024-09-25,2026-06-30,21,United States,Healthcare,Small,Business,Annual,232.56,1
CUST_009366,2022-09-05,2026-06-30,45,Australia,Technology,Enterprise,Enterprise,Annual,605.14,0
CUST_009367,2024-09-29,2026-06-30,20,India,Technology,Mid-Market,Pro,Monthly,98.53,0
CUST_009368,2022-10-16,2026-06-30,44,India,Manufacturing,Small,Basic,Annual,55.37,1
CUST_009369,2022-08-11,2026-06-30,46,India,Professional Services,Mid-Market,Enterprise,Annual,621.39,1
CUST_009370,2021-07-07,2026-06-30,59,India,Retail,Mid-Market,Enterprise,Annual,573.71,1
CUST_009371,2024-10-16,2026-06-30,20,United Kingdom,Technology,Small,Basic,Monthly,48.79,1
CUST_009372,2024-09-14,2026-06-30,21,United States,Technology,Small,Basic,Annual,48.1,1
CUST_009373,2026-04-18,2026-06-30,2,India,Finance,Small,Basic,Monthly,48.9,0
CUST_009374,2025-01-04,2026-06-30,17,United States,Technology,Enterprise,Enterprise,Annual,559.72,1
CUST_009375,2025-01-13,2026-06-30,17,United States,Professional Services,Small,Basic,Annual,51.22,1
CUST_009376,2024-03-09,2026-06-30,27,Canada,Technology,Small,Basic,Monthly,48.03,1
CUST_009377,2024-05-05,2026-06-30,25,United States,Technology,Mid-Market,Business,Annual,257.15,1
CUST_009378,2022-03-16,2026-06-30,51,United Kingdom,Manufacturing,Small,Basic,Monthly,47.52,1
CUST_009379,2022-08-12,2026-06-30,46,India,Technology,Small,Business,Monthly,244.05,1
CUST_009380,2022-11-01,2026-06-30,43,Canada,Healthcare,Small,Basic,Monthly,50.45,1
CUST_009381,2026-05-22,2026-06-30,1,United Kingdom,Healthcare,Small,Basic,Monthly,43.93,1
CUST_009382,2024-02-05,2026-06-30,28,Canada,Technology,Enterprise,Enterprise,Annual,628.57,1
CUST_009383,2022-10-30,2026-06-30,43,Germany,Retail,Small,Basic,Monthly,52.6,0
CUST_009384,2025-03-19,2026-06-30,15,United States,Healthcare,Small,Basic,Monthly,52.55,1
CUST_009385,2024-04-29,2026-06-30,26,United States,Retail,Small,Basic,Monthly,47.28,1
CUST_009386,2022-11-04,2026-06-30,43,United Kingdom,Technology,Enterprise,Enterprise,Annual,608.04,1
CUST_009387,2022-07-05,2026-06-30,47,United Kingdom,Finance,Small,Basic,Monthly,47.91,1
CUST_009388,2022-03-20,2026-06-30,51,Canada,Retail,Small,Business,Monthly,230.5,0
CUST_009389,2024-04-20,2026-06-30,26,United States,Technology,Mid-Market,Enterprise,Annual,601.66,1
CUST_009390,2024-06-13,2026-06-30,24,United States,Technology,Small,Basic,Monthly,45.43,0
CUST_009391,2024-07-14,2026-06-30,23,Germany,Finance,Mid-Market,Pro,Annual,101.97,1
CUST_009392,2023-02-16,2026-06-30,40,Canada,Technology,Small,Basic,Monthly,51.01,1
CUST_009393,2024-05-08,2026-06-30,25,Canada,Technology,Enterprise,Enterprise,Annual,637.67,1
CUST_009394,2024-06-12,2026-06-30,24,India,Professional Services,Mid-Market,Pro,Monthly,101.54,1
CUST_009395,2025-08-02,2026-06-30,10,Germany,Healthcare,Mid-Market,Pro,Monthly,96.95,1
CUST_009396,2024-01-24,2026-06-30,29,United States,Healthcare,Enterprise,Business,Annual,246.65,1
CUST_009397,2025-04-01,2026-06-30,14,United Kingdom,Finance,Mid-Market,Enterprise,Annual,602.68,1
CUST_009398,2023-11-01,2026-06-30,31,United States,Technology,Small,Basic,Annual,52.58,1
CUST_009399,2022-01-17,2026-06-30,53,United States,Manufacturing,Mid-Market,Business,Annual,267.34,1
CUST_009400,2022-08-08,2026-06-30,46,Germany,Manufacturing,Mid-Market,Basic,Monthly,48.79,1
CUST_009401,2024-01-24,2026-06-30,29,United States,Professional Services,Small,Pro,Monthly,103.87,1
CUST_009402,2021-08-11,2026-06-30,58,United States,Technology,Small,Basic,Monthly,47.74,1
CUST_009403,2021-08-06,2026-06-30,58,India,Technology,Small,Basic,Monthly,50.07,1
CUST_009404,2024-03-25,2026-06-30,27,Germany,Manufacturing,Enterprise,Pro,Monthly,97.27,0
CUST_009405,2022-08-30,2026-06-30,45,India,Finance,Mid-Market,Basic,Monthly,49.6,0
CUST_009406,2024-09-24,2026-06-30,21,India,Technology,Mid-Market,Basic,Annual,46.99,1
CUST_009407,2022-02-04,2026-06-30,52,United States,Finance,Mid-Market,Business,Annual,231.32,1
CUST_009408,2024-07-30,2026-06-30,22,United Kingdom,Technology,Mid-Market,Business,Annual,233.48,1
CUST_009409,2025-02-22,2026-06-30,16,United States,Professional Services,Enterprise,Business,Monthly,256.26,1
CUST_009410,2025-10-03,2026-06-30,8,Germany,Professional Services,Small,Basic,Monthly,46.27,1
CUST_009411,2022-04-10,2026-06-30,50,United States,Retail,Small,Basic,Monthly,48.16,0
CUST_009412,2024-12-14,2026-06-30,18,United States,Finance,Mid-Market,Basic,Monthly,51.18,1
CUST_009413,2022-06-02,2026-06-30,48,United States,Manufacturing,Mid-Market,Business,Monthly,262.95,0
CUST_009414,2025-12-27,2026-06-30,6,Australia,Retail,Mid-Market,Pro,Monthly,94.15,1
CUST_009415,2023-12-14,2026-06-30,30,United States,Manufacturing,Enterprise,Enterprise,Annual,527.11,1
CUST_009416,2024-04-23,2026-06-30,26,United Kingdom,Healthcare,Mid-Market,Business,Annual,239.0,1
CUST_009417,2024-04-04,2026-06-30,26,India,Professional Services,Small,Business,Annual,251.5,1
CUST_009418,2025-08-04,2026-06-30,10,Germany,Finance,Small,Pro,Annual,102.32,1
CUST_009419,2026-01-19,2026-06-30,5,Canada,Retail,Small,Basic,Monthly,46.11,0
CUST_009420,2024-09-17,2026-06-30,21,United States,Manufacturing,Mid-Market,Pro,Annual,90.25,1
CUST_009421,2024-02-07,2026-06-30,28,India,Professional Services,Small,Basic,Monthly,46.78,1
CUST_009422,2022-07-07,2026-06-30,47,United Kingdom,Professional Services,Small,Basic,Monthly,47.73,0
CUST_009423,2024-02-21,2026-06-30,28,Canada,Finance,Small,Basic,Annual,54.11,1
CUST_009424,2025-03-16,2026-06-30,15,India,Retail,Mid-Market,Enterprise,Annual,602.29,1
CUST_009425,2025-02-14,2026-06-30,16,United States,Finance,Small,Basic,Annual,50.59,1
CUST_009426,2023-05-29,2026-06-30,37,Canada,Retail,Mid-Market,Business,Annual,262.7,1
CUST_009427,2024-04-09,2026-06-30,26,United States,Technology,Small,Basic,Monthly,47.9,0
CUST_009428,2021-12-26,2026-06-30,54,United States,Healthcare,Mid-Market,Basic,Monthly,49.25,1
CUST_009429,2024-04-02,2026-06-30,26,United States,Professional Services,Mid-Market,Basic,Monthly,49.62,1
CUST_009430,2023-08-18,2026-06-30,34,Germany,Manufacturing,Small,Basic,Monthly,50.49,1
CUST_009431,2026-02-06,2026-06-30,4,United States,Healthcare,Mid-Market,Pro,Monthly,98.36,1
CUST_009432,2025-06-18,2026-06-30,12,Germany,Technology,Mid-Market,Enterprise,Annual,630.27,1
CUST_009433,2022-03-27,2026-06-30,51,Australia,Finance,Small,Pro,Monthly,104.46,0
CUST_009434,2024-09-20,2026-06-30,21,India,Technology,Enterprise,Business,Annual,245.47,1
CUST_009435,2024-05-06,2026-06-30,25,United States,Technology,Mid-Market,Basic,Monthly,50.86,1
CUST_009436,2023-07-07,2026-06-30,35,Australia,Professional Services,Small,Business,Annual,253.85,1
CUST_009437,2026-02-17,2026-06-30,4,United States,Healthcare,Small,Basic,Annual,55.52,1
CUST_009438,2023-12-04,2026-06-30,30,Germany,Technology,Small,Basic,Monthly,51.2,1
CUST_009439,2024-09-17,2026-06-30,21,United States,Manufacturing,Small,Pro,Monthly,100.91,0
CUST_009440,2025-09-07,2026-06-30,9,Germany,Technology,Small,Basic,Annual,47.61,1
CUST_009441,2024-05-11,2026-06-30,25,United States,Finance,Mid-Market,Pro,Monthly,93.88,0
CUST_009442,2024-03-21,2026-06-30,27,United Kingdom,Technology,Enterprise,Enterprise,Annual,614.81,1
CUST_009443,2025-07-01,2026-06-30,11,United States,Technology,Small,Basic,Monthly,44.81,0
CUST_009444,2023-09-30,2026-06-30,32,United States,Healthcare,Mid-Market,Business,Monthly,269.22,1
CUST_009445,2022-09-30,2026-06-30,44,United Kingdom,Manufacturing,Mid-Market,Basic,Monthly,43.95,1
CUST_009446,2025-02-06,2026-06-30,16,United States,Healthcare,Mid-Market,Business,Monthly,236.19,1
CUST_009447,2021-08-31,2026-06-30,57,Germany,Professional Services,Mid-Market,Business,Monthly,261.45,0
CUST_009448,2023-05-28,2026-06-30,37,Germany,Professional Services,Small,Basic,Annual,48.91,1
CUST_009449,2022-08-13,2026-06-30,46,United Kingdom,Manufacturing,Mid-Market,Business,Monthly,251.28,1
CUST_009450,2026-01-26,2026-06-30,5,Germany,Professional Services,Small,Basic,Monthly,47.32,0
CUST_009451,2022-08-23,2026-06-30,46,Australia,Professional Services,Small,Business,Annual,247.41,0
CUST_009452,2024-10-04,2026-06-30,20,India,Professional Services,Small,Basic,Monthly,50.68,1
CUST_009453,2022-12-04,2026-06-30,42,United States,Finance,Small,Basic,Monthly,46.96,0
CUST_009454,2022-06-18,2026-06-30,48,United Kingdom,Technology,Small,Pro,Monthly,97.7,1
CUST_009455,2025-03-08,2026-06-30,15,Germany,Manufacturing,Small,Basic,Monthly,49.01,0
CUST_009456,2025-02-20,2026-06-30,16,United States,Professional Services,Small,Basic,Annual,48.34,1
CUST_009457,2026-02-14,2026-06-30,4,United States,Professional Services,Small,Pro,Annual,102.72,1
CUST_009458,2023-06-10,2026-06-30,36,United States,Retail,Small,Pro,Monthly,101.27,1
CUST_009459,2022-08-11,2026-06-30,46,United Kingdom,Professional Services,Small,Basic,Monthly,48.74,0
CUST_009460,2024-05-25,2026-06-30,25,United States,Manufacturing,Mid-Market,Business,Annual,227.76,1
CUST_009461,2025-08-16,2026-06-30,10,United Kingdom,Retail,Mid-Market,Business,Annual,263.71,1
CUST_009462,2024-11-09,2026-06-30,19,United Kingdom,Technology,Enterprise,Enterprise,Annual,571.33,1
CUST_009463,2024-06-07,2026-06-30,24,United Kingdom,Healthcare,Enterprise,Enterprise,Annual,652.19,1
CUST_009464,2021-11-29,2026-06-30,54,United States,Technology,Enterprise,Enterprise,Annual,573.7,1
CUST_009465,2025-10-21,2026-06-30,8,Germany,Technology,Mid-Market,Business,Annual,252.16,1
CUST_009466,2024-09-22,2026-06-30,21,United Kingdom,Healthcare,Small,Basic,Monthly,50.56,1
CUST_009467,2023-04-12,2026-06-30,38,United States,Technology,Small,Basic,Monthly,48.52,1
CUST_009468,2025-04-02,2026-06-30,14,United States,Professional Services,Enterprise,Enterprise,Annual,608.34,0
CUST_009469,2022-01-24,2026-06-30,53,United States,Healthcare,Enterprise,Business,Annual,245.48,1
CUST_009470,2021-12-11,2026-06-30,54,India,Retail,Small,Basic,Annual,53.63,1
CUST_009471,2024-07-18,2026-06-30,23,United States,Technology,Small,Basic,Annual,49.5,1
CUST_009472,2022-10-01,2026-06-30,44,United States,Professional Services,Small,Pro,Annual,98.42,1
CUST_009473,2022-09-13,2026-06-30,45,United States,Healthcare,Small,Pro,Monthly,100.21,1
CUST_009474,2023-01-24,2026-06-30,41,United States,Retail,Small,Pro,Monthly,104.6,1
CUST_009475,2025-07-01,2026-06-30,11,Canada,Retail,Small,Basic,Monthly,49.96,0
CUST_009476,2026-03-04,2026-06-30,3,Australia,Healthcare,Small,Pro,Monthly,99.91,1
CUST_009477,2024-09-15,2026-06-30,21,Canada,Retail,Mid-Market,Basic,Monthly,45.49,0
CUST_009478,2025-10-08,2026-06-30,8,Australia,Manufacturing,Mid-Market,Business,Annual,263.38,1
CUST_009479,2024-12-23,2026-06-30,18,United States,Manufacturing,Enterprise,Enterprise,Monthly,609.49,1
CUST_009480,2023-04-12,2026-06-30,38,Canada,Finance,Small,Basic,Monthly,47.91,1
CUST_009481,2023-07-10,2026-06-30,35,Australia,Professional Services,Small,Business,Monthly,253.07,0
CUST_009482,2025-05-21,2026-06-30,13,Germany,Finance,Mid-Market,Business,Annual,266.32,1
CUST_009483,2026-04-30,2026-06-30,2,India,Finance,Mid-Market,Basic,Monthly,50.75,0
CUST_009484,2025-04-21,2026-06-30,14,United States,Finance,Enterprise,Enterprise,Monthly,657.96,0
CUST_009485,2024-03-06,2026-06-30,27,Canada,Finance,Small,Basic,Annual,51.14,1
CUST_009486,2022-08-02,2026-06-30,46,Germany,Finance,Small,Pro,Monthly,89.45,1
CUST_009487,2024-08-14,2026-06-30,22,United States,Professional Services,Small,Basic,Monthly,52.09,1
CUST_009488,2025-01-03,2026-06-30,17,Australia,Retail,Small,Basic,Monthly,44.73,0
CUST_009489,2023-09-15,2026-06-30,33,United States,Professional Services,Small,Basic,Monthly,52.31,0
CUST_009490,2026-01-23,2026-06-30,5,United States,Technology,Small,Pro,Annual,103.38,1
CUST_009491,2025-04-22,2026-06-30,14,Germany,Retail,Small,Basic,Annual,53.12,1
CUST_009492,2026-03-27,2026-06-30,3,Germany,Technology,Small,Pro,Annual,101.19,1
CUST_009493,2023-10-31,2026-06-30,31,India,Healthcare,Mid-Market,Pro,Monthly,100.42,1
CUST_009494,2024-03-27,2026-06-30,27,India,Finance,Small,Basic,Monthly,52.03,0
CUST_009495,2023-07-21,2026-06-30,35,United States,Retail,Enterprise,Enterprise,Annual,563.75,1
CUST_009496,2023-05-20,2026-06-30,37,United Kingdom,Manufacturing,Mid-Market,Pro,Monthly,99.2,0
CUST_009497,2024-06-21,2026-06-30,24,India,Technology,Small,Basic,Annual,48.44,1
CUST_009498,2022-02-22,2026-06-30,52,United States,Technology,Small,Enterprise,Annual,586.14,1
CUST_009499,2021-11-25,2026-06-30,55,Canada,Healthcare,Small,Basic,Monthly,47.6,0
CUST_009500,2025-11-14,2026-06-30,7,India,Technology,Small,Basic,Monthly,49.39,1
CUST_009501,2021-11-22,2026-06-30,55,United States,Retail,Mid-Market,Pro,Annual,102.56,1
CUST_009502,2025-06-12,2026-06-30,12,India,Healthcare,Enterprise,Pro,Annual,106.36,1
CUST_009503,2025-03-12,2026-06-30,15,Canada,Professional Services,Small,Pro,Annual,97.59,1
CUST_009504,2023-10-24,2026-06-30,32,India,Professional Services,Small,Basic,Monthly,48.1,1
CUST_009505,2026-04-09,2026-06-30,2,United Kingdom,Finance,Enterprise,Enterprise,Annual,514.51,1
CUST_009506,2024-08-16,2026-06-30,22,Germany,Professional Services,Small,Basic,Annual,52.59,1
CUST_009507,2025-06-16,2026-06-30,12,Australia,Manufacturing,Small,Basic,Annual,45.67,1
CUST_009508,2024-01-16,2026-06-30,29,United States,Technology,Small,Basic,Annual,50.18,0
CUST_009509,2022-05-30,2026-06-30,49,United Kingdom,Professional Services,Small,Pro,Monthly,100.45,1
CUST_009510,2021-11-15,2026-06-30,55,India,Healthcare,Small,Basic,Monthly,51.43,1
CUST_009511,2025-05-16,2026-06-30,13,India,Manufacturing,Enterprise,Business,Annual,238.05,1
CUST_009512,2023-09-26,2026-06-30,33,India,Manufacturing,Mid-Market,Pro,Monthly,101.84,1
CUST_009513,2024-01-31,2026-06-30,28,United Kingdom,Professional Services,Small,Basic,Annual,52.99,1
CUST_009514,2024-05-16,2026-06-30,25,United Kingdom,Manufacturing,Enterprise,Business,Annual,251.89,1
CUST_009515,2023-04-22,2026-06-30,38,United Kingdom,Professional Services,Small,Business,Annual,238.09,0
CUST_009516,2021-07-20,2026-06-30,59,United Kingdom,Finance,Small,Basic,Annual,45.41,1
CUST_009517,2024-06-03,2026-06-30,24,United Kingdom,Professional Services,Enterprise,Business,Annual,267.54,1
CUST_009518,2026-02-03,2026-06-30,4,United States,Retail,Mid-Market,Pro,Monthly,96.83,0
CUST_009519,2021-11-29,2026-06-30,54,United States,Manufacturing,Mid-Market,Pro,Annual,97.81,1
CUST_009520,2021-10-31,2026-06-30,55,United Kingdom,Professional Services,Small,Pro,Monthly,111.52,1
CUST_009521,2024-10-30,2026-06-30,19,United States,Technology,Small,Business,Annual,260.49,1
CUST_009522,2023-12-13,2026-06-30,30,United States,Finance,Enterprise,Enterprise,Annual,633.31,1
CUST_009523,2022-03-05,2026-06-30,51,United States,Professional Services,Small,Pro,Monthly,107.13,1
CUST_009524,2023-12-09,2026-06-30,30,Australia,Professional Services,Enterprise,Enterprise,Annual,552.28,1
CUST_009525,2024-01-19,2026-06-30,29,India,Manufacturing,Mid-Market,Pro,Monthly,106.6,0
CUST_009526,2021-11-19,2026-06-30,55,United Kingdom,Healthcare,Small,Basic,Monthly,53.09,1
CUST_009527,2022-05-05,2026-06-30,49,India,Finance,Enterprise,Enterprise,Annual,585.64,1
CUST_009528,2023-12-03,2026-06-30,30,India,Healthcare,Enterprise,Enterprise,Annual,621.52,1
CUST_009529,2025-08-15,2026-06-30,10,United States,Finance,Enterprise,Enterprise,Annual,627.98,1
CUST_009530,2024-04-05,2026-06-30,26,United States,Professional Services,Small,Pro,Monthly,95.5,1
CUST_009531,2023-02-02,2026-06-30,40,United States,Retail,Mid-Market,Pro,Annual,103.53,1
CUST_009532,2025-01-27,2026-06-30,17,United States,Finance,Small,Pro,Monthly,95.86,1
CUST_009533,2023-10-10,2026-06-30,32,United Kingdom,Healthcare,Small,Pro,Annual,111.83,1
CUST_009534,2023-03-06,2026-06-30,39,United States,Professional Services,Enterprise,Enterprise,Annual,603.84,1
CUST_009535,2025-12-30,2026-06-30,5,India,Retail,Enterprise,Enterprise,Annual,615.98,0
CUST_009536,2023-08-13,2026-06-30,34,United Kingdom,Technology,Small,Basic,Monthly,45.01,1
CUST_009537,2022-10-16,2026-06-30,44,United States,Healthcare,Mid-Market,Business,Annual,253.93,1
CUST_009538,2025-05-12,2026-06-30,13,India,Healthcare,Enterprise,Business,Annual,264.19,1
CUST_009539,2023-09-20,2026-06-30,33,India,Finance,Mid-Market,Pro,Annual,94.57,1
CUST_009540,2022-12-05,2026-06-30,42,Australia,Manufacturing,Small,Pro,Annual,96.41,1
CUST_009541,2026-03-13,2026-06-30,3,Australia,Finance,Small,Pro,Annual,95.48,1
CUST_009542,2023-04-01,2026-06-30,38,India,Healthcare,Small,Pro,Monthly,93.29,1
CUST_009543,2025-02-19,2026-06-30,16,United Kingdom,Healthcare,Enterprise,Pro,Annual,92.59,1
CUST_009544,2024-06-17,2026-06-30,24,India,Healthcare,Small,Basic,Monthly,51.52,1
CUST_009545,2023-03-25,2026-06-30,39,United States,Retail,Small,Basic,Monthly,45.9,1
CUST_009546,2026-05-24,2026-06-30,1,United Kingdom,Retail,Mid-Market,Business,Annual,226.79,1
CUST_009547,2026-05-01,2026-06-30,1,Canada,Technology,Mid-Market,Business,Monthly,242.37,1
CUST_009548,2024-03-21,2026-06-30,27,United States,Finance,Enterprise,Enterprise,Annual,600.5,0
CUST_009549,2021-09-30,2026-06-30,56,United States,Manufacturing,Mid-Market,Pro,Monthly,101.87,0
CUST_009550,2026-05-21,2026-06-30,1,United States,Professional Services,Mid-Market,Business,Annual,237.95,1
CUST_009551,2022-07-16,2026-06-30,47,United States,Technology,Enterprise,Pro,Monthly,96.09,0
CUST_009552,2026-01-17,2026-06-30,5,United States,Technology,Mid-Market,Business,Annual,255.73,1
CUST_009553,2024-01-05,2026-06-30,29,Canada,Professional Services,Mid-Market,Business,Monthly,260.26,1
CUST_009554,2024-04-19,2026-06-30,26,Australia,Technology,Small,Basic,Monthly,52.05,1
CUST_009555,2024-02-11,2026-06-30,28,United Kingdom,Professional Services,Small,Basic,Monthly,50.17,1
CUST_009556,2026-01-04,2026-06-30,5,Germany,Professional Services,Small,Pro,Monthly,90.79,1
CUST_009557,2022-09-17,2026-06-30,45,United States,Technology,Enterprise,Business,Annual,238.1,1
CUST_009558,2025-01-22,2026-06-30,17,Australia,Technology,Small,Basic,Monthly,52.07,1
CUST_009559,2022-08-16,2026-06-30,46,United States,Professional Services,Small,Business,Annual,271.05,1
CUST_009560,2023-03-12,2026-06-30,39,United States,Finance,Enterprise,Pro,Annual,98.57,1
CUST_009561,2023-09-15,2026-06-30,33,Canada,Healthcare,Mid-Market,Enterprise,Annual,593.74,1
CUST_009562,2024-11-24,2026-06-30,19,India,Technology,Mid-Market,Pro,Annual,94.05,1
CUST_009563,2023-03-18,2026-06-30,39,India,Retail,Mid-Market,Business,Annual,266.68,1
CUST_009564,2021-07-06,2026-06-30,59,Australia,Professional Services,Small,Basic,Monthly,46.41,0
CUST_009565,2021-11-16,2026-06-30,55,Germany,Retail,Small,Pro,Annual,108.71,1
CUST_009566,2021-11-29,2026-06-30,54,United Kingdom,Technology,Mid-Market,Enterprise,Annual,596.55,0
CUST_009567,2025-05-02,2026-06-30,13,United Kingdom,Retail,Enterprise,Business,Monthly,238.29,1
CUST_009568,2023-07-16,2026-06-30,35,United States,Retail,Small,Business,Monthly,226.8,0
CUST_009569,2024-06-16,2026-06-30,24,United States,Technology,Small,Pro,Annual,97.66,1
CUST_009570,2021-08-30,2026-06-30,57,India,Manufacturing,Small,Business,Annual,247.43,0
CUST_009571,2021-09-29,2026-06-30,56,India,Retail,Small,Pro,Monthly,97.42,0
CUST_009572,2022-02-23,2026-06-30,52,United States,Technology,Small,Pro,Annual,99.02,1
CUST_009573,2025-08-12,2026-06-30,10,United States,Professional Services,Small,Business,Monthly,266.25,1
CUST_009574,2024-11-05,2026-06-30,19,United States,Healthcare,Small,Pro,Monthly,102.06,1
CUST_009575,2022-12-02,2026-06-30,42,Canada,Technology,Mid-Market,Business,Monthly,251.43,0
CUST_009576,2022-09-24,2026-06-30,45,United States,Technology,Mid-Market,Pro,Annual,104.65,1
CUST_009577,2024-09-10,2026-06-30,21,United Kingdom,Finance,Small,Basic,Monthly,46.76,0
CUST_009578,2025-09-28,2026-06-30,9,United States,Finance,Small,Pro,Annual,102.53,1
CUST_009579,2025-09-28,2026-06-30,9,United States,Finance,Small,Basic,Monthly,50.7,1
CUST_009580,2023-01-19,2026-06-30,41,United States,Manufacturing,Mid-Market,Pro,Monthly,106.42,0
CUST_009581,2024-03-07,2026-06-30,27,Australia,Retail,Small,Pro,Monthly,92.22,1
CUST_009582,2024-01-01,2026-06-30,29,United States,Technology,Enterprise,Enterprise,Annual,573.06,1
CUST_009583,2022-05-29,2026-06-30,49,Canada,Manufacturing,Small,Business,Annual,238.91,1
CUST_009584,2026-05-01,2026-06-30,1,United Kingdom,Manufacturing,Mid-Market,Pro,Annual,101.37,1
CUST_009585,2022-09-15,2026-06-30,45,Australia,Healthcare,Small,Basic,Monthly,49.55,1
CUST_009586,2025-01-24,2026-06-30,17,United States,Professional Services,Mid-Market,Pro,Annual,101.81,1
CUST_009587,2021-11-02,2026-06-30,55,Germany,Finance,Mid-Market,Enterprise,Annual,535.9,1
CUST_009588,2021-09-20,2026-06-30,57,United States,Technology,Small,Basic,Monthly,52.61,1
CUST_009589,2023-12-12,2026-06-30,30,United Kingdom,Technology,Small,Business,Annual,251.93,1
CUST_009590,2024-11-11,2026-06-30,19,Canada,Finance,Small,Basic,Monthly,50.35,1
CUST_009591,2025-04-08,2026-06-30,14,India,Healthcare,Small,Basic,Monthly,49.91,1
CUST_009592,2025-07-10,2026-06-30,11,India,Technology,Enterprise,Enterprise,Annual,580.2,1
CUST_009593,2021-07-03,2026-06-30,59,Australia,Retail,Mid-Market,Business,Annual,255.45,1
CUST_009594,2025-06-29,2026-06-30,12,India,Professional Services,Mid-Market,Business,Monthly,249.95,1
CUST_009595,2024-03-21,2026-06-30,27,United States,Manufacturing,Small,Basic,Monthly,49.15,0
CUST_009596,2024-01-22,2026-06-30,29,United Kingdom,Retail,Small,Basic,Annual,50.21,1
CUST_009597,2023-01-28,2026-06-30,41,United States,Retail,Mid-Market,Business,Annual,247.72,1
CUST_009598,2022-04-10,2026-06-30,50,United States,Manufacturing,Small,Basic,Annual,45.67,1
CUST_009599,2023-09-03,2026-06-30,33,United Kingdom,Healthcare,Small,Basic,Monthly,48.56,1
CUST_009600,2022-09-09,2026-06-30,45,Germany,Healthcare,Small,Basic,Annual,52.98,1
CUST_009601,2023-08-18,2026-06-30,34,Germany,Finance,Small,Basic,Monthly,47.64,1
CUST_009602,2024-04-07,2026-06-30,26,India,Technology,Enterprise,Enterprise,Annual,601.82,1
CUST_009603,2025-08-21,2026-06-30,10,United Kingdom,Retail,Small,Pro,Annual,103.13,0
CUST_009604,2025-05-22,2026-06-30,13,India,Healthcare,Small,Enterprise,Annual,662.47,0
CUST_009605,2024-04-15,2026-06-30,26,India,Technology,Small,Pro,Monthly,97.73,1
CUST_009606,2026-03-10,2026-06-30,3,Australia,Finance,Small,Basic,Monthly,45.99,1
CUST_009607,2024-11-10,2026-06-30,19,United States,Manufacturing,Small,Basic,Monthly,50.65,1
CUST_009608,2024-02-21,2026-06-30,28,United Kingdom,Finance,Small,Pro,Annual,94.98,1
CUST_009609,2024-02-03,2026-06-30,28,Germany,Healthcare,Small,Basic,Monthly,49.72,0
CUST_009610,2022-05-30,2026-06-30,49,India,Technology,Small,Basic,Monthly,50.48,0
CUST_009611,2021-08-29,2026-06-30,58,United States,Technology,Mid-Market,Pro,Monthly,96.63,0
CUST_009612,2022-10-30,2026-06-30,43,United States,Manufacturing,Small,Business,Annual,245.61,0
CUST_009613,2026-01-09,2026-06-30,5,United States,Technology,Mid-Market,Pro,Annual,103.06,1
CUST_009614,2024-05-28,2026-06-30,25,United States,Finance,Small,Basic,Monthly,51.68,1
CUST_009615,2022-10-29,2026-06-30,44,Australia,Professional Services,Small,Pro,Annual,99.22,1
CUST_009616,2023-06-29,2026-06-30,36,United States,Healthcare,Enterprise,Enterprise,Annual,604.05,1
CUST_009617,2024-03-01,2026-06-30,27,United States,Retail,Small,Basic,Annual,46.25,1
CUST_009618,2024-04-08,2026-06-30,26,Germany,Retail,Small,Basic,Annual,49.29,1
CUST_009619,2024-06-02,2026-06-30,24,Canada,Technology,Small,Basic,Monthly,48.04,1
CUST_009620,2023-07-27,2026-06-30,35,United States,Finance,Small,Basic,Monthly,49.19,1
CUST_009621,2025-07-15,2026-06-30,11,United Kingdom,Healthcare,Mid-Market,Pro,Monthly,106.02,1
CUST_009622,2023-11-15,2026-06-30,31,United Kingdom,Technology,Mid-Market,Pro,Annual,93.43,1
CUST_009623,2025-05-27,2026-06-30,13,India,Technology,Small,Pro,Annual,104.82,1
CUST_009624,2023-01-25,2026-06-30,41,Germany,Retail,Small,Basic,Monthly,49.48,1
CUST_009625,2022-03-01,2026-06-30,51,India,Technology,Small,Pro,Monthly,98.87,1
CUST_009626,2023-12-02,2026-06-30,30,United States,Technology,Small,Basic,Monthly,46.87,1
CUST_009627,2024-07-05,2026-06-30,23,Germany,Retail,Mid-Market,Pro,Monthly,100.38,0
CUST_009628,2021-10-16,2026-06-30,56,United Kingdom,Healthcare,Mid-Market,Business,Annual,276.03,1
CUST_009629,2023-03-04,2026-06-30,39,Germany,Retail,Small,Basic,Annual,42.76,1
CUST_009630,2024-04-23,2026-06-30,26,Canada,Technology,Small,Basic,Monthly,44.21,0
CUST_009631,2026-04-10,2026-06-30,2,United States,Manufacturing,Mid-Market,Enterprise,Annual,593.71,1
CUST_009632,2026-05-03,2026-06-30,1,United States,Professional Services,Small,Pro,Monthly,100.62,1
CUST_009633,2025-04-29,2026-06-30,14,Australia,Healthcare,Enterprise,Enterprise,Annual,627.14,1
CUST_009634,2025-04-02,2026-06-30,14,Australia,Professional Services,Mid-Market,Business,Annual,254.63,1
CUST_009635,2022-11-14,2026-06-30,43,United States,Finance,Small,Pro,Annual,90.9,1
CUST_009636,2023-12-15,2026-06-30,30,United Kingdom,Technology,Mid-Market,Pro,Annual,102.05,1
CUST_009637,2021-07-02,2026-06-30,59,Germany,Finance,Small,Basic,Monthly,48.58,1
CUST_009638,2023-10-04,2026-06-30,32,United Kingdom,Healthcare,Small,Basic,Monthly,51.17,1
CUST_009639,2021-12-22,2026-06-30,54,United States,Professional Services,Enterprise,Enterprise,Annual,577.52,1
CUST_009640,2023-09-13,2026-06-30,33,India,Finance,Mid-Market,Business,Annual,229.93,1
CUST_009641,2024-08-27,2026-06-30,22,United Kingdom,Finance,Small,Pro,Annual,96.77,1
CUST_009642,2022-11-26,2026-06-30,43,Germany,Professional Services,Mid-Market,Pro,Annual,101.43,1
CUST_009643,2024-03-16,2026-06-30,27,United Kingdom,Finance,Small,Basic,Monthly,49.94,1
CUST_009644,2025-01-24,2026-06-30,17,Germany,Retail,Mid-Market,Pro,Monthly,99.08,0
CUST_009645,2024-02-02,2026-06-30,28,United States,Finance,Enterprise,Enterprise,Monthly,580.68,1
CUST_009646,2023-02-23,2026-06-30,40,India,Professional Services,Mid-Market,Basic,Monthly,48.68,1
CUST_009647,2024-07-26,2026-06-30,23,United States,Technology,Small,Basic,Monthly,52.63,0
CUST_009648,2022-12-15,2026-06-30,42,Australia,Manufacturing,Small,Pro,Monthly,111.63,0
CUST_009649,2021-08-05,2026-06-30,58,India,Retail,Enterprise,Enterprise,Monthly,611.75,0
CUST_009650,2024-05-23,2026-06-30,25,United Kingdom,Professional Services,Small,Basic,Annual,51.51,0
CUST_009651,2024-12-18,2026-06-30,18,United Kingdom,Professional Services,Enterprise,Enterprise,Annual,577.22,1
CUST_009652,2024-06-09,2026-06-30,24,United States,Manufacturing,Small,Business,Monthly,265.85,0
CUST_009653,2022-04-18,2026-06-30,50,Canada,Technology,Small,Basic,Monthly,48.14,0
CUST_009654,2025-07-14,2026-06-30,11,United Kingdom,Healthcare,Small,Pro,Monthly,92.73,1
CUST_009655,2021-08-18,2026-06-30,58,United States,Professional Services,Small,Basic,Annual,51.82,1
CUST_009656,2024-05-18,2026-06-30,25,United States,Retail,Small,Basic,Annual,49.22,1
CUST_009657,2022-04-12,2026-06-30,50,India,Professional Services,Small,Basic,Monthly,52.41,0
CUST_009658,2022-07-19,2026-06-30,47,United States,Manufacturing,Enterprise,Enterprise,Annual,623.75,1
CUST_009659,2022-07-25,2026-06-30,47,United States,Finance,Small,Basic,Annual,45.83,1
CUST_009660,2021-12-12,2026-06-30,54,United States,Technology,Mid-Market,Enterprise,Annual,604.53,1
CUST_009661,2025-07-04,2026-06-30,11,United Kingdom,Finance,Small,Basic,Monthly,46.8,0
CUST_009662,2023-07-01,2026-06-30,35,Canada,Retail,Mid-Market,Business,Annual,264.73,1
CUST_009663,2025-12-05,2026-06-30,6,Australia,Healthcare,Small,Basic,Monthly,49.21,1
CUST_009664,2024-12-10,2026-06-30,18,Canada,Technology,Enterprise,Business,Monthly,240.8,0
CUST_009665,2026-03-20,2026-06-30,3,United States,Manufacturing,Small,Basic,Monthly,44.03,1
CUST_009666,2023-01-23,2026-06-30,41,Canada,Technology,Small,Basic,Annual,51.86,1
CUST_009667,2023-06-06,2026-06-30,36,United States,Healthcare,Small,Pro,Annual,97.3,1
CUST_009668,2022-10-11,2026-06-30,44,Australia,Healthcare,Small,Pro,Annual,97.7,0
CUST_009669,2025-07-19,2026-06-30,11,United States,Healthcare,Small,Enterprise,Annual,613.49,1
CUST_009670,2024-10-12,2026-06-30,20,United States,Technology,Mid-Market,Basic,Monthly,46.83,1
CUST_009671,2023-02-02,2026-06-30,40,Canada,Manufacturing,Small,Pro,Monthly,91.49,0
CUST_009672,2022-05-09,2026-06-30,49,United States,Professional Services,Mid-Market,Pro,Annual,99.96,1
CUST_009673,2022-01-23,2026-06-30,53,United Kingdom,Retail,Small,Basic,Monthly,46.72,1
CUST_009674,2026-01-19,2026-06-30,5,Canada,Professional Services,Mid-Market,Pro,Monthly,98.62,0
CUST_009675,2024-06-08,2026-06-30,24,India,Finance,Small,Business,Annual,238.23,1
CUST_009676,2026-05-12,2026-06-30,1,United States,Technology,Mid-Market,Business,Annual,232.08,1
CUST_009677,2022-05-23,2026-06-30,49,United Kingdom,Technology,Enterprise,Enterprise,Annual,549.84,1
CUST_009678,2025-10-23,2026-06-30,8,Germany,Manufacturing,Small,Basic,Monthly,49.25,0
CUST_009679,2022-05-17,2026-06-30,49,United States,Technology,Small,Basic,Annual,51.69,1
CUST_009680,2025-08-24,2026-06-30,10,United Kingdom,Professional Services,Mid-Market,Pro,Annual,103.84,1
CUST_009681,2026-05-04,2026-06-30,1,India,Retail,Small,Pro,Annual,99.12,1
CUST_009682,2022-02-04,2026-06-30,52,Australia,Manufacturing,Small,Basic,Monthly,52.49,0
CUST_009683,2024-04-04,2026-06-30,26,India,Healthcare,Small,Basic,Monthly,47.69,1
CUST_009684,2024-04-29,2026-06-30,26,Germany,Manufacturing,Small,Basic,Monthly,51.01,1
CUST_009685,2023-03-28,2026-06-30,39,United States,Healthcare,Enterprise,Business,Monthly,242.87,1
CUST_009686,2025-01-23,2026-06-30,17,India,Healthcare,Small,Basic,Monthly,47.22,0
CUST_009687,2023-01-08,2026-06-30,41,United States,Manufacturing,Small,Basic,Annual,50.98,0
CUST_009688,2024-04-21,2026-06-30,26,United Kingdom,Technology,Small,Basic,Monthly,50.06,1
CUST_009689,2025-01-27,2026-06-30,17,Germany,Professional Services,Small,Basic,Monthly,50.54,0
CUST_009690,2024-06-22,2026-06-30,24,India,Manufacturing,Mid-Market,Pro,Monthly,91.63,0
CUST_009691,2026-05-20,2026-06-30,1,India,Manufacturing,Mid-Market,Business,Annual,261.81,1
CUST_009692,2024-12-06,2026-06-30,18,United States,Technology,Enterprise,Enterprise,Annual,619.28,1
CUST_009693,2023-07-05,2026-06-30,35,Germany,Technology,Small,Basic,Monthly,48.01,0
CUST_009694,2025-09-26,2026-06-30,9,United States,Technology,Small,Basic,Monthly,50.43,1
CUST_009695,2025-10-31,2026-06-30,7,Australia,Retail,Small,Pro,Annual,104.43,1
CUST_009696,2023-03-11,2026-06-30,39,Germany,Technology,Mid-Market,Pro,Annual,95.36,1
CUST_009697,2024-04-23,2026-06-30,26,United States,Professional Services,Mid-Market,Enterprise,Annual,577.16,1
CUST_009698,2025-09-28,2026-06-30,9,Australia,Professional Services,Mid-Market,Business,Monthly,245.41,1
CUST_009699,2022-09-27,2026-06-30,45,Canada,Technology,Enterprise,Enterprise,Annual,532.47,1
CUST_009700,2022-08-09,2026-06-30,46,United Kingdom,Manufacturing,Small,Basic,Monthly,49.81,1
CUST_009701,2026-03-30,2026-06-30,3,India,Finance,Enterprise,Enterprise,Annual,626.28,1
CUST_009702,2025-06-03,2026-06-30,12,United Kingdom,Finance,Enterprise,Business,Annual,256.1,1
CUST_009703,2024-08-05,2026-06-30,22,United Kingdom,Technology,Small,Basic,Annual,50.17,1
CUST_009704,2022-10-27,2026-06-30,44,United States,Professional Services,Small,Pro,Monthly,104.07,0
CUST_009705,2026-01-19,2026-06-30,5,United States,Professional Services,Mid-Market,Enterprise,Annual,596.0,1
CUST_009706,2022-06-15,2026-06-30,48,United States,Technology,Small,Business,Annual,229.43,1
CUST_009707,2024-11-04,2026-06-30,19,United States,Finance,Small,Basic,Annual,49.32,1
CUST_009708,2025-10-19,2026-06-30,8,United States,Healthcare,Small,Business,Annual,265.2,1
CUST_009709,2022-03-04,2026-06-30,51,United Kingdom,Healthcare,Mid-Market,Business,Annual,253.5,1
CUST_009710,2025-12-27,2026-06-30,6,Germany,Technology,Enterprise,Business,Monthly,244.37,0
CUST_009711,2025-10-11,2026-06-30,8,United States,Professional Services,Mid-Market,Enterprise,Annual,622.49,1
CUST_009712,2021-09-30,2026-06-30,56,United Kingdom,Professional Services,Enterprise,Enterprise,Annual,610.56,0
CUST_009713,2023-11-11,2026-06-30,31,India,Healthcare,Small,Basic,Monthly,48.47,0
CUST_009714,2024-02-20,2026-06-30,28,United States,Professional Services,Mid-Market,Business,Annual,250.48,1
CUST_009715,2023-01-14,2026-06-30,41,United Kingdom,Retail,Small,Pro,Annual,97.43,1
CUST_009716,2023-04-26,2026-06-30,38,United States,Retail,Small,Pro,Monthly,102.04,0
CUST_009717,2023-05-26,2026-06-30,37,United Kingdom,Manufacturing,Enterprise,Business,Annual,237.8,1
CUST_009718,2026-04-20,2026-06-30,2,Germany,Healthcare,Mid-Market,Pro,Monthly,100.63,0
CUST_009719,2023-09-14,2026-06-30,33,United States,Healthcare,Mid-Market,Enterprise,Annual,625.03,1
CUST_009720,2025-01-16,2026-06-30,17,United States,Finance,Small,Basic,Monthly,49.58,1
CUST_009721,2022-06-12,2026-06-30,48,India,Manufacturing,Small,Basic,Monthly,49.61,0
CUST_009722,2023-12-06,2026-06-30,30,United States,Technology,Mid-Market,Pro,Monthly,99.35,1
CUST_009723,2025-10-21,2026-06-30,8,Germany,Technology,Small,Basic,Monthly,50.31,1
CUST_009724,2022-01-22,2026-06-30,53,United Kingdom,Healthcare,Small,Basic,Monthly,48.12,1
CUST_009725,2025-01-06,2026-06-30,17,United States,Finance,Mid-Market,Basic,Annual,48.68,1
CUST_009726,2025-01-29,2026-06-30,16,Germany,Technology,Small,Pro,Annual,94.54,1
CUST_009727,2021-10-24,2026-06-30,56,United Kingdom,Technology,Small,Basic,Annual,48.34,1
CUST_009728,2022-08-09,2026-06-30,46,United States,Professional Services,Small,Business,Annual,224.04,1
CUST_009729,2022-03-11,2026-06-30,51,India,Retail,Small,Pro,Annual,99.14,1
CUST_009730,2023-02-28,2026-06-30,40,Canada,Finance,Small,Basic,Monthly,50.51,0
CUST_009731,2021-12-09,2026-06-30,54,Germany,Professional Services,Small,Basic,Monthly,48.84,1
CUST_009732,2025-11-06,2026-06-30,7,United States,Professional Services,Small,Basic,Monthly,51.26,1
CUST_009733,2023-06-20,2026-06-30,36,United States,Technology,Small,Enterprise,Annual,638.99,1
CUST_009734,2024-12-21,2026-06-30,18,Germany,Retail,Small,Pro,Monthly,98.92,1
CUST_009735,2024-06-15,2026-06-30,24,Germany,Finance,Enterprise,Enterprise,Annual,569.15,1
CUST_009736,2025-03-31,2026-06-30,14,United States,Healthcare,Small,Business,Annual,262.59,1
CUST_009737,2025-05-28,2026-06-30,13,Germany,Manufacturing,Mid-Market,Pro,Monthly,103.4,1
CUST_009738,2024-03-28,2026-06-30,27,Canada,Technology,Mid-Market,Enterprise,Monthly,612.45,1
CUST_009739,2021-11-25,2026-06-30,55,United States,Healthcare,Small,Pro,Annual,96.4,1
CUST_009740,2023-04-17,2026-06-30,38,Australia,Finance,Small,Basic,Annual,49.93,1
CUST_009741,2024-09-11,2026-06-30,21,United Kingdom,Healthcare,Enterprise,Enterprise,Monthly,589.67,0
CUST_009742,2024-04-14,2026-06-30,26,Canada,Technology,Small,Basic,Monthly,47.2,0
CUST_009743,2023-10-23,2026-06-30,32,Australia,Manufacturing,Mid-Market,Pro,Monthly,100.78,1
CUST_009744,2025-03-19,2026-06-30,15,United Kingdom,Healthcare,Mid-Market,Pro,Monthly,94.18,1
CUST_009745,2023-11-08,2026-06-30,31,India,Technology,Mid-Market,Business,Monthly,258.41,0
CUST_009746,2022-12-29,2026-06-30,42,Australia,Manufacturing,Small,Pro,Monthly,100.39,1
CUST_009747,2025-03-21,2026-06-30,15,United States,Technology,Small,Basic,Monthly,48.73,0
CUST_009748,2023-07-17,2026-06-30,35,Canada,Retail,Small,Basic,Monthly,48.9,0
CUST_009749,2022-12-07,2026-06-30,42,India,Healthcare,Mid-Market,Basic,Monthly,46.37,1
CUST_009750,2023-11-11,2026-06-30,31,India,Technology,Small,Basic,Monthly,46.52,0
CUST_009751,2024-12-23,2026-06-30,18,United States,Technology,Enterprise,Enterprise,Monthly,650.9,0
CUST_009752,2023-09-09,2026-06-30,33,United States,Technology,Mid-Market,Business,Annual,247.12,1
CUST_009753,2022-07-08,2026-06-30,47,United States,Manufacturing,Small,Basic,Monthly,45.51,0
CUST_009754,2025-04-28,2026-06-30,14,India,Manufacturing,Small,Basic,Annual,51.25,0
CUST_009755,2023-08-04,2026-06-30,34,India,Technology,Enterprise,Pro,Monthly,93.93,1
CUST_009756,2023-01-26,2026-06-30,41,Australia,Technology,Small,Business,Monthly,256.18,1
CUST_009757,2024-10-31,2026-06-30,19,United States,Professional Services,Small,Basic,Monthly,52.61,0
CUST_009758,2024-07-05,2026-06-30,23,India,Technology,Small,Basic,Monthly,48.47,1
CUST_009759,2022-01-17,2026-06-30,53,United States,Finance,Small,Basic,Monthly,51.84,0
CUST_009760,2024-08-17,2026-06-30,22,Canada,Retail,Small,Basic,Monthly,50.8,0
CUST_009761,2023-06-23,2026-06-30,36,United States,Technology,Mid-Market,Business,Annual,268.59,1
CUST_009762,2025-09-05,2026-06-30,9,United Kingdom,Professional Services,Mid-Market,Business,Annual,256.24,1
CUST_009763,2021-11-11,2026-06-30,55,United Kingdom,Technology,Small,Pro,Monthly,96.38,1
CUST_009764,2023-06-25,2026-06-30,36,United States,Professional Services,Small,Basic,Monthly,43.9,0
CUST_009765,2022-09-05,2026-06-30,45,United States,Finance,Small,Basic,Monthly,47.06,1
CUST_009766,2023-06-15,2026-06-30,36,Australia,Technology,Mid-Market,Business,Monthly,242.75,0
CUST_009767,2024-08-31,2026-06-30,21,United States,Finance,Small,Basic,Monthly,51.43,0
CUST_009768,2024-09-28,2026-06-30,21,Canada,Professional Services,Enterprise,Business,Monthly,264.12,1
CUST_009769,2022-12-20,2026-06-30,42,United States,Healthcare,Mid-Market,Pro,Monthly,93.57,0
CUST_009770,2022-03-10,2026-06-30,51,United States,Technology,Mid-Market,Business,Annual,264.23,1
CUST_009771,2025-10-14,2026-06-30,8,United States,Professional Services,Small,Basic,Monthly,47.11,0
CUST_009772,2022-04-05,2026-06-30,50,Germany,Technology,Mid-Market,Pro,Monthly,94.87,0
CUST_009773,2022-05-03,2026-06-30,49,Canada,Technology,Small,Basic,Annual,45.61,0
CUST_009774,2025-11-17,2026-06-30,7,United States,Technology,Mid-Market,Pro,Monthly,100.67,1
CUST_009775,2025-11-18,2026-06-30,7,Australia,Professional Services,Enterprise,Enterprise,Annual,581.46,1
CUST_009776,2022-12-31,2026-06-30,41,United States,Technology,Enterprise,Enterprise,Annual,638.32,1
CUST_009777,2022-04-10,2026-06-30,50,Germany,Technology,Mid-Market,Pro,Monthly,94.5,1
CUST_009778,2024-06-24,2026-06-30,24,United States,Professional Services,Mid-Market,Business,Monthly,258.12,1
CUST_009779,2023-04-08,2026-06-30,38,India,Retail,Small,Basic,Monthly,46.03,1
CUST_009780,2021-07-02,2026-06-30,59,United States,Finance,Small,Basic,Annual,51.53,1
CUST_009781,2024-10-29,2026-06-30,20,United Kingdom,Retail,Mid-Market,Business,Annual,250.46,1
CUST_009782,2025-04-23,2026-06-30,14,United Kingdom,Technology,Enterprise,Enterprise,Annual,607.77,0
CUST_009783,2021-07-17,2026-06-30,59,United Kingdom,Healthcare,Enterprise,Business,Annual,244.54,1
CUST_009784,2025-01-13,2026-06-30,17,Australia,Finance,Enterprise,Business,Annual,243.83,1
CUST_009785,2024-02-03,2026-06-30,28,United States,Retail,Small,Business,Annual,255.18,1
CUST_009786,2024-03-29,2026-06-30,27,Canada,Manufacturing,Mid-Market,Enterprise,Annual,653.16,1
CUST_009787,2023-11-04,2026-06-30,31,India,Finance,Mid-Market,Business,Annual,235.93,1
CUST_009788,2025-02-03,2026-06-30,16,India,Technology,Small,Basic,Monthly,48.17,0
CUST_009789,2023-01-29,2026-06-30,40,Canada,Finance,Small,Basic,Monthly,47.5,1
CUST_009790,2023-01-05,2026-06-30,41,United Kingdom,Manufacturing,Mid-Market,Pro,Annual,91.52,0
CUST_009791,2025-06-05,2026-06-30,12,Germany,Manufacturing,Small,Basic,Monthly,45.27,1
CUST_009792,2024-01-19,2026-06-30,29,Australia,Manufacturing,Mid-Market,Basic,Monthly,47.21,1
CUST_009793,2026-02-18,2026-06-30,4,India,Professional Services,Enterprise,Enterprise,Annual,587.14,1
CUST_009794,2025-04-30,2026-06-30,13,Australia,Professional Services,Mid-Market,Basic,Monthly,52.47,1
CUST_009795,2021-07-24,2026-06-30,59,Canada,Professional Services,Small,Basic,Monthly,51.42,0
CUST_009796,2023-12-05,2026-06-30,30,United Kingdom,Retail,Small,Basic,Monthly,46.99,1
CUST_009797,2023-05-10,2026-06-30,37,Canada,Technology,Mid-Market,Business,Monthly,258.62,1
CUST_009798,2022-01-17,2026-06-30,53,United States,Retail,Mid-Market,Business,Monthly,239.05,0
CUST_009799,2022-11-27,2026-06-30,43,Australia,Technology,Small,Basic,Monthly,48.78,0
CUST_009800,2022-07-09,2026-06-30,47,United Kingdom,Technology,Small,Pro,Annual,100.6,1
CUST_009801,2022-11-30,2026-06-30,42,United States,Finance,Enterprise,Business,Annual,275.27,1
CUST_009802,2023-12-18,2026-06-30,30,Germany,Finance,Small,Basic,Monthly,49.66,0
CUST_009803,2023-04-22,2026-06-30,38,United States,Manufacturing,Mid-Market,Pro,Annual,91.68,1
CUST_009804,2024-12-30,2026-06-30,17,United States,Finance,Enterprise,Enterprise,Annual,621.29,0
CUST_009805,2022-01-14,2026-06-30,53,United Kingdom,Technology,Mid-Market,Enterprise,Annual,633.06,1
CUST_009806,2025-07-13,2026-06-30,11,Germany,Professional Services,Enterprise,Enterprise,Annual,625.61,0
CUST_009807,2022-01-26,2026-06-30,53,Canada,Retail,Mid-Market,Pro,Monthly,94.08,0
CUST_009808,2022-02-05,2026-06-30,52,United States,Technology,Small,Business,Monthly,250.55,1
CUST_009809,2025-09-18,2026-06-30,9,United Kingdom,Finance,Small,Pro,Annual,98.91,1
CUST_009810,2022-12-04,2026-06-30,42,United States,Technology,Small,Basic,Monthly,53.34,0
CUST_009811,2021-07-20,2026-06-30,59,India,Professional Services,Small,Business,Annual,256.68,1
CUST_009812,2023-08-08,2026-06-30,34,United States,Technology,Mid-Market,Business,Annual,270.37,1
CUST_009813,2024-09-28,2026-06-30,21,India,Professional Services,Small,Pro,Monthly,95.49,1
CUST_009814,2022-02-03,2026-06-30,52,United States,Finance,Small,Basic,Monthly,48.47,1
CUST_009815,2023-11-23,2026-06-30,31,United States,Manufacturing,Mid-Market,Pro,Annual,96.34,1
CUST_009816,2025-10-25,2026-06-30,8,Canada,Technology,Small,Pro,Annual,103.84,1
CUST_009817,2025-03-10,2026-06-30,15,Germany,Healthcare,Small,Pro,Monthly,104.64,1
CUST_009818,2023-01-22,2026-06-30,41,India,Finance,Mid-Market,Business,Monthly,253.87,0
CUST_009819,2024-03-05,2026-06-30,27,United Kingdom,Finance,Small,Pro,Monthly,99.47,1
CUST_009820,2025-05-08,2026-06-30,13,United States,Professional Services,Small,Business,Annual,254.2,0
CUST_009821,2022-06-27,2026-06-30,48,United States,Manufacturing,Small,Basic,Monthly,45.61,0
CUST_009822,2025-10-27,2026-06-30,8,United Kingdom,Finance,Mid-Market,Pro,Monthly,96.96,0
CUST_009823,2025-05-03,2026-06-30,13,United States,Manufacturing,Mid-Market,Pro,Monthly,97.36,0
CUST_009824,2024-02-16,2026-06-30,28,India,Technology,Mid-Market,Pro,Monthly,98.93,0
CUST_009825,2026-03-22,2026-06-30,3,Canada,Professional Services,Small,Basic,Monthly,47.4,1
CUST_009826,2024-07-05,2026-06-30,23,Germany,Healthcare,Mid-Market,Business,Monthly,238.43,1
CUST_009827,2021-12-10,2026-06-30,54,Australia,Technology,Small,Basic,Monthly,45.08,1
CUST_009828,2021-10-15,2026-06-30,56,United States,Finance,Mid-Market,Business,Annual,254.38,1
CUST_009829,2022-02-16,2026-06-30,52,Canada,Technology,Small,Basic,Monthly,45.64,1
CUST_009830,2024-10-27,2026-06-30,20,India,Professional Services,Small,Basic,Monthly,51.45,0
CUST_009831,2026-02-04,2026-06-30,4,Canada,Finance,Small,Basic,Monthly,49.79,1
CUST_009832,2022-05-30,2026-06-30,49,United Kingdom,Technology,Small,Basic,Monthly,51.17,1
CUST_009833,2024-07-30,2026-06-30,22,India,Manufacturing,Small,Pro,Monthly,94.59,0
CUST_009834,2022-09-25,2026-06-30,45,United States,Technology,Small,Basic,Monthly,53.57,0
CUST_009835,2025-10-30,2026-06-30,7,India,Technology,Enterprise,Business,Annual,276.64,1
CUST_009836,2023-02-18,2026-06-30,40,United States,Retail,Mid-Market,Pro,Monthly,99.15,0
CUST_009837,2023-07-14,2026-06-30,35,United Kingdom,Technology,Mid-Market,Basic,Annual,49.96,1
CUST_009838,2021-11-21,2026-06-30,55,United States,Professional Services,Small,Pro,Annual,98.94,0
CUST_009839,2025-11-30,2026-06-30,6,United Kingdom,Retail,Small,Business,Annual,261.54,1
CUST_009840,2024-05-29,2026-06-30,25,United States,Technology,Enterprise,Business,Annual,258.87,1
CUST_009841,2021-07-20,2026-06-30,59,United States,Healthcare,Small,Basic,Monthly,44.65,1
CUST_009842,2024-07-01,2026-06-30,23,Canada,Finance,Mid-Market,Business,Annual,238.71,1
CUST_009843,2023-03-07,2026-06-30,39,United States,Healthcare,Mid-Market,Business,Annual,253.89,1
CUST_009844,2025-08-16,2026-06-30,10,United Kingdom,Retail,Small,Basic,Monthly,50.9,1
CUST_009845,2022-11-01,2026-06-30,43,United States,Manufacturing,Mid-Market,Business,Annual,250.86,1
CUST_009846,2025-01-22,2026-06-30,17,United States,Healthcare,Mid-Market,Enterprise,Annual,548.18,1
CUST_009847,2023-08-08,2026-06-30,34,United States,Manufacturing,Enterprise,Business,Annual,255.93,1
CUST_009848,2022-02-02,2026-06-30,52,Canada,Technology,Small,Pro,Monthly,108.03,0
CUST_009849,2023-03-02,2026-06-30,39,United States,Professional Services,Small,Pro,Annual,87.63,1
CUST_009850,2024-01-31,2026-06-30,28,United States,Technology,Mid-Market,Basic,Monthly,51.3,1
CUST_009851,2025-06-24,2026-06-30,12,United Kingdom,Professional Services,Small,Business,Annual,271.81,1
CUST_009852,2024-09-26,2026-06-30,21,Germany,Healthcare,Small,Business,Annual,260.75,1
CUST_009853,2022-03-29,2026-06-30,51,Germany,Technology,Mid-Market,Business,Annual,248.0,1
CUST_009854,2025-05-09,2026-06-30,13,United States,Finance,Small,Basic,Monthly,51.2,1
CUST_009855,2023-03-10,2026-06-30,39,India,Professional Services,Enterprise,Enterprise,Annual,596.41,1
CUST_009856,2024-01-12,2026-06-30,29,United Kingdom,Professional Services,Enterprise,Enterprise,Annual,615.23,1
CUST_009857,2024-11-02,2026-06-30,19,United Kingdom,Manufacturing,Small,Basic,Monthly,49.2,0
CUST_009858,2022-11-22,2026-06-30,43,United States,Finance,Small,Basic,Monthly,49.27,0
CUST_009859,2024-08-19,2026-06-30,22,United States,Retail,Small,Basic,Monthly,47.13,1
CUST_009860,2025-01-02,2026-06-30,17,Canada,Technology,Small,Basic,Monthly,47.86,0
CUST_009861,2023-10-24,2026-06-30,32,United States,Retail,Small,Pro,Annual,107.04,1
CUST_009862,2022-09-09,2026-06-30,45,Germany,Finance,Enterprise,Enterprise,Monthly,580.44,0
CUST_009863,2022-03-02,2026-06-30,51,United States,Professional Services,Small,Basic,Monthly,44.21,1
CUST_009864,2023-04-27,2026-06-30,38,United States,Manufacturing,Small,Pro,Monthly,116.4,1
CUST_009865,2023-02-28,2026-06-30,40,United States,Finance,Small,Basic,Monthly,47.93,1
CUST_009866,2022-07-18,2026-06-30,47,United States,Retail,Small,Basic,Monthly,48.34,0
CUST_009867,2025-02-02,2026-06-30,16,Canada,Finance,Mid-Market,Business,Annual,243.99,1
CUST_009868,2025-03-07,2026-06-30,15,United States,Technology,Mid-Market,Pro,Monthly,99.08,1
CUST_009869,2024-01-14,2026-06-30,29,United Kingdom,Technology,Small,Basic,Monthly,47.14,1
CUST_009870,2023-04-25,2026-06-30,38,United States,Finance,Small,Basic,Monthly,52.65,1
CUST_009871,2023-03-29,2026-06-30,39,United Kingdom,Technology,Enterprise,Enterprise,Annual,593.02,1
CUST_009872,2025-08-29,2026-06-30,10,India,Retail,Mid-Market,Enterprise,Annual,567.69,1
CUST_009873,2022-07-30,2026-06-30,47,India,Manufacturing,Small,Pro,Annual,84.8,1
CUST_009874,2024-08-16,2026-06-30,22,United Kingdom,Healthcare,Small,Basic,Monthly,51.68,0
CUST_009875,2022-02-07,2026-06-30,52,Canada,Professional Services,Small,Pro,Monthly,96.82,1
CUST_009876,2022-11-08,2026-06-30,43,Germany,Professional Services,Small,Basic,Monthly,49.92,1
CUST_009877,2021-08-01,2026-06-30,58,India,Technology,Small,Basic,Monthly,46.72,1
CUST_009878,2023-04-24,2026-06-30,38,Canada,Healthcare,Mid-Market,Basic,Monthly,49.23,1
CUST_009879,2023-10-28,2026-06-30,32,United States,Professional Services,Small,Basic,Annual,48.93,1
CUST_009880,2025-06-28,2026-06-30,12,Germany,Technology,Mid-Market,Enterprise,Annual,626.58,1
CUST_009881,2024-06-15,2026-06-30,24,United States,Finance,Mid-Market,Business,Annual,251.06,1
CUST_009882,2022-03-13,2026-06-30,51,Germany,Professional Services,Mid-Market,Business,Annual,235.02,1
CUST_009883,2024-07-15,2026-06-30,23,United States,Manufacturing,Mid-Market,Business,Annual,278.91,1
CUST_009884,2026-02-25,2026-06-30,4,United States,Professional Services,Small,Pro,Annual,101.15,1
CUST_009885,2025-03-17,2026-06-30,15,Australia,Professional Services,Mid-Market,Business,Monthly,237.24,1
CUST_009886,2023-06-28,2026-06-30,36,Germany,Technology,Mid-Market,Business,Annual,251.35,1
CUST_009887,2023-04-28,2026-06-30,38,United Kingdom,Retail,Small,Basic,Monthly,49.96,0
CUST_009888,2021-07-31,2026-06-30,58,Australia,Manufacturing,Enterprise,Business,Monthly,255.03,1
CUST_009889,2021-10-28,2026-06-30,56,India,Technology,Enterprise,Enterprise,Annual,609.88,1
CUST_009890,2023-10-20,2026-06-30,32,Canada,Technology,Mid-Market,Basic,Monthly,49.6,1
CUST_009891,2023-09-09,2026-06-30,33,India,Technology,Small,Pro,Monthly,103.54,1
CUST_009892,2022-06-24,2026-06-30,48,United States,Manufacturing,Mid-Market,Business,Annual,258.06,1
CUST_009893,2026-03-05,2026-06-30,3,United States,Retail,Small,Pro,Annual,102.69,1
CUST_009894,2023-06-28,2026-06-30,36,Australia,Professional Services,Small,Basic,Annual,44.65,1
CUST_009895,2024-02-01,2026-06-30,28,Canada,Finance,Small,Basic,Monthly,44.75,1
CUST_009896,2022-07-26,2026-06-30,47,India,Retail,Mid-Market,Enterprise,Annual,575.24,0
CUST_009897,2022-06-25,2026-06-30,48,United States,Technology,Mid-Market,Enterprise,Annual,591.56,1
CUST_009898,2023-03-12,2026-06-30,39,United States,Professional Services,Small,Basic,Monthly,47.14,1
CUST_009899,2023-03-09,2026-06-30,39,United States,Retail,Small,Pro,Annual,93.97,1
CUST_009900,2023-01-07,2026-06-30,41,United Kingdom,Manufacturing,Small,Pro,Monthly,100.18,1
CUST_009901,2023-07-25,2026-06-30,35,Australia,Finance,Small,Basic,Monthly,46.86,1
CUST_009902,2025-04-18,2026-06-30,14,Canada,Technology,Small,Basic,Monthly,43.11,0
CUST_009903,2025-01-06,2026-06-30,17,United States,Technology,Small,Business,Annual,232.09,1
CUST_009904,2022-10-08,2026-06-30,44,United States,Manufacturing,Small,Pro,Monthly,95.98,1
CUST_009905,2023-05-18,2026-06-30,37,United States,Technology,Small,Pro,Monthly,97.72,0
CUST_009906,2025-03-30,2026-06-30,15,United Kingdom,Professional Services,Mid-Market,Enterprise,Monthly,625.92,1
CUST_009907,2022-02-06,2026-06-30,52,United Kingdom,Finance,Small,Pro,Annual,101.15,1
CUST_009908,2021-08-05,2026-06-30,58,United States,Healthcare,Mid-Market,Basic,Monthly,44.09,1
CUST_009909,2023-05-04,2026-06-30,37,Canada,Finance,Small,Basic,Monthly,52.56,1
CUST_009910,2025-04-18,2026-06-30,14,United Kingdom,Technology,Small,Pro,Monthly,98.01,0
CUST_009911,2021-10-20,2026-06-30,56,United States,Healthcare,Small,Basic,Monthly,49.17,1
CUST_009912,2025-04-02,2026-06-30,14,Canada,Finance,Small,Basic,Monthly,49.3,1
CUST_009913,2024-04-15,2026-06-30,26,United Kingdom,Healthcare,Small,Pro,Monthly,94.78,1
CUST_009914,2022-03-12,2026-06-30,51,Canada,Retail,Mid-Market,Business,Monthly,256.01,1
CUST_009915,2023-11-09,2026-06-30,31,United States,Finance,Small,Basic,Monthly,44.23,0
CUST_009916,2025-03-21,2026-06-30,15,United States,Retail,Small,Basic,Monthly,52.28,1
CUST_009917,2026-01-08,2026-06-30,5,Australia,Retail,Small,Pro,Monthly,99.93,1
CUST_009918,2024-08-22,2026-06-30,22,United States,Technology,Small,Basic,Monthly,49.89,1
CUST_009919,2023-02-10,2026-06-30,40,Australia,Finance,Mid-Market,Pro,Annual,101.61,1
CUST_009920,2022-11-26,2026-06-30,43,Canada,Technology,Small,Business,Annual,243.5,1
CUST_009921,2025-04-26,2026-06-30,14,Canada,Technology,Small,Pro,Monthly,105.29,0
CUST_009922,2025-08-20,2026-06-30,10,Australia,Technology,Mid-Market,Pro,Monthly,95.41,1
CUST_009923,2022-12-19,2026-06-30,42,United States,Retail,Small,Pro,Annual,94.05,1
CUST_009924,2025-08-19,2026-06-30,10,United States,Technology,Small,Basic,Annual,49.37,1
CUST_009925,2026-02-05,2026-06-30,4,United States,Professional Services,Mid-Market,Pro,Monthly,92.18,0
CUST_009926,2024-01-09,2026-06-30,29,Germany,Manufacturing,Small,Business,Annual,241.95,1
CUST_009927,2023-08-11,2026-06-30,34,Canada,Technology,Enterprise,Enterprise,Annual,606.81,1
CUST_009928,2025-03-20,2026-06-30,15,Australia,Retail,Mid-Market,Business,Annual,258.15,1
CUST_009929,2025-05-17,2026-06-30,13,Canada,Technology,Small,Basic,Annual,48.91,1
CUST_009930,2025-04-03,2026-06-30,14,Canada,Technology,Small,Basic,Monthly,46.78,0
CUST_009931,2024-09-23,2026-06-30,21,United States,Professional Services,Small,Basic,Monthly,48.17,0
CUST_009932,2026-05-15,2026-06-30,1,United States,Healthcare,Mid-Market,Pro,Monthly,95.69,0
CUST_009933,2026-05-10,2026-06-30,1,Australia,Technology,Small,Pro,Annual,98.52,0
CUST_009934,2024-08-05,2026-06-30,22,United States,Professional Services,Mid-Market,Business,Monthly,241.28,0
CUST_009935,2026-04-26,2026-06-30,2,India,Professional Services,Small,Pro,Monthly,94.16,1
CUST_009936,2024-11-06,2026-06-30,19,United States,Healthcare,Mid-Market,Basic,Annual,46.3,1
CUST_009937,2023-07-24,2026-06-30,35,United Kingdom,Manufacturing,Enterprise,Enterprise,Annual,543.94,1
CUST_009938,2026-04-06,2026-06-30,2,United States,Manufacturing,Small,Basic,Monthly,51.65,1
CUST_009939,2023-05-19,2026-06-30,37,Australia,Manufacturing,Small,Pro,Monthly,102.54,1
CUST_009940,2023-05-12,2026-06-30,37,United States,Healthcare,Small,Pro,Annual,92.92,1
CUST_009941,2023-08-06,2026-06-30,34,United Kingdom,Professional Services,Mid-Market,Business,Annual,257.1,1
CUST_009942,2023-05-03,2026-06-30,37,India,Healthcare,Small,Basic,Monthly,49.1,0
CUST_009943,2022-06-09,2026-06-30,48,United Kingdom,Finance,Mid-Market,Business,Annual,232.91,1
CUST_009944,2026-01-24,2026-06-30,5,United States,Technology,Mid-Market,Pro,Monthly,93.8,1
CUST_009945,2025-08-01,2026-06-30,10,Australia,Finance,Enterprise,Business,Annual,247.14,0
CUST_009946,2024-11-08,2026-06-30,19,Canada,Technology,Mid-Market,Pro,Annual,102.67,1
CUST_009947,2023-01-12,2026-06-30,41,United States,Technology,Mid-Market,Pro,Monthly,101.94,1
CUST_009948,2022-02-15,2026-06-30,52,Canada,Healthcare,Small,Basic,Monthly,47.68,1
CUST_009949,2021-11-24,2026-06-30,55,Australia,Professional Services,Small,Basic,Monthly,50.13,0
CUST_009950,2023-07-22,2026-06-30,35,Canada,Technology,Mid-Market,Business,Annual,246.97,1
CUST_009951,2024-05-25,2026-06-30,25,Germany,Finance,Mid-Market,Pro,Monthly,95.36,1
CUST_009952,2024-05-22,2026-06-30,25,Germany,Professional Services,Mid-Market,Business,Annual,260.96,1
CUST_009953,2026-02-13,2026-06-30,4,Canada,Healthcare,Small,Basic,Monthly,49.38,0
CUST_009954,2024-02-17,2026-06-30,28,United States,Manufacturing,Small,Basic,Annual,50.25,1
CUST_009955,2023-11-23,2026-06-30,31,Germany,Healthcare,Small,Basic,Monthly,46.31,1
CUST_009956,2025-05-23,2026-06-30,13,United States,Retail,Small,Basic,Monthly,47.73,1
CUST_009957,2022-08-22,2026-06-30,46,United States,Technology,Small,Basic,Monthly,51.01,1
CUST_009958,2022-06-04,2026-06-30,48,United States,Finance,Small,Pro,Annual,97.61,1
CUST_009959,2024-12-05,2026-06-30,18,India,Retail,Small,Basic,Annual,48.45,1
CUST_009960,2021-12-03,2026-06-30,54,United States,Technology,Small,Pro,Monthly,93.75,1
CUST_009961,2025-11-20,2026-06-30,7,United States,Technology,Small,Basic,Monthly,49.48,0
CUST_009962,2021-12-09,2026-06-30,54,United States,Finance,Enterprise,Enterprise,Annual,566.68,1
CUST_009963,2022-08-22,2026-06-30,46,United States,Retail,Enterprise,Business,Annual,253.55,0
CUST_009964,2025-04-25,2026-06-30,14,India,Healthcare,Small,Business,Annual,236.64,1
CUST_009965,2023-03-21,2026-06-30,39,United Kingdom,Manufacturing,Mid-Market,Pro,Monthly,97.96,1
CUST_009966,2024-11-20,2026-06-30,19,Germany,Manufacturing,Small,Enterprise,Annual,646.17,1
CUST_009967,2022-06-26,2026-06-30,48,Australia,Technology,Enterprise,Business,Annual,253.55,1
CUST_009968,2025-08-16,2026-06-30,10,United States,Professional Services,Mid-Market,Business,Annual,244.69,1
CUST_009969,2025-03-18,2026-06-30,15,Australia,Professional Services,Small,Basic,Monthly,51.1,1
CUST_009970,2024-11-26,2026-06-30,19,India,Finance,Small,Basic,Annual,47.23,1
CUST_009971,2025-06-07,2026-06-30,12,Germany,Healthcare,Enterprise,Pro,Monthly,94.12,1
CUST_009972,2024-10-11,2026-06-30,20,Germany,Finance,Enterprise,Business,Monthly,244.46,0
CUST_009973,2023-06-15,2026-06-30,36,Canada,Professional Services,Small,Basic,Annual,51.69,1
CUST_009974,2023-04-21,2026-06-30,38,Australia,Finance,Mid-Market,Business,Annual,261.98,1
CUST_009975,2023-09-10,2026-06-30,33,United States,Finance,Small,Basic,Monthly,47.78,0
CUST_009976,2025-06-25,2026-06-30,12,Germany,Professional Services,Mid-Market,Business,Annual,245.46,1
CUST_009977,2025-06-02,2026-06-30,12,United States,Retail,Small,Basic,Monthly,50.03,1
CUST_009978,2021-11-23,2026-06-30,55,United Kingdom,Technology,Small,Pro,Monthly,111.02,1
CUST_009979,2025-03-06,2026-06-30,15,India,Retail,Small,Pro,Monthly,97.82,0
CUST_009980,2025-11-27,2026-06-30,7,United Kingdom,Manufacturing,Mid-Market,Pro,Annual,105.84,1
CUST_009981,2024-03-08,2026-06-30,27,United States,Finance,Small,Pro,Monthly,100.23,0
CUST_009982,2026-05-19,2026-06-30,1,Germany,Healthcare,Mid-Market,Pro,Monthly,103.22,0
CUST_009983,2024-09-23,2026-06-30,21,India,Retail,Enterprise,Business,Monthly,261.62,1
CUST_009984,2022-03-19,2026-06-30,51,United Kingdom,Healthcare,Small,Pro,Monthly,99.87,1
CUST_009985,2025-02-06,2026-06-30,16,India,Professional Services,Enterprise,Enterprise,Annual,598.15,1
CUST_009986,2022-12-15,2026-06-30,42,Australia,Healthcare,Mid-Market,Business,Annual,246.42,0
CUST_009987,2024-01-03,2026-06-30,29,India,Retail,Mid-Market,Pro,Annual,100.74,1
CUST_009988,2024-09-01,2026-06-30,21,United States,Manufacturing,Small,Basic,Monthly,51.91,1
CUST_009989,2023-03-01,2026-06-30,39,Canada,Technology,Small,Basic,Annual,52.24,0
CUST_009990,2023-06-28,2026-06-30,36,Australia,Technology,Enterprise,Enterprise,Annual,635.26,1
CUST_009991,2024-11-06,2026-06-30,19,India,Professional Services,Mid-Market,Business,Monthly,243.2,0
CUST_009992,2025-04-25,2026-06-30,14,United States,Manufacturing,Mid-Market,Pro,Monthly,96.19,0
CUST_009993,2021-11-28,2026-06-30,55,United States,Finance,Small,Basic,Monthly,46.97,1
CUST_009994,2025-08-02,2026-06-30,10,United States,Technology,Small,Basic,Monthly,49.38,1
CUST_009995,2021-09-12,2026-06-30,57,Australia,Technology,Small,Pro,Monthly,103.62,1
CUST_009996,2024-02-06,2026-06-30,28,India,Technology,Mid-Market,Pro,Monthly,96.2,0
CUST_009997,2021-07-07,2026-06-30,59,United Kingdom,Finance,Enterprise,Enterprise,Annual,593.52,1
CUST_009998,2024-09-05,2026-06-30,21,United States,Retail,Small,Pro,Annual,102.2,1
CUST_009999,2023-08-20,2026-06-30,34,United States,Technology,Small,Basic,Annual,48.21,1
CUST_010000,2023-05-23,2026-06-30,37,India,Retail,Small,Basic,Monthly,48.53,0
